2026-05-15 06:28:11,060 [INFO] pipeline.enrich_runner: =================================================================
2026-05-15 06:28:11,060 [INFO] pipeline.enrich_runner: [EnrichPipeline] JOB STARTED  job_id=d85589d0-0895-437e-8214-fa98962ae40e
2026-05-15 06:28:11,060 [INFO] pipeline.enrich_runner: [EnrichPipeline] output_dir  = /app/output/d85589d0-0895-437e-8214-fa98962ae40e
2026-05-15 06:28:11,060 [INFO] pipeline.enrich_runner: [EnrichPipeline] user_id     = d85589d0-0895-437e-8214-fa98962ae40e
2026-05-15 06:28:11,060 [INFO] pipeline.enrich_runner: [EnrichPipeline] working_dir = /app/output/d85589d0-0895-437e-8214-fa98962ae40e
2026-05-15 06:28:11,061 [INFO] pipeline.enrich_runner: [EnrichPipeline] prodname    = (not provided)
2026-05-15 06:28:11,061 [INFO] pipeline.enrich_runner: =================================================================
2026-05-15 06:28:11,140 [INFO] pipeline.enrich_runner: [EnrichPipeline] Raw backup created at: /app/output/.tmp_backup_d85589d0-0895-437e-8214-fa98962ae40e
2026-05-15 06:28:11,149 [INFO] pipeline.enrich_runner: [EnrichPipeline] Discovered 193 .dita files, 16 .ditamap files
2026-05-15 06:28:11,169 [INFO] pipeline.enrich_runner: [EnrichPipeline] Parsed 193 DITA files
2026-05-15 06:28:11,169 [INFO] pipeline.enrich_runner: [EnrichPipeline] ══ BEFORE ENRICHMENT ══════════════════════════════
2026-05-15 06:28:11,169 [INFO] pipeline.enrich_runner: [EnrichPipeline] Total DITA files: 193
2026-05-15 06:28:11,169 [INFO] pipeline.enrich_runner: [EnrichPipeline] [BEFORE] after_starting_the_engine/after_starting_the_engine.dita type=task       shortdesc=NO  prolog=NO 
2026-05-15 06:28:11,169 [INFO] pipeline.enrich_runner: [EnrichPipeline] [BEFORE] after_starting_the_engine/def_ad_blue_level_inducement_for_europe.dita type=reference  shortdesc=NO  prolog=NO 
2026-05-15 06:28:11,169 [INFO] pipeline.enrich_runner: [EnrichPipeline] [BEFORE] after_starting_the_engine/def_ad_blue_level_inducement_for_usa.dita type=reference  shortdesc=NO  prolog=NO 
2026-05-15 06:28:11,169 [INFO] pipeline.enrich_runner: [EnrichPipeline] [BEFORE] after_starting_the_engine/def_ad_blue_level_inducement_for_usa_europe.dita type=concept    shortdesc=NO  prolog=NO 
2026-05-15 06:28:11,169 [INFO] pipeline.enrich_runner: [EnrichPipeline] [BEFORE] after_starting_the_engine/def_ad_blue_quality_failure_for_europe.dita type=reference  shortdesc=NO  prolog=NO 
2026-05-15 06:28:11,170 [INFO] pipeline.enrich_runner: [EnrichPipeline] [BEFORE] after_starting_the_engine/def_ad_blue_quality_failure_for_usa.dita type=reference  shortdesc=NO  prolog=NO 
2026-05-15 06:28:11,170 [INFO] pipeline.enrich_runner: [EnrichPipeline] [BEFORE] after_starting_the_engine/def_ad_blue_quality_failure_for_usa_europe.dita type=concept    shortdesc=NO  prolog=NO 
2026-05-15 06:28:11,170 [INFO] pipeline.enrich_runner: [EnrichPipeline] [BEFORE] after_starting_the_engine/detecting_control_failure.dita type=reference  shortdesc=NO  prolog=NO 
2026-05-15 06:28:11,170 [INFO] pipeline.enrich_runner: [EnrichPipeline] [BEFORE] after_starting_the_engine/diesel_engine.dita       type=concept    shortdesc=NO  prolog=NO 
2026-05-15 06:28:11,170 [INFO] pipeline.enrich_runner: [EnrichPipeline] [BEFORE] after_starting_the_engine/display_of_detecting_control_failure.dita type=reference  shortdesc=NO  prolog=NO 
2026-05-15 06:28:11,170 [INFO] pipeline.enrich_runner: [EnrichPipeline] [BEFORE] after_starting_the_engine/engine_and_after_treatment_system.dita type=concept    shortdesc=NO  prolog=NO 
2026-05-15 06:28:11,170 [INFO] pipeline.enrich_runner: [EnrichPipeline] [BEFORE] after_starting_the_engine/impeded_egr_for_europe.dita type=reference  shortdesc=NO  prolog=NO 
2026-05-15 06:28:11,170 [INFO] pipeline.enrich_runner: [EnrichPipeline] [BEFORE] after_starting_the_engine/impeded_egr_interruption_of_dosing_for_europe_only.dita type=concept    shortdesc=NO  prolog=NO 
2026-05-15 06:28:11,170 [INFO] pipeline.enrich_runner: [EnrichPipeline] [BEFORE] after_starting_the_engine/interruption_of_dosing_for_europe.dita type=reference  shortdesc=NO  prolog=NO 
2026-05-15 06:28:11,170 [INFO] pipeline.enrich_runner: [EnrichPipeline] [BEFORE] after_starting_the_engine/introduction.dita        type=concept    shortdesc=NO  prolog=NO 
2026-05-15 06:28:11,170 [INFO] pipeline.enrich_runner: [EnrichPipeline] [BEFORE] after_starting_the_engine/scr_system_tampering_for_europe.dita type=reference  shortdesc=NO  prolog=NO 
2026-05-15 06:28:11,170 [INFO] pipeline.enrich_runner: [EnrichPipeline] [BEFORE] after_starting_the_engine/scr_system_tampering_for_usa.dita type=reference  shortdesc=NO  prolog=NO 
2026-05-15 06:28:11,170 [INFO] pipeline.enrich_runner: [EnrichPipeline] [BEFORE] after_starting_the_engine/scr_system_tampering_for_usa_europe.dita type=concept    shortdesc=NO  prolog=NO 
2026-05-15 06:28:11,171 [INFO] pipeline.enrich_runner: [EnrichPipeline] [BEFORE] before_starting_the_engine/before_starting_the_engine.dita type=concept    shortdesc=NO  prolog=NO 
2026-05-15 06:28:11,171 [INFO] pipeline.enrich_runner: [EnrichPipeline] [BEFORE] before_starting_the_engine/walk_around_inspection.dita type=task       shortdesc=NO  prolog=NO 
2026-05-15 06:28:11,171 [INFO] pipeline.enrich_runner: [EnrichPipeline] [BEFORE] capacity_chart/capacity_chart.dita                 type=reference  shortdesc=NO  prolog=NO 
2026-05-15 06:28:11,171 [INFO] pipeline.enrich_runner: [EnrichPipeline] [BEFORE] important_safety_information/important_safety_information.dita type=concept    shortdesc=NO  prolog=NO 
2026-05-15 06:28:11,171 [INFO] pipeline.enrich_runner: [EnrichPipeline] [BEFORE] lift_truck_controls/cabin_tilting.dita             type=concept    shortdesc=NO  prolog=NO 
2026-05-15 06:28:11,171 [INFO] pipeline.enrich_runner: [EnrichPipeline] [BEFORE] lift_truck_controls/def_ad_blue_replenishment.dita type=task       shortdesc=NO  prolog=NO 
2026-05-15 06:28:11,171 [INFO] pipeline.enrich_runner: [EnrichPipeline] [BEFORE] lift_truck_controls/direction_control_lever.dita   type=topic      shortdesc=NO  prolog=NO 
2026-05-15 06:28:11,171 [INFO] pipeline.enrich_runner: [EnrichPipeline] [BEFORE] lift_truck_controls/forward_reverse_lever.dita     type=concept    shortdesc=NO  prolog=NO 
2026-05-15 06:28:11,171 [INFO] pipeline.enrich_runner: [EnrichPipeline] [BEFORE] lift_truck_controls/how_to_fill_the_hydraulic_oil.dita type=task       shortdesc=NO  prolog=NO 
2026-05-15 06:28:11,171 [INFO] pipeline.enrich_runner: [EnrichPipeline] [BEFORE] lift_truck_controls/how_to_operate_the_power_pack_for_manual_tilting.dita type=task       shortdesc=NO  prolog=NO 
2026-05-15 06:28:11,171 [INFO] pipeline.enrich_runner: [EnrichPipeline] [BEFORE] lift_truck_controls/lift_truck_controls.dita       type=concept    shortdesc=NO  prolog=NO 
2026-05-15 06:28:11,171 [INFO] pipeline.enrich_runner: [EnrichPipeline] [BEFORE] lift_truck_controls/location_of_power_pack.dita    type=topic      shortdesc=NO  prolog=NO 
2026-05-15 06:28:11,171 [INFO] pipeline.enrich_runner: [EnrichPipeline] [BEFORE] lift_truck_controls/neutral_lever_lock.dita        type=concept    shortdesc=NO  prolog=NO 
2026-05-15 06:28:11,171 [INFO] pipeline.enrich_runner: [EnrichPipeline] [BEFORE] lift_truck_controls/refueling.dita                 type=task       shortdesc=NO  prolog=NO 
2026-05-15 06:28:11,172 [INFO] pipeline.enrich_runner: [EnrichPipeline] [BEFORE] lift_truck_controls/scr_cleaning_desox_switch.dita type=task       shortdesc=NO  prolog=NO 
2026-05-15 06:28:11,172 [INFO] pipeline.enrich_runner: [EnrichPipeline] [BEFORE] lift_truck_controls/speed_selection.dita           type=concept    shortdesc=NO  prolog=NO 
2026-05-15 06:28:11,172 [INFO] pipeline.enrich_runner: [EnrichPipeline] [BEFORE] lift_truck_controls/transmission_display.dita      type=task       shortdesc=NO  prolog=NO 
2026-05-15 06:28:11,172 [INFO] pipeline.enrich_runner: [EnrichPipeline] [BEFORE] lift_truck_operation/inching.dita                  type=task       shortdesc=NO  prolog=NO 
2026-05-15 06:28:11,172 [INFO] pipeline.enrich_runner: [EnrichPipeline] [BEFORE] lift_truck_operation/lift_truck_operation.dita     type=concept    shortdesc=NO  prolog=NO 
2026-05-15 06:28:11,172 [INFO] pipeline.enrich_runner: [EnrichPipeline] [BEFORE] lift_truck_operation/moving_and_stopping_the_lift_truck.dita type=task       shortdesc=NO  prolog=NO 
2026-05-15 06:28:11,172 [INFO] pipeline.enrich_runner: [EnrichPipeline] [BEFORE] lift_truck_operation/steering_knob_if_equipped.dita type=topic      shortdesc=NO  prolog=NO 
2026-05-15 06:28:11,172 [INFO] pipeline.enrich_runner: [EnrichPipeline] [BEFORE] noise_and_vibration/noise.dita                     type=reference  shortdesc=NO  prolog=NO 
2026-05-15 06:28:11,172 [INFO] pipeline.enrich_runner: [EnrichPipeline] [BEFORE] noise_and_vibration/noise_and_vibration.dita       type=concept    shortdesc=NO  prolog=NO 
2026-05-15 06:28:11,172 [INFO] pipeline.enrich_runner: [EnrichPipeline] [BEFORE] noise_and_vibration/vibration_weighted_overall_value.dita type=reference  shortdesc=NO  prolog=NO 
2026-05-15 06:28:11,172 [INFO] pipeline.enrich_runner: [EnrichPipeline] [BEFORE] operating_techniques/inching_into_loads.dita       type=task       shortdesc=NO  prolog=NO 
2026-05-15 06:28:11,172 [INFO] pipeline.enrich_runner: [EnrichPipeline] [BEFORE] operating_techniques/lifting_drums_or_round_objects.dita type=task       shortdesc=NO  prolog=NO 
2026-05-15 06:28:11,172 [INFO] pipeline.enrich_runner: [EnrichPipeline] [BEFORE] operating_techniques/lifting_the_load.dita         type=task       shortdesc=NO  prolog=NO 
2026-05-15 06:28:11,173 [INFO] pipeline.enrich_runner: [EnrichPipeline] [BEFORE] operating_techniques/load_lateral_centre_of_gravity.dita type=concept    shortdesc=NO  prolog=NO 
2026-05-15 06:28:11,173 [INFO] pipeline.enrich_runner: [EnrichPipeline] [BEFORE] operating_techniques/load_shift.dita               type=concept    shortdesc=NO  prolog=NO 
2026-05-15 06:28:11,173 [INFO] pipeline.enrich_runner: [EnrichPipeline] [BEFORE] operating_techniques/load_stability.dita           type=concept    shortdesc=NO  prolog=NO 
2026-05-15 06:28:11,173 [INFO] pipeline.enrich_runner: [EnrichPipeline] [BEFORE] operating_techniques/load_swing.dita               type=concept    shortdesc=NO  prolog=NO 
2026-05-15 06:28:11,173 [INFO] pipeline.enrich_runner: [EnrichPipeline] [BEFORE] operating_techniques/operating_in_hot_weather.dita type=task       shortdesc=NO  prolog=NO 
2026-05-15 06:28:11,173 [INFO] pipeline.enrich_runner: [EnrichPipeline] [BEFORE] operating_techniques/operating_techniques.dita     type=concept    shortdesc=NO  prolog=NO 
2026-05-15 06:28:11,173 [INFO] pipeline.enrich_runner: [EnrichPipeline] [BEFORE] operating_techniques/safety_instructions_for_attachments_when_transporting_suspended_load.dita type=task       shortdesc=NO  prolog=NO 
2026-05-15 06:28:11,173 [INFO] pipeline.enrich_runner: [EnrichPipeline] [BEFORE] operating_techniques/safety_instructions_for_attachments_when_transporting_wide_loads.dita type=task       shortdesc=NO  prolog=NO 
2026-05-15 06:28:11,173 [INFO] pipeline.enrich_runner: [EnrichPipeline] [BEFORE] operating_techniques/traveling_with_the_load.dita  type=task       shortdesc=NO  prolog=NO 
2026-05-15 06:28:11,173 [INFO] pipeline.enrich_runner: [EnrichPipeline] [BEFORE] operating_techniques/turning.dita                  type=task       shortdesc=NO  prolog=NO 
2026-05-15 06:28:11,173 [INFO] pipeline.enrich_runner: [EnrichPipeline] [BEFORE] operating_techniques/unloading.dita                type=task       shortdesc=NO  prolog=NO 
2026-05-15 06:28:11,173 [INFO] pipeline.enrich_runner: [EnrichPipeline] [BEFORE] operating_techniques/visibility.dita               type=concept    shortdesc=NO  prolog=NO 
2026-05-15 06:28:11,173 [INFO] pipeline.enrich_runner: [EnrichPipeline] [BEFORE] operator_s_station_and_monitoring_systems/12v_socket.dita type=concept    shortdesc=NO  prolog=NO 
2026-05-15 06:28:11,174 [INFO] pipeline.enrich_runner: [EnrichPipeline] [BEFORE] operator_s_station_and_monitoring_systems/1_the_right_side_dash_board_cabin.dita type=topic      shortdesc=NO  prolog=NO 
2026-05-15 06:28:11,174 [INFO] pipeline.enrich_runner: [EnrichPipeline] [BEFORE] operator_s_station_and_monitoring_systems/2_the_left_side_dash_board_cabin.dita type=reference  shortdesc=NO  prolog=NO 
2026-05-15 06:28:11,174 [INFO] pipeline.enrich_runner: [EnrichPipeline] [BEFORE] operator_s_station_and_monitoring_systems/3_the_operator_switches.dita type=task       shortdesc=NO  prolog=NO 
2026-05-15 06:28:11,174 [INFO] pipeline.enrich_runner: [EnrichPipeline] [BEFORE] operator_s_station_and_monitoring_systems/4_the_left_side_dash_board_ovhd_guard.dita type=task       shortdesc=NO  prolog=NO 
2026-05-15 06:28:11,174 [INFO] pipeline.enrich_runner: [EnrichPipeline] [BEFORE] operator_s_station_and_monitoring_systems/5_pedal_configuration.dita type=reference  shortdesc=NO  prolog=NO 
2026-05-15 06:28:11,174 [INFO] pipeline.enrich_runner: [EnrichPipeline] [BEFORE] operator_s_station_and_monitoring_systems/6_steering_wheel.dita type=reference  shortdesc=NO  prolog=NO 
2026-05-15 06:28:11,174 [INFO] pipeline.enrich_runner: [EnrichPipeline] [BEFORE] operator_s_station_and_monitoring_systems/a_description_of_the_buttons_basic_operation.dita type=task       shortdesc=NO  prolog=NO 
2026-05-15 06:28:11,174 [INFO] pipeline.enrich_runner: [EnrichPipeline] [BEFORE] operator_s_station_and_monitoring_systems/a_front_display_basic_operation_menu.dita type=task       shortdesc=NO  prolog=NO 
2026-05-15 06:28:11,174 [INFO] pipeline.enrich_runner: [EnrichPipeline] [BEFORE] operator_s_station_and_monitoring_systems/a_instrument_panel.dita type=task       shortdesc=NO  prolog=NO 
2026-05-15 06:28:11,174 [INFO] pipeline.enrich_runner: [EnrichPipeline] [BEFORE] operator_s_station_and_monitoring_systems/about_mp3_wma.dita type=concept    shortdesc=NO  prolog=NO 
2026-05-15 06:28:11,174 [INFO] pipeline.enrich_runner: [EnrichPipeline] [BEFORE] operator_s_station_and_monitoring_systems/adjusting_volume_directly.dita type=task       shortdesc=NO  prolog=NO 
2026-05-15 06:28:11,174 [INFO] pipeline.enrich_runner: [EnrichPipeline] [BEFORE] operator_s_station_and_monitoring_systems/air_conditioner_controller.dita type=reference  shortdesc=NO  prolog=NO 
2026-05-15 06:28:11,174 [INFO] pipeline.enrich_runner: [EnrichPipeline] [BEFORE] operator_s_station_and_monitoring_systems/audio_system_am_fm_tuner_with_usb_aux_player.dita type=concept    shortdesc=NO  prolog=NO 
2026-05-15 06:28:11,175 [INFO] pipeline.enrich_runner: [EnrichPipeline] [BEFORE] operator_s_station_and_monitoring_systems/auto_manual_change_switch.dita type=concept    shortdesc=NO  prolog=NO 
2026-05-15 06:28:11,175 [INFO] pipeline.enrich_runner: [EnrichPipeline] [BEFORE] operator_s_station_and_monitoring_systems/aux_player.dita type=concept    shortdesc=NO  prolog=NO 
2026-05-15 06:28:11,175 [INFO] pipeline.enrich_runner: [EnrichPipeline] [BEFORE] operator_s_station_and_monitoring_systems/auxiliary_operation_lever_option.dita type=concept    shortdesc=NO  prolog=NO 
2026-05-15 06:28:11,175 [INFO] pipeline.enrich_runner: [EnrichPipeline] [BEFORE] operator_s_station_and_monitoring_systems/b_operation_method.dita type=task       shortdesc=NO  prolog=NO 
2026-05-15 06:28:11,175 [INFO] pipeline.enrich_runner: [EnrichPipeline] [BEFORE] operator_s_station_and_monitoring_systems/b_operation_method_display_menu.dita type=topic      shortdesc=NO  prolog=NO 
2026-05-15 06:28:11,175 [INFO] pipeline.enrich_runner: [EnrichPipeline] [BEFORE] operator_s_station_and_monitoring_systems/b_speed_meter.dita type=topic      shortdesc=NO  prolog=NO 
2026-05-15 06:28:11,175 [INFO] pipeline.enrich_runner: [EnrichPipeline] [BEFORE] operator_s_station_and_monitoring_systems/before_mp3_wma_usb_playback.dita type=concept    shortdesc=NO  prolog=NO 
2026-05-15 06:28:11,175 [INFO] pipeline.enrich_runner: [EnrichPipeline] [BEFORE] operator_s_station_and_monitoring_systems/c_engine_ignition_start_switch.dita type=task       shortdesc=NO  prolog=NO 
2026-05-15 06:28:11,175 [INFO] pipeline.enrich_runner: [EnrichPipeline] [BEFORE] operator_s_station_and_monitoring_systems/c_operation_method_setup_menu.dita type=task       shortdesc=NO  prolog=NO 
2026-05-15 06:28:11,175 [INFO] pipeline.enrich_runner: [EnrichPipeline] [BEFORE] operator_s_station_and_monitoring_systems/calling_via_handsfree_lf_equipped.dita type=task       shortdesc=NO  prolog=NO 
2026-05-15 06:28:11,175 [INFO] pipeline.enrich_runner: [EnrichPipeline] [BEFORE] operator_s_station_and_monitoring_systems/change_the_playback_mode.dita type=task       shortdesc=NO  prolog=NO 
2026-05-15 06:28:11,175 [INFO] pipeline.enrich_runner: [EnrichPipeline] [BEFORE] operator_s_station_and_monitoring_systems/cigar_jack.dita type=concept    shortdesc=NO  prolog=NO 
2026-05-15 06:28:11,176 [INFO] pipeline.enrich_runner: [EnrichPipeline] [BEFORE] operator_s_station_and_monitoring_systems/controlling_the_playback.dita type=task       shortdesc=NO  prolog=NO 
2026-05-15 06:28:11,176 [INFO] pipeline.enrich_runner: [EnrichPipeline] [BEFORE] operator_s_station_and_monitoring_systems/d_console_tilt_angle_control_lever.dita type=topic      shortdesc=NO  prolog=NO 
2026-05-15 06:28:11,176 [INFO] pipeline.enrich_runner: [EnrichPipeline] [BEFORE] operator_s_station_and_monitoring_systems/display_window.dita type=task       shortdesc=NO  prolog=NO 
2026-05-15 06:28:11,176 [INFO] pipeline.enrich_runner: [EnrichPipeline] [BEFORE] operator_s_station_and_monitoring_systems/e_console_up_down_control_lever_if_installed.dita type=task       shortdesc=NO  prolog=NO 
2026-05-15 06:28:11,176 [INFO] pipeline.enrich_runner: [EnrichPipeline] [BEFORE] operator_s_station_and_monitoring_systems/economic_fuel_saving_switch.dita type=topic      shortdesc=NO  prolog=NO 
2026-05-15 06:28:11,176 [INFO] pipeline.enrich_runner: [EnrichPipeline] [BEFORE] operator_s_station_and_monitoring_systems/emergency_lamp_switch.dita type=concept    shortdesc=NO  prolog=NO 
2026-05-15 06:28:11,176 [INFO] pipeline.enrich_runner: [EnrichPipeline] [BEFORE] operator_s_station_and_monitoring_systems/engine_diagnostic_switch.dita type=concept    shortdesc=NO  prolog=NO 
2026-05-15 06:28:11,176 [INFO] pipeline.enrich_runner: [EnrichPipeline] [BEFORE] operator_s_station_and_monitoring_systems/engine_stop_switch.dita type=task       shortdesc=NO  prolog=NO 
2026-05-15 06:28:11,176 [INFO] pipeline.enrich_runner: [EnrichPipeline] [BEFORE] operator_s_station_and_monitoring_systems/getting_started.dita type=concept    shortdesc=NO  prolog=NO 
2026-05-15 06:28:11,176 [INFO] pipeline.enrich_runner: [EnrichPipeline] [BEFORE] operator_s_station_and_monitoring_systems/handling_precautions_for_usb_device.dita type=concept    shortdesc=NO  prolog=NO 
2026-05-15 06:28:11,176 [INFO] pipeline.enrich_runner: [EnrichPipeline] [BEFORE] operator_s_station_and_monitoring_systems/heater_flow_control_valve.dita type=topic      shortdesc=NO  prolog=NO 
2026-05-15 06:28:11,176 [INFO] pipeline.enrich_runner: [EnrichPipeline] [BEFORE] operator_s_station_and_monitoring_systems/idle_select_switch.dita type=task       shortdesc=NO  prolog=NO 
2026-05-15 06:28:11,176 [INFO] pipeline.enrich_runner: [EnrichPipeline] [BEFORE] operator_s_station_and_monitoring_systems/left_fork_operation_lever.dita type=concept    shortdesc=NO  prolog=NO 
2026-05-15 06:28:11,176 [INFO] pipeline.enrich_runner: [EnrichPipeline] [BEFORE] operator_s_station_and_monitoring_systems/lift_lever.dita type=concept    shortdesc=NO  prolog=NO 
2026-05-15 06:28:11,176 [INFO] pipeline.enrich_runner: [EnrichPipeline] [BEFORE] operator_s_station_and_monitoring_systems/listening_to_a_preset_station.dita type=task       shortdesc=NO  prolog=NO 
2026-05-15 06:28:11,177 [INFO] pipeline.enrich_runner: [EnrichPipeline] [BEFORE] operator_s_station_and_monitoring_systems/listening_to_auxiliary_audio_equipment.dita type=task       shortdesc=NO  prolog=NO 
2026-05-15 06:28:11,177 [INFO] pipeline.enrich_runner: [EnrichPipeline] [BEFORE] operator_s_station_and_monitoring_systems/listening_to_dmb_sound_lf_equipped.dita type=task       shortdesc=NO  prolog=NO 
2026-05-15 06:28:11,177 [INFO] pipeline.enrich_runner: [EnrichPipeline] [BEFORE] operator_s_station_and_monitoring_systems/location_of_controls.dita type=task       shortdesc=NO  prolog=NO 
2026-05-15 06:28:11,177 [INFO] pipeline.enrich_runner: [EnrichPipeline] [BEFORE] operator_s_station_and_monitoring_systems/operator_s_station_and_monitoring_systems.dita type=topic      shortdesc=NO  prolog=NO 
2026-05-15 06:28:11,177 [INFO] pipeline.enrich_runner: [EnrichPipeline] [BEFORE] operator_s_station_and_monitoring_systems/parking_brake_switch.dita type=task       shortdesc=NO  prolog=NO 
2026-05-15 06:28:11,177 [INFO] pipeline.enrich_runner: [EnrichPipeline] [BEFORE] operator_s_station_and_monitoring_systems/playing_a_usb_device.dita type=task       shortdesc=NO  prolog=NO 
2026-05-15 06:28:11,177 [INFO] pipeline.enrich_runner: [EnrichPipeline] [BEFORE] operator_s_station_and_monitoring_systems/radio.dita type=concept    shortdesc=NO  prolog=NO 
2026-05-15 06:28:11,177 [INFO] pipeline.enrich_runner: [EnrichPipeline] [BEFORE] operator_s_station_and_monitoring_systems/radio_2.dita type=concept    shortdesc=NO  prolog=NO 
2026-05-15 06:28:11,177 [INFO] pipeline.enrich_runner: [EnrichPipeline] [BEFORE] operator_s_station_and_monitoring_systems/rear_camera_only_rear_view_option.dita type=concept    shortdesc=NO  prolog=NO 
2026-05-15 06:28:11,177 [INFO] pipeline.enrich_runner: [EnrichPipeline] [BEFORE] operator_s_station_and_monitoring_systems/rear_camera_rear_view_with_steer_angle_option.dita type=concept    shortdesc=NO  prolog=NO 
2026-05-15 06:28:11,177 [INFO] pipeline.enrich_runner: [EnrichPipeline] [BEFORE] operator_s_station_and_monitoring_systems/rear_view_connectors.dita type=task       shortdesc=NO  prolog=NO 
2026-05-15 06:28:11,177 [INFO] pipeline.enrich_runner: [EnrichPipeline] [BEFORE] operator_s_station_and_monitoring_systems/right_fork_operation_lever.dita type=concept    shortdesc=NO  prolog=NO 
2026-05-15 06:28:11,177 [INFO] pipeline.enrich_runner: [EnrichPipeline] [BEFORE] operator_s_station_and_monitoring_systems/saving_radio_stations_automatically.dita type=task       shortdesc=NO  prolog=NO 
2026-05-15 06:28:11,178 [INFO] pipeline.enrich_runner: [EnrichPipeline] [BEFORE] operator_s_station_and_monitoring_systems/saving_radio_stations_manually.dita type=task       shortdesc=NO  prolog=NO 
2026-05-15 06:28:11,178 [INFO] pipeline.enrich_runner: [EnrichPipeline] [BEFORE] operator_s_station_and_monitoring_systems/seat_heater_switch_if_equipped.dita type=concept    shortdesc=NO  prolog=NO 
2026-05-15 06:28:11,178 [INFO] pipeline.enrich_runner: [EnrichPipeline] [BEFORE] operator_s_station_and_monitoring_systems/setting_the_region_of_radio_reception.dita type=task       shortdesc=NO  prolog=NO 
2026-05-15 06:28:11,178 [INFO] pipeline.enrich_runner: [EnrichPipeline] [BEFORE] operator_s_station_and_monitoring_systems/tilt_lever.dita type=concept    shortdesc=NO  prolog=NO 
2026-05-15 06:28:11,178 [INFO] pipeline.enrich_runner: [EnrichPipeline] [BEFORE] operator_s_station_and_monitoring_systems/tuning_in_a_station.dita type=task       shortdesc=NO  prolog=NO 
2026-05-15 06:28:11,178 [INFO] pipeline.enrich_runner: [EnrichPipeline] [BEFORE] operator_s_station_and_monitoring_systems/turning_the_unit_on_off.dita type=task       shortdesc=NO  prolog=NO 
2026-05-15 06:28:11,178 [INFO] pipeline.enrich_runner: [EnrichPipeline] [BEFORE] operator_s_station_and_monitoring_systems/upper_rear_wipers_and_washer_switch.dita type=concept    shortdesc=NO  prolog=NO 
2026-05-15 06:28:11,178 [INFO] pipeline.enrich_runner: [EnrichPipeline] [BEFORE] operator_s_station_and_monitoring_systems/usb_player.dita type=concept    shortdesc=NO  prolog=NO 
2026-05-15 06:28:11,178 [INFO] pipeline.enrich_runner: [EnrichPipeline] [BEFORE] operator_s_station_and_monitoring_systems/weight_scale_mode_option_hydraulic_type.dita type=concept    shortdesc=NO  prolog=NO 
2026-05-15 06:28:11,178 [INFO] pipeline.enrich_runner: [EnrichPipeline] [BEFORE] operator_s_station_and_monitoring_systems/wired_remote_controller.dita type=task       shortdesc=NO  prolog=NO 
2026-05-15 06:28:11,178 [INFO] pipeline.enrich_runner: [EnrichPipeline] [BEFORE] operator_s_warning_and_identification_plate/attachment_abbreviations_includes_special_forks.dita type=concept    shortdesc=NO  prolog=NO 
2026-05-15 06:28:11,178 [INFO] pipeline.enrich_runner: [EnrichPipeline] [BEFORE] operator_s_warning_and_identification_plate/identification_lift_capacity_and_attachment_plate.dita type=topic      shortdesc=NO  prolog=NO 
2026-05-15 06:28:11,178 [INFO] pipeline.enrich_runner: [EnrichPipeline] [BEFORE] operator_s_warning_and_identification_plate/lift_truck_capacity_rating.dita type=concept    shortdesc=NO  prolog=NO 
2026-05-15 06:28:11,179 [INFO] pipeline.enrich_runner: [EnrichPipeline] [BEFORE] operator_s_warning_and_identification_plate/mast_abbreviations.dita type=concept    shortdesc=NO  prolog=NO 
2026-05-15 06:28:11,179 [INFO] pipeline.enrich_runner: [EnrichPipeline] [BEFORE] operator_s_warning_and_identification_plate/operator_s_warning_and_identification_plate.dita type=concept    shortdesc=NO  prolog=NO 
2026-05-15 06:28:11,179 [INFO] pipeline.enrich_runner: [EnrichPipeline] [BEFORE] operator_s_warning_and_identification_plate/operator_s_warning_plate.dita type=topic      shortdesc=NO  prolog=NO 
2026-05-15 06:28:11,179 [INFO] pipeline.enrich_runner: [EnrichPipeline] [BEFORE] safety/avoiding_lift_truck_tipover.dita            type=concept    shortdesc=NO  prolog=NO 
2026-05-15 06:28:11,179 [INFO] pipeline.enrich_runner: [EnrichPipeline] [BEFORE] safety/batteries.dita                              type=concept    shortdesc=NO  prolog=NO 
2026-05-15 06:28:11,179 [INFO] pipeline.enrich_runner: [EnrichPipeline] [BEFORE] safety/before_operating_the_lift_truck.dita        type=concept    shortdesc=NO  prolog=NO 
2026-05-15 06:28:11,179 [INFO] pipeline.enrich_runner: [EnrichPipeline] [BEFORE] safety/before_starting_the_lift_truck.dita         type=concept    shortdesc=NO  prolog=NO 
2026-05-15 06:28:11,179 [INFO] pipeline.enrich_runner: [EnrichPipeline] [BEFORE] safety/burn_prevention.dita                        type=concept    shortdesc=NO  prolog=NO 
2026-05-15 06:28:11,179 [INFO] pipeline.enrich_runner: [EnrichPipeline] [BEFORE] safety/capacity_load_weight_and_load_centre.dita   type=task       shortdesc=NO  prolog=NO 
2026-05-15 06:28:11,179 [INFO] pipeline.enrich_runner: [EnrichPipeline] [BEFORE] safety/centre_of_gravity_cg.dita                   type=topic      shortdesc=NO  prolog=NO 
2026-05-15 06:28:11,179 [INFO] pipeline.enrich_runner: [EnrichPipeline] [BEFORE] safety/coolant.dita                                type=concept    shortdesc=NO  prolog=NO 
2026-05-15 06:28:11,179 [INFO] pipeline.enrich_runner: [EnrichPipeline] [BEFORE] safety/crushing_or_cutting_prevention.dita         type=concept    shortdesc=NO  prolog=NO 
2026-05-15 06:28:11,179 [INFO] pipeline.enrich_runner: [EnrichPipeline] [BEFORE] safety/emergency_lowering_guide.dita               type=task       shortdesc=NO  prolog=NO 
2026-05-15 06:28:11,179 [INFO] pipeline.enrich_runner: [EnrichPipeline] [BEFORE] safety/falling_objects_protective_structure_fops.dita type=concept    shortdesc=NO  prolog=NO 
2026-05-15 06:28:11,179 [INFO] pipeline.enrich_runner: [EnrichPipeline] [BEFORE] safety/fasten_the_seat_belt.dita                   type=task       shortdesc=NO  prolog=NO 
2026-05-15 06:28:11,179 [INFO] pipeline.enrich_runner: [EnrichPipeline] [BEFORE] safety/fire_extinguisher.dita                      type=concept    shortdesc=NO  prolog=NO 
2026-05-15 06:28:11,179 [INFO] pipeline.enrich_runner: [EnrichPipeline] [BEFORE] safety/fire_or_explosion_prevention.dita           type=concept    shortdesc=NO  prolog=NO 
2026-05-15 06:28:11,179 [INFO] pipeline.enrich_runner: [EnrichPipeline] [BEFORE] safety/fluid_penetration.dita                      type=concept    shortdesc=NO  prolog=NO 
2026-05-15 06:28:11,179 [INFO] pipeline.enrich_runner: [EnrichPipeline] [BEFORE] safety/general_hazard_information.dita             type=concept    shortdesc=NO  prolog=NO 
2026-05-15 06:28:11,179 [INFO] pipeline.enrich_runner: [EnrichPipeline] [BEFORE] safety/general_warnings_to_operator.dita           type=task       shortdesc=NO  prolog=NO 
2026-05-15 06:28:11,180 [INFO] pipeline.enrich_runner: [EnrichPipeline] [BEFORE] safety/hand_placement_warning.dita                 type=topic      shortdesc=NO  prolog=NO 
2026-05-15 06:28:11,180 [INFO] pipeline.enrich_runner: [EnrichPipeline] [BEFORE] safety/how_to_survive_in_a_tipover.dita            type=task       shortdesc=NO  prolog=NO 
2026-05-15 06:28:11,180 [INFO] pipeline.enrich_runner: [EnrichPipeline] [BEFORE] safety/inspection.dita                             type=task       shortdesc=NO  prolog=NO 
2026-05-15 06:28:11,180 [INFO] pipeline.enrich_runner: [EnrichPipeline] [BEFORE] safety/lift_truck_parking.dita                     type=concept    shortdesc=NO  prolog=NO 
2026-05-15 06:28:11,180 [INFO] pipeline.enrich_runner: [EnrichPipeline] [BEFORE] safety/lift_truck_stability.dita                   type=topic      shortdesc=NO  prolog=NO 
2026-05-15 06:28:11,180 [INFO] pipeline.enrich_runner: [EnrichPipeline] [BEFORE] safety/lift_truck_stability_base.dita              type=topic      shortdesc=NO  prolog=NO 
2026-05-15 06:28:11,180 [INFO] pipeline.enrich_runner: [EnrichPipeline] [BEFORE] safety/lines_tubes_and_hoses.dita                  type=concept    shortdesc=NO  prolog=NO 
2026-05-15 06:28:11,180 [INFO] pipeline.enrich_runner: [EnrichPipeline] [BEFORE] safety/loading_or_unloading_trucks_trailers.dita   type=concept    shortdesc=NO  prolog=NO 
2026-05-15 06:28:11,180 [INFO] pipeline.enrich_runner: [EnrichPipeline] [BEFORE] safety/lpg.dita                                    type=concept    shortdesc=NO  prolog=NO 
2026-05-15 06:28:11,180 [INFO] pipeline.enrich_runner: [EnrichPipeline] [BEFORE] safety/maintenance_information.dita                type=concept    shortdesc=NO  prolog=NO 
2026-05-15 06:28:11,180 [INFO] pipeline.enrich_runner: [EnrichPipeline] [BEFORE] safety/mounting_and_dismounting.dita               type=concept    shortdesc=NO  prolog=NO 
2026-05-15 06:28:11,180 [INFO] pipeline.enrich_runner: [EnrichPipeline] [BEFORE] safety/moving_fan_warning.dita                     type=topic      shortdesc=NO  prolog=NO 
2026-05-15 06:28:11,180 [INFO] pipeline.enrich_runner: [EnrichPipeline] [BEFORE] safety/no_riders_warning.dita                      type=topic      shortdesc=NO  prolog=NO 
2026-05-15 06:28:11,181 [INFO] pipeline.enrich_runner: [EnrichPipeline] [BEFORE] safety/oils.dita                                   type=concept    shortdesc=NO  prolog=NO 
2026-05-15 06:28:11,181 [INFO] pipeline.enrich_runner: [EnrichPipeline] [BEFORE] safety/operating_the_lift_truck.dita               type=concept    shortdesc=NO  prolog=NO 
2026-05-15 06:28:11,181 [INFO] pipeline.enrich_runner: [EnrichPipeline] [BEFORE] safety/operation_information.dita                  type=concept    shortdesc=NO  prolog=NO 
2026-05-15 06:28:11,181 [INFO] pipeline.enrich_runner: [EnrichPipeline] [BEFORE] safety/operator_restraint_system.dita              type=concept    shortdesc=NO  prolog=NO 
2026-05-15 06:28:11,181 [INFO] pipeline.enrich_runner: [EnrichPipeline] [BEFORE] safety/pressure_warning.dita                       type=topic      shortdesc=NO  prolog=NO 
2026-05-15 06:28:11,181 [INFO] pipeline.enrich_runner: [EnrichPipeline] [BEFORE] safety/release_the_seat_belt.dita                  type=topic      shortdesc=NO  prolog=NO 
2026-05-15 06:28:11,181 [INFO] pipeline.enrich_runner: [EnrichPipeline] [BEFORE] safety/safety.dita                                 type=concept    shortdesc=NO  prolog=NO 
2026-05-15 06:28:11,181 [INFO] pipeline.enrich_runner: [EnrichPipeline] [BEFORE] safety/safety_rules.dita                           type=task       shortdesc=NO  prolog=NO 
2026-05-15 06:28:11,181 [INFO] pipeline.enrich_runner: [EnrichPipeline] [BEFORE] safety/seat_adjustment.dita                        type=topic      shortdesc=NO  prolog=NO 
2026-05-15 06:28:11,181 [INFO] pipeline.enrich_runner: [EnrichPipeline] [BEFORE] safety/seat_belt.dita                              type=concept    shortdesc=NO  prolog=NO 
2026-05-15 06:28:11,181 [INFO] pipeline.enrich_runner: [EnrichPipeline] [BEFORE] safety/stability_and_centre_of_gravity.dita        type=concept    shortdesc=NO  prolog=NO 
2026-05-15 06:28:11,181 [INFO] pipeline.enrich_runner: [EnrichPipeline] [BEFORE] safety/starting_the_lift_truck.dita                type=task       shortdesc=NO  prolog=NO 
2026-05-15 06:28:11,181 [INFO] pipeline.enrich_runner: [EnrichPipeline] [BEFORE] safety/tilting_cabin_operation_warning.dita        type=topic      shortdesc=NO  prolog=NO 
2026-05-15 06:28:11,182 [INFO] pipeline.enrich_runner: [EnrichPipeline] [BEFORE] safety/training_required_to_operate_or_service.dita type=concept    shortdesc=NO  prolog=NO 
2026-05-15 06:28:11,182 [INFO] pipeline.enrich_runner: [EnrichPipeline] [BEFORE] safety/tyre_information.dita                       type=task       shortdesc=NO  prolog=NO 
2026-05-15 06:28:11,182 [INFO] pipeline.enrich_runner: [EnrichPipeline] [BEFORE] safety/tyre_warning.dita                           type=task       shortdesc=NO  prolog=NO 
2026-05-15 06:28:11,182 [INFO] pipeline.enrich_runner: [EnrichPipeline] [BEFORE] safety/warning_signs_and_labels.dita               type=concept    shortdesc=NO  prolog=NO 
2026-05-15 06:28:11,182 [INFO] pipeline.enrich_runner: [EnrichPipeline] [BEFORE] safety/warning_signs_and_labels_2.dita             type=task       shortdesc=NO  prolog=NO 
2026-05-15 06:28:11,182 [INFO] pipeline.enrich_runner: [EnrichPipeline] [BEFORE] seat_switch_system/air_suspension_seat_option_grammer.dita type=task       shortdesc=NO  prolog=NO 
2026-05-15 06:28:11,182 [INFO] pipeline.enrich_runner: [EnrichPipeline] [BEFORE] seat_switch_system/circuit_breaker.dita            type=topic      shortdesc=NO  prolog=NO 
2026-05-15 06:28:11,182 [INFO] pipeline.enrich_runner: [EnrichPipeline] [BEFORE] seat_switch_system/fuse_box.dita                   type=topic      shortdesc=NO  prolog=NO 
2026-05-15 06:28:11,182 [INFO] pipeline.enrich_runner: [EnrichPipeline] [BEFORE] seat_switch_system/seat.dita                       type=concept    shortdesc=NO  prolog=NO 
2026-05-15 06:28:11,182 [INFO] pipeline.enrich_runner: [EnrichPipeline] [BEFORE] seat_switch_system/seat_adjustment_2.dita          type=topic      shortdesc=NO  prolog=NO 
2026-05-15 06:28:11,182 [INFO] pipeline.enrich_runner: [EnrichPipeline] [BEFORE] seat_switch_system/seat_switch_system.dita         type=task       shortdesc=NO  prolog=NO 
2026-05-15 06:28:11,182 [INFO] pipeline.enrich_runner: [EnrichPipeline] [BEFORE] seat_switch_system/steering_column_tilting_angle_adjustment.dita type=topic      shortdesc=NO  prolog=NO 
2026-05-15 06:28:11,182 [INFO] pipeline.enrich_runner: [EnrichPipeline] [BEFORE] seat_switch_system/tow_eye.dita                    type=task       shortdesc=NO  prolog=NO 
2026-05-15 06:28:11,183 [INFO] pipeline.enrich_runner: [EnrichPipeline] [BEFORE] serial_number/serial_number.dita                   type=concept    shortdesc=NO  prolog=NO 
2026-05-15 06:28:11,183 [INFO] pipeline.enrich_runner: [EnrichPipeline] [BEFORE] serial_number/serial_number_locations.dita         type=reference  shortdesc=NO  prolog=NO 
2026-05-15 06:28:11,183 [INFO] pipeline.enrich_runner: [EnrichPipeline] [BEFORE] specifications/specifications.dita                 type=reference  shortdesc=NO  prolog=NO 
2026-05-15 06:28:11,183 [INFO] pipeline.enrich_runner: [EnrichPipeline] [BEFORE] starting_the_engine/prestart_conditions.dita       type=task       shortdesc=NO  prolog=NO 
2026-05-15 06:28:11,183 [INFO] pipeline.enrich_runner: [EnrichPipeline] [BEFORE] starting_the_engine/starting_diesel_engine_at_cold.dita type=task       shortdesc=NO  prolog=NO 
2026-05-15 06:28:11,183 [INFO] pipeline.enrich_runner: [EnrichPipeline] [BEFORE] starting_the_engine/starting_diesel_engine_at_warm_mechanical_engine.dita type=task       shortdesc=NO  prolog=NO 
2026-05-15 06:28:11,183 [INFO] pipeline.enrich_runner: [EnrichPipeline] [BEFORE] starting_the_engine/starting_from_a_24_12_volt_external_source.dita type=task       shortdesc=NO  prolog=NO 
2026-05-15 06:28:11,183 [INFO] pipeline.enrich_runner: [EnrichPipeline] [BEFORE] starting_the_engine/starting_the_engine.dita       type=concept    shortdesc=NO  prolog=NO 
2026-05-15 06:28:11,183 [INFO] pipeline.enrich_runner: [EnrichPipeline] [BEFORE] starting_the_engine/starting_with_jumper_cables.dita type=concept    shortdesc=NO  prolog=NO 
2026-05-15 06:28:11,183 [INFO] pipeline.enrich_runner: [EnrichPipeline] [BEFORE] starting_the_engine/use_of_jumper_cables.dita      type=task       shortdesc=NO  prolog=NO 
2026-05-15 06:28:11,183 [INFO] pipeline.enrich_runner: [EnrichPipeline] ── Structure & Schema Validation (DITA-only) ──
2026-05-15 06:28:11,183 [INFO] utils.structure_validator: [StructureValidator] Checking .ditamap topicref and mapref references
2026-05-15 06:28:11,207 [INFO] utils.structure_validator: [StructureValidator] Checking for duplicate id attributes
2026-05-15 06:28:11,227 [INFO] utils.structure_validator: [StructureValidator] Checking <xref> href targets
2026-05-15 06:28:11,247 [INFO] utils.structure_validator: [StructureValidator] Checking for spaces in filenames and folder names
2026-05-15 06:28:11,251 [INFO] utils.structure_validator: [StructureValidator] Running per-file DITA schema validation
2026-05-15 06:28:11,251 [WARNING] utils.structure_validator: [StructureValidator] WARNING [empty_body]: 'lift_truck_operation/lift_truck_operation.dita' — <conbody> exists but has no child elements or text content
2026-05-15 06:28:11,251 [WARNING] utils.structure_validator: [StructureValidator] WARNING [missing_shortdesc]: 'lift_truck_operation/lift_truck_operation.dita' — <shortdesc> element is missing — required for search previews and navigation
2026-05-15 06:28:11,252 [WARNING] utils.structure_validator: [StructureValidator] WARNING [image_missing_alt]: 'lift_truck_operation/moving_and_stopping_the_lift_truck.dita' — <image> #1 (href='../media/image783.png') has no alt text — required for accessibility
2026-05-15 06:28:11,252 [WARNING] utils.structure_validator: [StructureValidator] WARNING [image_missing_alt]: 'lift_truck_operation/moving_and_stopping_the_lift_truck.dita' — <image> #2 (href='../media/image756(1).png') has no alt text — required for accessibility
2026-05-15 06:28:11,252 [WARNING] utils.structure_validator: [StructureValidator] WARNING [missing_shortdesc]: 'lift_truck_operation/moving_and_stopping_the_lift_truck.dita' — <shortdesc> element is missing — required for search previews and navigation
2026-05-15 06:28:11,253 [WARNING] utils.structure_validator: [StructureValidator] WARNING [image_missing_alt]: 'lift_truck_operation/steering_knob_if_equipped.dita' — <image> #1 (href='../media/image797.png') has no alt text — required for accessibility
2026-05-15 06:28:11,253 [WARNING] utils.structure_validator: [StructureValidator] WARNING [missing_shortdesc]: 'lift_truck_operation/steering_knob_if_equipped.dita' — <shortdesc> element is missing — required for search previews and navigation
2026-05-15 06:28:11,254 [WARNING] utils.structure_validator: [StructureValidator] WARNING [image_missing_alt]: 'lift_truck_operation/inching.dita' — <image> #1 (href='../media/image795.png') has no alt text — required for accessibility
2026-05-15 06:28:11,254 [WARNING] utils.structure_validator: [StructureValidator] WARNING [missing_shortdesc]: 'lift_truck_operation/inching.dita' — <shortdesc> element is missing — required for search previews and navigation
2026-05-15 06:28:11,255 [WARNING] utils.structure_validator: [StructureValidator] WARNING [image_missing_alt]: 'lift_truck_controls/refueling.dita' — <image> #1 (href='../media/image736.png') has no alt text — required for accessibility
2026-05-15 06:28:11,255 [WARNING] utils.structure_validator: [StructureValidator] WARNING [image_missing_alt]: 'lift_truck_controls/refueling.dita' — <image> #2 (href='../media/image738.png') has no alt text — required for accessibility
2026-05-15 06:28:11,256 [WARNING] utils.structure_validator: [StructureValidator] WARNING [missing_shortdesc]: 'lift_truck_controls/refueling.dita' — <shortdesc> element is missing — required for search previews and navigation
2026-05-15 06:28:11,256 [WARNING] utils.structure_validator: [StructureValidator] WARNING [image_missing_alt]: 'lift_truck_controls/transmission_display.dita' — <image> #1 (href='../media/image711.png') has no alt text — required for accessibility
2026-05-15 06:28:11,256 [WARNING] utils.structure_validator: [StructureValidator] WARNING [image_missing_alt]: 'lift_truck_controls/transmission_display.dita' — <image> #2 (href='../media/image712a.png') has no alt text — required for accessibility
2026-05-15 06:28:11,256 [WARNING] utils.structure_validator: [StructureValidator] WARNING [missing_shortdesc]: 'lift_truck_controls/transmission_display.dita' — <shortdesc> element is missing — required for search previews and navigation
2026-05-15 06:28:11,257 [WARNING] utils.structure_validator: [StructureValidator] WARNING [empty_body]: 'lift_truck_controls/cabin_tilting.dita' — <conbody> exists but has no child elements or text content
2026-05-15 06:28:11,257 [WARNING] utils.structure_validator: [StructureValidator] WARNING [missing_shortdesc]: 'lift_truck_controls/cabin_tilting.dita' — <shortdesc> element is missing — required for search previews and navigation
2026-05-15 06:28:11,257 [WARNING] utils.structure_validator: [StructureValidator] WARNING [empty_body]: 'lift_truck_controls/lift_truck_controls.dita' — <conbody> exists but has no child elements or text content
2026-05-15 06:28:11,257 [WARNING] utils.structure_validator: [StructureValidator] WARNING [missing_shortdesc]: 'lift_truck_controls/lift_truck_controls.dita' — <shortdesc> element is missing — required for search previews and navigation
2026-05-15 06:28:11,258 [WARNING] utils.structure_validator: [StructureValidator] WARNING [missing_shortdesc]: 'lift_truck_controls/neutral_lever_lock.dita' — <shortdesc> element is missing — required for search previews and navigation
2026-05-15 06:28:11,258 [WARNING] utils.structure_validator: [StructureValidator] WARNING [image_missing_alt]: 'lift_truck_controls/how_to_fill_the_hydraulic_oil.dita' — <image> #1 (href='../media/image724a.png') has no alt text — required for accessibility
2026-05-15 06:28:11,258 [WARNING] utils.structure_validator: [StructureValidator] WARNING [missing_shortdesc]: 'lift_truck_controls/how_to_fill_the_hydraulic_oil.dita' — <shortdesc> element is missing — required for search previews and navigation
2026-05-15 06:28:11,259 [WARNING] utils.structure_validator: [StructureValidator] WARNING [image_missing_alt]: 'lift_truck_controls/scr_cleaning_desox_switch.dita' — <image> #1 (href='../media/image713.png') has no alt text — required for accessibility
2026-05-15 06:28:11,259 [WARNING] utils.structure_validator: [StructureValidator] WARNING [image_missing_alt]: 'lift_truck_controls/scr_cleaning_desox_switch.dita' — <image> #2 (href='../media/image715.png') has no alt text — required for accessibility
2026-05-15 06:28:11,260 [WARNING] utils.structure_validator: [StructureValidator] WARNING [image_missing_alt]: 'lift_truck_controls/scr_cleaning_desox_switch.dita' — <image> #3 (href='../media/image725.png') has no alt text — required for accessibility
2026-05-15 06:28:11,260 [WARNING] utils.structure_validator: [StructureValidator] WARNING [image_missing_alt]: 'lift_truck_controls/scr_cleaning_desox_switch.dita' — <image> #4 (href='../media/image717.png') has no alt text — required for accessibility
2026-05-15 06:28:11,260 [WARNING] utils.structure_validator: [StructureValidator] WARNING [image_missing_alt]: 'lift_truck_controls/scr_cleaning_desox_switch.dita' — <image> #5 (href='../media/image718.png') has no alt text — required for accessibility
2026-05-15 06:28:11,260 [WARNING] utils.structure_validator: [StructureValidator] WARNING [image_missing_alt]: 'lift_truck_controls/scr_cleaning_desox_switch.dita' — <image> #6 (href='../media/image719.png') has no alt text — required for accessibility
2026-05-15 06:28:11,260 [WARNING] utils.structure_validator: [StructureValidator] WARNING [image_missing_alt]: 'lift_truck_controls/scr_cleaning_desox_switch.dita' — <image> #7 (href='../media/image720.png') has no alt text — required for accessibility
2026-05-15 06:28:11,260 [WARNING] utils.structure_validator: [StructureValidator] WARNING [missing_shortdesc]: 'lift_truck_controls/scr_cleaning_desox_switch.dita' — <shortdesc> element is missing — required for search previews and navigation
2026-05-15 06:28:11,260 [WARNING] utils.structure_validator: [StructureValidator] WARNING [missing_shortdesc]: 'lift_truck_controls/speed_selection.dita' — <shortdesc> element is missing — required for search previews and navigation
2026-05-15 06:28:11,261 [WARNING] utils.structure_validator: [StructureValidator] WARNING [missing_shortdesc]: 'lift_truck_controls/forward_reverse_lever.dita' — <shortdesc> element is missing — required for search previews and navigation
2026-05-15 06:28:11,261 [WARNING] utils.structure_validator: [StructureValidator] WARNING [image_missing_alt]: 'lift_truck_controls/def_ad_blue_replenishment.dita' — <image> #1 (href='../media/image740.png') has no alt text — required for accessibility
2026-05-15 06:28:11,262 [WARNING] utils.structure_validator: [StructureValidator] WARNING [image_missing_alt]: 'lift_truck_controls/def_ad_blue_replenishment.dita' — <image> #2 (href='../media/image742.png') has no alt text — required for accessibility
2026-05-15 06:28:11,262 [WARNING] utils.structure_validator: [StructureValidator] WARNING [missing_shortdesc]: 'lift_truck_controls/def_ad_blue_replenishment.dita' — <shortdesc> element is missing — required for search previews and navigation
2026-05-15 06:28:11,262 [WARNING] utils.structure_validator: [StructureValidator] WARNING [image_missing_alt]: 'lift_truck_controls/direction_control_lever.dita' — <image> #1 (href='../media/image710.png') has no alt text — required for accessibility
2026-05-15 06:28:11,262 [WARNING] utils.structure_validator: [StructureValidator] WARNING [missing_shortdesc]: 'lift_truck_controls/direction_control_lever.dita' — <shortdesc> element is missing — required for search previews and navigation
2026-05-15 06:28:11,263 [WARNING] utils.structure_validator: [StructureValidator] WARNING [image_missing_alt]: 'lift_truck_controls/location_of_power_pack.dita' — <image> #1 (href='../media/image731.png') has no alt text — required for accessibility
2026-05-15 06:28:11,263 [WARNING] utils.structure_validator: [StructureValidator] WARNING [missing_shortdesc]: 'lift_truck_controls/location_of_power_pack.dita' — <shortdesc> element is missing — required for search previews and navigation
2026-05-15 06:28:11,263 [WARNING] utils.structure_validator: [StructureValidator] WARNING [missing_steps]: 'lift_truck_controls/how_to_operate_the_power_pack_for_manual_tilting.dita' — <taskbody> has no <steps> or <steps-unordered> element
2026-05-15 06:28:11,263 [WARNING] utils.structure_validator: [StructureValidator] WARNING [image_missing_alt]: 'lift_truck_controls/how_to_operate_the_power_pack_for_manual_tilting.dita' — <image> #1 (href='../media/image722a.png') has no alt text — required for accessibility
2026-05-15 06:28:11,264 [WARNING] utils.structure_validator: [StructureValidator] WARNING [image_missing_alt]: 'lift_truck_controls/how_to_operate_the_power_pack_for_manual_tilting.dita' — <image> #2 (href='../media/image723a.png') has no alt text — required for accessibility
2026-05-15 06:28:11,264 [WARNING] utils.structure_validator: [StructureValidator] WARNING [missing_shortdesc]: 'lift_truck_controls/how_to_operate_the_power_pack_for_manual_tilting.dita' — <shortdesc> element is missing — required for search previews and navigation
2026-05-15 06:28:11,264 [WARNING] utils.structure_validator: [StructureValidator] WARNING [missing_shortdesc]: 'safety/maintenance_information.dita' — <shortdesc> element is missing — required for search previews and navigation
2026-05-15 06:28:11,265 [WARNING] utils.structure_validator: [StructureValidator] WARNING [image_missing_alt]: 'safety/stability_and_centre_of_gravity.dita' — <image> #1 (href='../media/image42.png') has no alt text — required for accessibility
2026-05-15 06:28:11,265 [WARNING] utils.structure_validator: [StructureValidator] WARNING [image_missing_alt]: 'safety/stability_and_centre_of_gravity.dita' — <image> #2 (href='../media/image43.png') has no alt text — required for accessibility
2026-05-15 06:28:11,265 [WARNING] utils.structure_validator: [StructureValidator] WARNING [missing_shortdesc]: 'safety/stability_and_centre_of_gravity.dita' — <shortdesc> element is missing — required for search previews and navigation
2026-05-15 06:28:11,265 [WARNING] utils.structure_validator: [StructureValidator] WARNING [missing_steps]: 'safety/tyre_information.dita' — <taskbody> has no <steps> or <steps-unordered> element
2026-05-15 06:28:11,265 [WARNING] utils.structure_validator: [StructureValidator] WARNING [image_missing_alt]: 'safety/tyre_information.dita' — <image> #1 (href='../media/image21.png') has no alt text — required for accessibility
2026-05-15 06:28:11,266 [WARNING] utils.structure_validator: [StructureValidator] WARNING [missing_shortdesc]: 'safety/tyre_information.dita' — <shortdesc> element is missing — required for search previews and navigation
2026-05-15 06:28:11,266 [WARNING] utils.structure_validator: [StructureValidator] WARNING [missing_shortdesc]: 'safety/oils.dita' — <shortdesc> element is missing — required for search previews and navigation
2026-05-15 06:28:11,266 [WARNING] utils.structure_validator: [StructureValidator] WARNING [image_missing_alt]: 'safety/fasten_the_seat_belt.dita' — <image> #1 (href='../media/image36.png') has no alt text — required for accessibility
2026-05-15 06:28:11,267 [WARNING] utils.structure_validator: [StructureValidator] WARNING [missing_shortdesc]: 'safety/fasten_the_seat_belt.dita' — <shortdesc> element is missing — required for search previews and navigation
2026-05-15 06:28:11,267 [WARNING] utils.structure_validator: [StructureValidator] WARNING [image_missing_alt]: 'safety/centre_of_gravity_cg.dita' — <image> #1 (href='../media/image41.png') has no alt text — required for accessibility
2026-05-15 06:28:11,267 [WARNING] utils.structure_validator: [StructureValidator] WARNING [missing_shortdesc]: 'safety/centre_of_gravity_cg.dita' — <shortdesc> element is missing — required for search previews and navigation
2026-05-15 06:28:11,268 [WARNING] utils.structure_validator: [StructureValidator] WARNING [missing_steps]: 'safety/warning_signs_and_labels_2.dita' — <taskbody> has no <steps> or <steps-unordered> element
2026-05-15 06:28:11,268 [WARNING] utils.structure_validator: [StructureValidator] WARNING [image_missing_alt]: 'safety/warning_signs_and_labels_2.dita' — <image> #1 (href='../media/image22.png') has no alt text — required for accessibility
2026-05-15 06:28:11,268 [WARNING] utils.structure_validator: [StructureValidator] WARNING [image_missing_alt]: 'safety/warning_signs_and_labels_2.dita' — <image> #2 (href='../media/image23.png') has no alt text — required for accessibility
2026-05-15 06:28:11,268 [WARNING] utils.structure_validator: [StructureValidator] WARNING [image_missing_alt]: 'safety/warning_signs_and_labels_2.dita' — <image> #3 (href='../media/image24.png') has no alt text — required for accessibility
2026-05-15 06:28:11,268 [WARNING] utils.structure_validator: [StructureValidator] WARNING [missing_shortdesc]: 'safety/warning_signs_and_labels_2.dita' — <shortdesc> element is missing — required for search previews and navigation
2026-05-15 06:28:11,269 [WARNING] utils.structure_validator: [StructureValidator] WARNING [missing_shortdesc]: 'safety/before_operating_the_lift_truck.dita' — <shortdesc> element is missing — required for search previews and navigation
2026-05-15 06:28:11,269 [WARNING] utils.structure_validator: [StructureValidator] WARNING [missing_shortdesc]: 'safety/batteries.dita' — <shortdesc> element is missing — required for search previews and navigation
2026-05-15 06:28:11,269 [WARNING] utils.structure_validator: [StructureValidator] WARNING [missing_shortdesc]: 'safety/lpg.dita' — <shortdesc> element is missing — required for search previews and navigation
2026-05-15 06:28:11,270 [WARNING] utils.structure_validator: [StructureValidator] WARNING [missing_shortdesc]: 'safety/fire_extinguisher.dita' — <shortdesc> element is missing — required for search previews and navigation
2026-05-15 06:28:11,270 [WARNING] utils.structure_validator: [StructureValidator] WARNING [image_missing_alt]: 'safety/moving_fan_warning.dita' — <image> #1 (href='../media/image11.png') has no alt text — required for accessibility
2026-05-15 06:28:11,270 [WARNING] utils.structure_validator: [StructureValidator] WARNING [missing_shortdesc]: 'safety/moving_fan_warning.dita' — <shortdesc> element is missing — required for search previews and navigation
2026-05-15 06:28:11,271 [WARNING] utils.structure_validator: [StructureValidator] WARNING [image_missing_alt]: 'safety/lift_truck_stability_base.dita' — <image> #1 (href='../media/image44.png') has no alt text — required for accessibility
2026-05-15 06:28:11,271 [WARNING] utils.structure_validator: [StructureValidator] WARNING [missing_shortdesc]: 'safety/lift_truck_stability_base.dita' — <shortdesc> element is missing — required for search previews and navigation
2026-05-15 06:28:11,271 [WARNING] utils.structure_validator: [StructureValidator] WARNING [image_missing_alt]: 'safety/capacity_load_weight_and_load_centre.dita' — <image> #1 (href='../media/image45.png') has no alt text — required for accessibility
2026-05-15 06:28:11,272 [WARNING] utils.structure_validator: [StructureValidator] WARNING [missing_shortdesc]: 'safety/capacity_load_weight_and_load_centre.dita' — <shortdesc> element is missing — required for search previews and navigation
2026-05-15 06:28:11,272 [WARNING] utils.structure_validator: [StructureValidator] WARNING [missing_shortdesc]: 'safety/fluid_penetration.dita' — <shortdesc> element is missing — required for search previews and navigation
2026-05-15 06:28:11,272 [WARNING] utils.structure_validator: [StructureValidator] WARNING [missing_shortdesc]: 'safety/seat_belt.dita' — <shortdesc> element is missing — required for search previews and navigation
2026-05-15 06:28:11,273 [WARNING] utils.structure_validator: [StructureValidator] WARNING [missing_shortdesc]: 'safety/coolant.dita' — <shortdesc> element is missing — required for search previews and navigation
2026-05-15 06:28:11,273 [WARNING] utils.structure_validator: [StructureValidator] WARNING [image_missing_alt]: 'safety/inspection.dita' — <image> #1 (href='../media/image46.png') has no alt text — required for accessibility
2026-05-15 06:28:11,273 [WARNING] utils.structure_validator: [StructureValidator] WARNING [image_missing_alt]: 'safety/inspection.dita' — <image> #2 (href='../media/image34.png') has no alt text — required for accessibility
2026-05-15 06:28:11,274 [WARNING] utils.structure_validator: [StructureValidator] WARNING [image_missing_alt]: 'safety/inspection.dita' — <image> #3 (href='../media/image35.png') has no alt text — required for accessibility
2026-05-15 06:28:11,274 [WARNING] utils.structure_validator: [StructureValidator] WARNING [missing_shortdesc]: 'safety/inspection.dita' — <shortdesc> element is missing — required for search previews and navigation
2026-05-15 06:28:11,274 [WARNING] utils.structure_validator: [StructureValidator] WARNING [image_missing_alt]: 'safety/lift_truck_parking.dita' — <image> #1 (href='../media/image31.png') has no alt text — required for accessibility
2026-05-15 06:28:11,274 [WARNING] utils.structure_validator: [StructureValidator] WARNING [missing_shortdesc]: 'safety/lift_truck_parking.dita' — <shortdesc> element is missing — required for search previews and navigation
2026-05-15 06:28:11,275 [WARNING] utils.structure_validator: [StructureValidator] WARNING [image_missing_alt]: 'safety/seat_adjustment.dita' — <image> #1 (href='../media/image37.png') has no alt text — required for accessibility
2026-05-15 06:28:11,275 [WARNING] utils.structure_validator: [StructureValidator] WARNING [image_missing_alt]: 'safety/seat_adjustment.dita' — <image> #2 (href='../media/image26.png') has no alt text — required for accessibility
2026-05-15 06:28:11,275 [WARNING] utils.structure_validator: [StructureValidator] WARNING [image_missing_alt]: 'safety/seat_adjustment.dita' — <image> #3 (href='../media/image40.png') has no alt text — required for accessibility
2026-05-15 06:28:11,275 [WARNING] utils.structure_validator: [StructureValidator] WARNING [image_missing_alt]: 'safety/seat_adjustment.dita' — <image> #4 (href='../media/image28.png') has no alt text — required for accessibility
2026-05-15 06:28:11,275 [WARNING] utils.structure_validator: [StructureValidator] WARNING [image_missing_alt]: 'safety/seat_adjustment.dita' — <image> #5 (href='../media/image29.png') has no alt text — required for accessibility
2026-05-15 06:28:11,275 [WARNING] utils.structure_validator: [StructureValidator] WARNING [image_missing_alt]: 'safety/seat_adjustment.dita' — <image> #6 (href='../media/image30.png') has no alt text — required for accessibility
2026-05-15 06:28:11,276 [WARNING] utils.structure_validator: [StructureValidator] WARNING [image_missing_alt]: 'safety/seat_adjustment.dita' — <image> #7 (href='../media/image32.png') has no alt text — required for accessibility
2026-05-15 06:28:11,276 [WARNING] utils.structure_validator: [StructureValidator] WARNING [missing_shortdesc]: 'safety/seat_adjustment.dita' — <shortdesc> element is missing — required for search previews and navigation
2026-05-15 06:28:11,276 [WARNING] utils.structure_validator: [StructureValidator] WARNING [empty_body]: 'safety/avoiding_lift_truck_tipover.dita' — <conbody> exists but has no child elements or text content
2026-05-15 06:28:11,276 [WARNING] utils.structure_validator: [StructureValidator] WARNING [missing_shortdesc]: 'safety/avoiding_lift_truck_tipover.dita' — <shortdesc> element is missing — required for search previews and navigation
2026-05-15 06:28:11,277 [WARNING] utils.structure_validator: [StructureValidator] WARNING [image_missing_alt]: 'safety/release_the_seat_belt.dita' — <image> #1 (href='../media/image38.png') has no alt text — required for accessibility
2026-05-15 06:28:11,277 [WARNING] utils.structure_validator: [StructureValidator] WARNING [missing_shortdesc]: 'safety/release_the_seat_belt.dita' — <shortdesc> element is missing — required for search previews and navigation
2026-05-15 06:28:11,277 [WARNING] utils.structure_validator: [StructureValidator] WARNING [missing_shortdesc]: 'safety/loading_or_unloading_trucks_trailers.dita' — <shortdesc> element is missing — required for search previews and navigation
2026-05-15 06:28:11,277 [WARNING] utils.structure_validator: [StructureValidator] WARNING [empty_body]: 'safety/burn_prevention.dita' — <conbody> exists but has no child elements or text content
2026-05-15 06:28:11,277 [WARNING] utils.structure_validator: [StructureValidator] WARNING [missing_shortdesc]: 'safety/burn_prevention.dita' — <shortdesc> element is missing — required for search previews and navigation
2026-05-15 06:28:11,278 [WARNING] utils.structure_validator: [StructureValidator] WARNING [step_empty_cmd]: 'safety/tyre_warning.dita' — step 1 has an empty <cmd> element
2026-05-15 06:28:11,278 [WARNING] utils.structure_validator: [StructureValidator] WARNING [step_empty_cmd]: 'safety/tyre_warning.dita' — step 2 has an empty <cmd> element
2026-05-15 06:28:11,278 [WARNING] utils.structure_validator: [StructureValidator] WARNING [step_empty_cmd]: 'safety/tyre_warning.dita' — step 3 has an empty <cmd> element
2026-05-15 06:28:11,278 [WARNING] utils.structure_validator: [StructureValidator] WARNING [missing_shortdesc]: 'safety/tyre_warning.dita' — <shortdesc> element is missing — required for search previews and navigation
2026-05-15 06:28:11,279 [WARNING] utils.structure_validator: [StructureValidator] WARNING [image_missing_alt]: 'safety/hand_placement_warning.dita' — <image> #1 (href='../media/image6.png') has no alt text — required for accessibility
2026-05-15 06:28:11,279 [WARNING] utils.structure_validator: [StructureValidator] WARNING [image_missing_alt]: 'safety/hand_placement_warning.dita' — <image> #2 (href='../media/image7.png') has no alt text — required for accessibility
2026-05-15 06:28:11,279 [WARNING] utils.structure_validator: [StructureValidator] WARNING [image_missing_alt]: 'safety/hand_placement_warning.dita' — <image> #3 (href='../media/image8.png') has no alt text — required for accessibility
2026-05-15 06:28:11,279 [WARNING] utils.structure_validator: [StructureValidator] WARNING [image_missing_alt]: 'safety/hand_placement_warning.dita' — <image> #4 (href='../media/image17.png') has no alt text — required for accessibility
2026-05-15 06:28:11,279 [WARNING] utils.structure_validator: [StructureValidator] WARNING [missing_shortdesc]: 'safety/hand_placement_warning.dita' — <shortdesc> element is missing — required for search previews and navigation
2026-05-15 06:28:11,280 [WARNING] utils.structure_validator: [StructureValidator] WARNING [missing_shortdesc]: 'safety/fire_or_explosion_prevention.dita' — <shortdesc> element is missing — required for search previews and navigation
2026-05-15 06:28:11,280 [WARNING] utils.structure_validator: [StructureValidator] WARNING [empty_body]: 'safety/operation_information.dita' — <conbody> exists but has no child elements or text content
2026-05-15 06:28:11,280 [WARNING] utils.structure_validator: [StructureValidator] WARNING [missing_shortdesc]: 'safety/operation_information.dita' — <shortdesc> element is missing — required for search previews and navigation
2026-05-15 06:28:11,280 [WARNING] utils.structure_validator: [StructureValidator] WARNING [image_missing_alt]: 'safety/no_riders_warning.dita' — <image> #1 (href='../media/image197.png') has no alt text — required for accessibility
2026-05-15 06:28:11,281 [WARNING] utils.structure_validator: [StructureValidator] WARNING [missing_shortdesc]: 'safety/no_riders_warning.dita' — <shortdesc> element is missing — required for search previews and navigation
2026-05-15 06:28:11,281 [WARNING] utils.structure_validator: [StructureValidator] WARNING [missing_shortdesc]: 'safety/crushing_or_cutting_prevention.dita' — <shortdesc> element is missing — required for search previews and navigation
2026-05-15 06:28:11,281 [WARNING] utils.structure_validator: [StructureValidator] WARNING [missing_shortdesc]: 'safety/safety.dita' — <shortdesc> element is missing — required for search previews and navigation
2026-05-15 06:28:11,282 [WARNING] utils.structure_validator: [StructureValidator] WARNING [missing_shortdesc]: 'safety/warning_signs_and_labels.dita' — <shortdesc> element is missing — required for search previews and navigation
2026-05-15 06:28:11,282 [WARNING] utils.structure_validator: [StructureValidator] WARNING [missing_shortdesc]: 'safety/before_starting_the_lift_truck.dita' — <shortdesc> element is missing — required for search previews and navigation
2026-05-15 06:28:11,283 [WARNING] utils.structure_validator: [StructureValidator] WARNING [image_missing_alt]: 'safety/pressure_warning.dita' — <image> #1 (href='../media/image5.png') has no alt text — required for accessibility
2026-05-15 06:28:11,283 [WARNING] utils.structure_validator: [StructureValidator] WARNING [missing_shortdesc]: 'safety/pressure_warning.dita' — <shortdesc> element is missing — required for search previews and navigation
2026-05-15 06:28:11,283 [WARNING] utils.structure_validator: [StructureValidator] WARNING [image_missing_alt]: 'safety/general_hazard_information.dita' — <image> #1 (href='../media/image14.png') has no alt text — required for accessibility
2026-05-15 06:28:11,283 [WARNING] utils.structure_validator: [StructureValidator] WARNING [image_missing_alt]: 'safety/general_hazard_information.dita' — <image> #2 (href='../media/image15.png') has no alt text — required for accessibility
2026-05-15 06:28:11,284 [WARNING] utils.structure_validator: [StructureValidator] WARNING [missing_shortdesc]: 'safety/general_hazard_information.dita' — <shortdesc> element is missing — required for search previews and navigation
2026-05-15 06:28:11,284 [WARNING] utils.structure_validator: [StructureValidator] WARNING [step_empty_cmd]: 'safety/general_warnings_to_operator.dita' — step 1 has an empty <cmd> element
2026-05-15 06:28:11,284 [WARNING] utils.structure_validator: [StructureValidator] WARNING [step_empty_cmd]: 'safety/general_warnings_to_operator.dita' — step 2 has an empty <cmd> element
2026-05-15 06:28:11,284 [WARNING] utils.structure_validator: [StructureValidator] WARNING [step_empty_cmd]: 'safety/general_warnings_to_operator.dita' — step 3 has an empty <cmd> element
2026-05-15 06:28:11,284 [WARNING] utils.structure_validator: [StructureValidator] WARNING [step_empty_cmd]: 'safety/general_warnings_to_operator.dita' — step 4 has an empty <cmd> element
2026-05-15 06:28:11,285 [WARNING] utils.structure_validator: [StructureValidator] WARNING [step_empty_cmd]: 'safety/general_warnings_to_operator.dita' — step 5 has an empty <cmd> element
2026-05-15 06:28:11,285 [WARNING] utils.structure_validator: [StructureValidator] WARNING [step_empty_cmd]: 'safety/general_warnings_to_operator.dita' — step 6 has an empty <cmd> element
2026-05-15 06:28:11,285 [WARNING] utils.structure_validator: [StructureValidator] WARNING [step_empty_cmd]: 'safety/general_warnings_to_operator.dita' — step 7 has an empty <cmd> element
2026-05-15 06:28:11,285 [WARNING] utils.structure_validator: [StructureValidator] WARNING [step_empty_cmd]: 'safety/general_warnings_to_operator.dita' — step 8 has an empty <cmd> element
2026-05-15 06:28:11,285 [WARNING] utils.structure_validator: [StructureValidator] WARNING [step_empty_cmd]: 'safety/general_warnings_to_operator.dita' — step 9 has an empty <cmd> element
2026-05-15 06:28:11,285 [WARNING] utils.structure_validator: [StructureValidator] WARNING [step_empty_cmd]: 'safety/general_warnings_to_operator.dita' — step 10 has an empty <cmd> element
2026-05-15 06:28:11,285 [WARNING] utils.structure_validator: [StructureValidator] WARNING [step_empty_cmd]: 'safety/general_warnings_to_operator.dita' — step 11 has an empty <cmd> element
2026-05-15 06:28:11,285 [WARNING] utils.structure_validator: [StructureValidator] WARNING [step_empty_cmd]: 'safety/general_warnings_to_operator.dita' — step 12 has an empty <cmd> element
2026-05-15 06:28:11,285 [WARNING] utils.structure_validator: [StructureValidator] WARNING [step_empty_cmd]: 'safety/general_warnings_to_operator.dita' — step 13 has an empty <cmd> element
2026-05-15 06:28:11,285 [WARNING] utils.structure_validator: [StructureValidator] WARNING [step_empty_cmd]: 'safety/general_warnings_to_operator.dita' — step 14 has an empty <cmd> element
2026-05-15 06:28:11,285 [WARNING] utils.structure_validator: [StructureValidator] WARNING [step_empty_cmd]: 'safety/general_warnings_to_operator.dita' — step 15 has an empty <cmd> element
2026-05-15 06:28:11,285 [WARNING] utils.structure_validator: [StructureValidator] WARNING [step_empty_cmd]: 'safety/general_warnings_to_operator.dita' — step 16 has an empty <cmd> element
2026-05-15 06:28:11,285 [WARNING] utils.structure_validator: [StructureValidator] WARNING [step_empty_cmd]: 'safety/general_warnings_to_operator.dita' — step 17 has an empty <cmd> element
2026-05-15 06:28:11,286 [WARNING] utils.structure_validator: [StructureValidator] WARNING [step_empty_cmd]: 'safety/general_warnings_to_operator.dita' — step 18 has an empty <cmd> element
2026-05-15 06:28:11,286 [WARNING] utils.structure_validator: [StructureValidator] WARNING [step_empty_cmd]: 'safety/general_warnings_to_operator.dita' — step 19 has an empty <cmd> element
2026-05-15 06:28:11,286 [WARNING] utils.structure_validator: [StructureValidator] WARNING [step_empty_cmd]: 'safety/general_warnings_to_operator.dita' — step 20 has an empty <cmd> element
2026-05-15 06:28:11,286 [WARNING] utils.structure_validator: [StructureValidator] WARNING [image_missing_alt]: 'safety/general_warnings_to_operator.dita' — <image> #1 (href='../media/image4.png') has no alt text — required for accessibility
2026-05-15 06:28:11,286 [WARNING] utils.structure_validator: [StructureValidator] WARNING [missing_shortdesc]: 'safety/general_warnings_to_operator.dita' — <shortdesc> element is missing — required for search previews and navigation
2026-05-15 06:28:11,286 [WARNING] utils.structure_validator: [StructureValidator] WARNING [image_missing_alt]: 'safety/tilting_cabin_operation_warning.dita' — <image> #1 (href='../media/image226.png') has no alt text — required for accessibility
2026-05-15 06:28:11,287 [WARNING] utils.structure_validator: [StructureValidator] WARNING [image_missing_alt]: 'safety/tilting_cabin_operation_warning.dita' — <image> #2 (href='../media/image2410.png') has no alt text — required for accessibility
2026-05-15 06:28:11,287 [WARNING] utils.structure_validator: [StructureValidator] WARNING [missing_shortdesc]: 'safety/tilting_cabin_operation_warning.dita' — <shortdesc> element is missing — required for search previews and navigation
2026-05-15 06:28:11,287 [WARNING] utils.structure_validator: [StructureValidator] WARNING [empty_body]: 'safety/operator_restraint_system.dita' — <conbody> exists but has no child elements or text content
2026-05-15 06:28:11,287 [WARNING] utils.structure_validator: [StructureValidator] WARNING [missing_shortdesc]: 'safety/operator_restraint_system.dita' — <shortdesc> element is missing — required for search previews and navigation
2026-05-15 06:28:11,288 [WARNING] utils.structure_validator: [StructureValidator] WARNING [missing_shortdesc]: 'safety/falling_objects_protective_structure_fops.dita' — <shortdesc> element is missing — required for search previews and navigation
2026-05-15 06:28:11,288 [WARNING] utils.structure_validator: [StructureValidator] WARNING [image_missing_alt]: 'safety/lift_truck_stability.dita' — <image> #1 (href='../media/image39.png') has no alt text — required for accessibility
2026-05-15 06:28:11,288 [WARNING] utils.structure_validator: [StructureValidator] WARNING [missing_shortdesc]: 'safety/lift_truck_stability.dita' — <shortdesc> element is missing — required for search previews and navigation
2026-05-15 06:28:11,289 [WARNING] utils.structure_validator: [StructureValidator] WARNING [image_missing_alt]: 'safety/training_required_to_operate_or_service.dita' — <image> #1 (href='../media/image2.png') has no alt text — required for accessibility
2026-05-15 06:28:11,289 [WARNING] utils.structure_validator: [StructureValidator] WARNING [image_missing_alt]: 'safety/training_required_to_operate_or_service.dita' — <image> #2 (href='../media/image3.png') has no alt text — required for accessibility
2026-05-15 06:28:11,289 [WARNING] utils.structure_validator: [StructureValidator] WARNING [missing_shortdesc]: 'safety/training_required_to_operate_or_service.dita' — <shortdesc> element is missing — required for search previews and navigation
2026-05-15 06:28:11,290 [WARNING] utils.structure_validator: [StructureValidator] WARNING [missing_shortdesc]: 'safety/mounting_and_dismounting.dita' — <shortdesc> element is missing — required for search previews and navigation
2026-05-15 06:28:11,290 [WARNING] utils.structure_validator: [StructureValidator] WARNING [missing_steps]: 'safety/how_to_survive_in_a_tipover.dita' — <taskbody> has no <steps> or <steps-unordered> element
2026-05-15 06:28:11,291 [WARNING] utils.structure_validator: [StructureValidator] WARNING [image_missing_alt]: 'safety/how_to_survive_in_a_tipover.dita' — <image> #1 (href='../media/image84.png') has no alt text — required for accessibility
2026-05-15 06:28:11,291 [WARNING] utils.structure_validator: [StructureValidator] WARNING [image_missing_alt]: 'safety/how_to_survive_in_a_tipover.dita' — <image> #2 (href='../media/image85.png') has no alt text — required for accessibility
2026-05-15 06:28:11,291 [WARNING] utils.structure_validator: [StructureValidator] WARNING [image_missing_alt]: 'safety/how_to_survive_in_a_tipover.dita' — <image> #3 (href='../media/image86.png') has no alt text — required for accessibility
2026-05-15 06:28:11,291 [WARNING] utils.structure_validator: [StructureValidator] WARNING [image_missing_alt]: 'safety/how_to_survive_in_a_tipover.dita' — <image> #4 (href='../media/image87.png') has no alt text — required for accessibility
2026-05-15 06:28:11,291 [WARNING] utils.structure_validator: [StructureValidator] WARNING [image_missing_alt]: 'safety/how_to_survive_in_a_tipover.dita' — <image> #5 (href='../media/image88.png') has no alt text — required for accessibility
2026-05-15 06:28:11,291 [WARNING] utils.structure_validator: [StructureValidator] WARNING [image_missing_alt]: 'safety/how_to_survive_in_a_tipover.dita' — <image> #6 (href='../media/image89.png') has no alt text — required for accessibility
2026-05-15 06:28:11,291 [WARNING] utils.structure_validator: [StructureValidator] WARNING [missing_shortdesc]: 'safety/how_to_survive_in_a_tipover.dita' — <shortdesc> element is missing — required for search previews and navigation
2026-05-15 06:28:11,291 [WARNING] utils.structure_validator: [StructureValidator] WARNING [missing_shortdesc]: 'safety/lines_tubes_and_hoses.dita' — <shortdesc> element is missing — required for search previews and navigation
2026-05-15 06:28:11,294 [WARNING] utils.structure_validator: [StructureValidator] WARNING [missing_steps]: 'safety/safety_rules.dita' — <taskbody> has no <steps> or <steps-unordered> element
2026-05-15 06:28:11,294 [WARNING] utils.structure_validator: [StructureValidator] WARNING [image_missing_alt]: 'safety/safety_rules.dita' — <image> #1 (href='../media/image48.png') has no alt text — required for accessibility
2026-05-15 06:28:11,294 [WARNING] utils.structure_validator: [StructureValidator] WARNING [image_missing_alt]: 'safety/safety_rules.dita' — <image> #2 (href='../media/image49.png') has no alt text — required for accessibility
2026-05-15 06:28:11,295 [WARNING] utils.structure_validator: [StructureValidator] WARNING [image_missing_alt]: 'safety/safety_rules.dita' — <image> #3 (href='../media/image50.png') has no alt text — required for accessibility
2026-05-15 06:28:11,295 [WARNING] utils.structure_validator: [StructureValidator] WARNING [image_missing_alt]: 'safety/safety_rules.dita' — <image> #4 (href='../media/image62.png') has no alt text — required for accessibility
2026-05-15 06:28:11,295 [WARNING] utils.structure_validator: [StructureValidator] WARNING [image_missing_alt]: 'safety/safety_rules.dita' — <image> #5 (href='../media/image52.png') has no alt text — required for accessibility
2026-05-15 06:28:11,295 [WARNING] utils.structure_validator: [StructureValidator] WARNING [image_missing_alt]: 'safety/safety_rules.dita' — <image> #6 (href='../media/image53.png') has no alt text — required for accessibility
2026-05-15 06:28:11,295 [WARNING] utils.structure_validator: [StructureValidator] WARNING [image_missing_alt]: 'safety/safety_rules.dita' — <image> #7 (href='../media/image54.png') has no alt text — required for accessibility
2026-05-15 06:28:11,295 [WARNING] utils.structure_validator: [StructureValidator] WARNING [image_missing_alt]: 'safety/safety_rules.dita' — <image> #8 (href='../media/image55.png') has no alt text — required for accessibility
2026-05-15 06:28:11,295 [WARNING] utils.structure_validator: [StructureValidator] WARNING [image_missing_alt]: 'safety/safety_rules.dita' — <image> #9 (href='../media/image56.png') has no alt text — required for accessibility
2026-05-15 06:28:11,295 [WARNING] utils.structure_validator: [StructureValidator] WARNING [image_missing_alt]: 'safety/safety_rules.dita' — <image> #10 (href='../media/image57.png') has no alt text — required for accessibility
2026-05-15 06:28:11,295 [WARNING] utils.structure_validator: [StructureValidator] WARNING [image_missing_alt]: 'safety/safety_rules.dita' — <image> #11 (href='../media/image58.png') has no alt text — required for accessibility
2026-05-15 06:28:11,295 [WARNING] utils.structure_validator: [StructureValidator] WARNING [image_missing_alt]: 'safety/safety_rules.dita' — <image> #12 (href='../media/image59.png') has no alt text — required for accessibility
2026-05-15 06:28:11,295 [WARNING] utils.structure_validator: [StructureValidator] WARNING [image_missing_alt]: 'safety/safety_rules.dita' — <image> #13 (href='../media/image60.png') has no alt text — required for accessibility
2026-05-15 06:28:11,295 [WARNING] utils.structure_validator: [StructureValidator] WARNING [image_missing_alt]: 'safety/safety_rules.dita' — <image> #14 (href='../media/image61.png') has no alt text — required for accessibility
2026-05-15 06:28:11,295 [WARNING] utils.structure_validator: [StructureValidator] WARNING [image_missing_alt]: 'safety/safety_rules.dita' — <image> #15 (href='../media/image63.png') has no alt text — required for accessibility
2026-05-15 06:28:11,296 [WARNING] utils.structure_validator: [StructureValidator] WARNING [image_missing_alt]: 'safety/safety_rules.dita' — <image> #16 (href='../media/image64.png') has no alt text — required for accessibility
2026-05-15 06:28:11,296 [WARNING] utils.structure_validator: [StructureValidator] WARNING [image_missing_alt]: 'safety/safety_rules.dita' — <image> #17 (href='../media/image65.png') has no alt text — required for accessibility
2026-05-15 06:28:11,296 [WARNING] utils.structure_validator: [StructureValidator] WARNING [image_missing_alt]: 'safety/safety_rules.dita' — <image> #18 (href='../media/image66.png') has no alt text — required for accessibility
2026-05-15 06:28:11,296 [WARNING] utils.structure_validator: [StructureValidator] WARNING [image_missing_alt]: 'safety/safety_rules.dita' — <image> #19 (href='../media/image67.png') has no alt text — required for accessibility
2026-05-15 06:28:11,296 [WARNING] utils.structure_validator: [StructureValidator] WARNING [image_missing_alt]: 'safety/safety_rules.dita' — <image> #20 (href='../media/image68.png') has no alt text — required for accessibility
2026-05-15 06:28:11,296 [WARNING] utils.structure_validator: [StructureValidator] WARNING [image_missing_alt]: 'safety/safety_rules.dita' — <image> #21 (href='../media/image69.png') has no alt text — required for accessibility
2026-05-15 06:28:11,296 [WARNING] utils.structure_validator: [StructureValidator] WARNING [image_missing_alt]: 'safety/safety_rules.dita' — <image> #22 (href='../media/image70.png') has no alt text — required for accessibility
2026-05-15 06:28:11,296 [WARNING] utils.structure_validator: [StructureValidator] WARNING [image_missing_alt]: 'safety/safety_rules.dita' — <image> #23 (href='../media/image71.png') has no alt text — required for accessibility
2026-05-15 06:28:11,296 [WARNING] utils.structure_validator: [StructureValidator] WARNING [image_missing_alt]: 'safety/safety_rules.dita' — <image> #24 (href='../media/image72.png') has no alt text — required for accessibility
2026-05-15 06:28:11,296 [WARNING] utils.structure_validator: [StructureValidator] WARNING [image_missing_alt]: 'safety/safety_rules.dita' — <image> #25 (href='../media/image73.png') has no alt text — required for accessibility
2026-05-15 06:28:11,296 [WARNING] utils.structure_validator: [StructureValidator] WARNING [image_missing_alt]: 'safety/safety_rules.dita' — <image> #26 (href='../media/image74.png') has no alt text — required for accessibility
2026-05-15 06:28:11,296 [WARNING] utils.structure_validator: [StructureValidator] WARNING [image_missing_alt]: 'safety/safety_rules.dita' — <image> #27 (href='../media/image75.png') has no alt text — required for accessibility
2026-05-15 06:28:11,296 [WARNING] utils.structure_validator: [StructureValidator] WARNING [image_missing_alt]: 'safety/safety_rules.dita' — <image> #28 (href='../media/image76.png') has no alt text — required for accessibility
2026-05-15 06:28:11,296 [WARNING] utils.structure_validator: [StructureValidator] WARNING [image_missing_alt]: 'safety/safety_rules.dita' — <image> #29 (href='../media/image77.png') has no alt text — required for accessibility
2026-05-15 06:28:11,297 [WARNING] utils.structure_validator: [StructureValidator] WARNING [image_missing_alt]: 'safety/safety_rules.dita' — <image> #30 (href='../media/image78.png') has no alt text — required for accessibility
2026-05-15 06:28:11,297 [WARNING] utils.structure_validator: [StructureValidator] WARNING [image_missing_alt]: 'safety/safety_rules.dita' — <image> #31 (href='../media/image79.png') has no alt text — required for accessibility
2026-05-15 06:28:11,297 [WARNING] utils.structure_validator: [StructureValidator] WARNING [image_missing_alt]: 'safety/safety_rules.dita' — <image> #32 (href='../media/image93.png') has no alt text — required for accessibility
2026-05-15 06:28:11,297 [WARNING] utils.structure_validator: [StructureValidator] WARNING [image_missing_alt]: 'safety/safety_rules.dita' — <image> #33 (href='../media/image92.png') has no alt text — required for accessibility
2026-05-15 06:28:11,297 [WARNING] utils.structure_validator: [StructureValidator] WARNING [image_missing_alt]: 'safety/safety_rules.dita' — <image> #34 (href='../media/image95.png') has no alt text — required for accessibility
2026-05-15 06:28:11,297 [WARNING] utils.structure_validator: [StructureValidator] WARNING [image_missing_alt]: 'safety/safety_rules.dita' — <image> #35 (href='../media/image83.png') has no alt text — required for accessibility
2026-05-15 06:28:11,297 [WARNING] utils.structure_validator: [StructureValidator] WARNING [missing_shortdesc]: 'safety/safety_rules.dita' — <shortdesc> element is missing — required for search previews and navigation
2026-05-15 06:28:11,298 [WARNING] utils.structure_validator: [StructureValidator] WARNING [missing_steps]: 'safety/starting_the_lift_truck.dita' — <taskbody> has no <steps> or <steps-unordered> element
2026-05-15 06:28:11,298 [WARNING] utils.structure_validator: [StructureValidator] WARNING [image_missing_alt]: 'safety/starting_the_lift_truck.dita' — <image> #1 (href='../media/image16.png') has no alt text — required for accessibility
2026-05-15 06:28:11,298 [WARNING] utils.structure_validator: [StructureValidator] WARNING [missing_shortdesc]: 'safety/starting_the_lift_truck.dita' — <shortdesc> element is missing — required for search previews and navigation
2026-05-15 06:28:11,298 [WARNING] utils.structure_validator: [StructureValidator] WARNING [image_missing_alt]: 'safety/emergency_lowering_guide.dita' — <image> #1 (href='../media/image47.png') has no alt text — required for accessibility
2026-05-15 06:28:11,298 [WARNING] utils.structure_validator: [StructureValidator] WARNING [missing_shortdesc]: 'safety/emergency_lowering_guide.dita' — <shortdesc> element is missing — required for search previews and navigation
2026-05-15 06:28:11,299 [WARNING] utils.structure_validator: [StructureValidator] WARNING [image_missing_alt]: 'safety/operating_the_lift_truck.dita' — <image> #1 (href='../media/image18.png') has no alt text — required for accessibility
2026-05-15 06:28:11,299 [WARNING] utils.structure_validator: [StructureValidator] WARNING [image_missing_alt]: 'safety/operating_the_lift_truck.dita' — <image> #2 (href='../media/image19.png') has no alt text — required for accessibility
2026-05-15 06:28:11,299 [WARNING] utils.structure_validator: [StructureValidator] WARNING [missing_shortdesc]: 'safety/operating_the_lift_truck.dita' — <shortdesc> element is missing — required for search previews and navigation
2026-05-15 06:28:11,300 [WARNING] utils.structure_validator: [StructureValidator] WARNING [missing_shortdesc]: 'starting_the_engine/starting_diesel_engine_at_cold.dita' — <shortdesc> element is missing — required for search previews and navigation
2026-05-15 06:28:11,300 [WARNING] utils.structure_validator: [StructureValidator] WARNING [image_missing_alt]: 'starting_the_engine/prestart_conditions.dita' — <image> #1 (href='../media/image756a.png') has no alt text — required for accessibility
2026-05-15 06:28:11,300 [WARNING] utils.structure_validator: [StructureValidator] WARNING [missing_shortdesc]: 'starting_the_engine/prestart_conditions.dita' — <shortdesc> element is missing — required for search previews and navigation
2026-05-15 06:28:11,301 [WARNING] utils.structure_validator: [StructureValidator] WARNING [missing_shortdesc]: 'starting_the_engine/starting_diesel_engine_at_warm_mechanical_engine.dita' — <shortdesc> element is missing — required for search previews and navigation
2026-05-15 06:28:11,301 [WARNING] utils.structure_validator: [StructureValidator] WARNING [empty_body]: 'starting_the_engine/starting_the_engine.dita' — <conbody> exists but has no child elements or text content
2026-05-15 06:28:11,301 [WARNING] utils.structure_validator: [StructureValidator] WARNING [missing_shortdesc]: 'starting_the_engine/starting_the_engine.dita' — <shortdesc> element is missing — required for search previews and navigation
2026-05-15 06:28:11,302 [WARNING] utils.structure_validator: [StructureValidator] WARNING [missing_steps]: 'starting_the_engine/starting_from_a_24_12_volt_external_source.dita' — <taskbody> has no <steps> or <steps-unordered> element
2026-05-15 06:28:11,302 [WARNING] utils.structure_validator: [StructureValidator] WARNING [image_missing_alt]: 'starting_the_engine/starting_from_a_24_12_volt_external_source.dita' — <image> #1 (href='../media/image759.png') has no alt text — required for accessibility
2026-05-15 06:28:11,302 [WARNING] utils.structure_validator: [StructureValidator] WARNING [missing_shortdesc]: 'starting_the_engine/starting_from_a_24_12_volt_external_source.dita' — <shortdesc> element is missing — required for search previews and navigation
2026-05-15 06:28:11,303 [WARNING] utils.structure_validator: [StructureValidator] WARNING [image_missing_alt]: 'starting_the_engine/use_of_jumper_cables.dita' — <image> #1 (href='../media/image745a.png') has no alt text — required for accessibility
2026-05-15 06:28:11,303 [WARNING] utils.structure_validator: [StructureValidator] WARNING [missing_shortdesc]: 'starting_the_engine/use_of_jumper_cables.dita' — <shortdesc> element is missing — required for search previews and navigation
2026-05-15 06:28:11,303 [WARNING] utils.structure_validator: [StructureValidator] WARNING [missing_shortdesc]: 'starting_the_engine/starting_with_jumper_cables.dita' — <shortdesc> element is missing — required for search previews and navigation
2026-05-15 06:28:11,304 [WARNING] utils.structure_validator: [StructureValidator] WARNING [empty_body]: 'noise_and_vibration/noise_and_vibration.dita' — <conbody> exists but has no child elements or text content
2026-05-15 06:28:11,304 [WARNING] utils.structure_validator: [StructureValidator] WARNING [missing_shortdesc]: 'noise_and_vibration/noise_and_vibration.dita' — <shortdesc> element is missing — required for search previews and navigation
2026-05-15 06:28:11,304 [WARNING] utils.structure_validator: [StructureValidator] WARNING [section_missing_title]: 'noise_and_vibration/noise.dita' — <section> #1 has no <title> — recommended for DITA compliance
2026-05-15 06:28:11,304 [WARNING] utils.structure_validator: [StructureValidator] WARNING [table_col_mismatch]: 'noise_and_vibration/noise.dita' — table 1 row has 2 entries but cols=7
2026-05-15 06:28:11,304 [WARNING] utils.structure_validator: [StructureValidator] WARNING [table_col_mismatch]: 'noise_and_vibration/noise.dita' — table 1 row has 3 entries but cols=7
2026-05-15 06:28:11,304 [WARNING] utils.structure_validator: [StructureValidator] WARNING [table_col_mismatch]: 'noise_and_vibration/noise.dita' — table 1 row has 4 entries but cols=7
2026-05-15 06:28:11,304 [WARNING] utils.structure_validator: [StructureValidator] WARNING [table_col_mismatch]: 'noise_and_vibration/noise.dita' — table 1 row has 6 entries but cols=7
2026-05-15 06:28:11,304 [WARNING] utils.structure_validator: [StructureValidator] WARNING [table_missing_title]: 'noise_and_vibration/noise.dita' — <table> #1 has no <title> element — required for accessibility and DITA compliance
2026-05-15 06:28:11,305 [WARNING] utils.structure_validator: [StructureValidator] WARNING [missing_shortdesc]: 'noise_and_vibration/noise.dita' — <shortdesc> element is missing — required for search previews and navigation
2026-05-15 06:28:11,305 [WARNING] utils.structure_validator: [StructureValidator] WARNING [section_missing_title]: 'noise_and_vibration/vibration_weighted_overall_value.dita' — <section> #1 has no <title> — recommended for DITA compliance
2026-05-15 06:28:11,305 [WARNING] utils.structure_validator: [StructureValidator] WARNING [table_col_mismatch]: 'noise_and_vibration/vibration_weighted_overall_value.dita' — table 1 row has 2 entries but cols=4
2026-05-15 06:28:11,305 [WARNING] utils.structure_validator: [StructureValidator] WARNING [table_col_mismatch]: 'noise_and_vibration/vibration_weighted_overall_value.dita' — table 1 row has 3 entries but cols=4
2026-05-15 06:28:11,305 [WARNING] utils.structure_validator: [StructureValidator] WARNING [table_missing_title]: 'noise_and_vibration/vibration_weighted_overall_value.dita' — <table> #1 has no <title> element — required for accessibility and DITA compliance
2026-05-15 06:28:11,305 [WARNING] utils.structure_validator: [StructureValidator] WARNING [missing_shortdesc]: 'noise_and_vibration/vibration_weighted_overall_value.dita' — <shortdesc> element is missing — required for search previews and navigation
2026-05-15 06:28:11,306 [WARNING] utils.structure_validator: [StructureValidator] WARNING [missing_shortdesc]: 'operator_s_station_and_monitoring_systems/right_fork_operation_lever.dita' — <shortdesc> element is missing — required for search previews and navigation
2026-05-15 06:28:11,306 [WARNING] utils.structure_validator: [StructureValidator] WARNING [empty_body]: 'operator_s_station_and_monitoring_systems/radio.dita' — <conbody> exists but has no child elements or text content
2026-05-15 06:28:11,306 [WARNING] utils.structure_validator: [StructureValidator] WARNING [missing_shortdesc]: 'operator_s_station_and_monitoring_systems/radio.dita' — <shortdesc> element is missing — required for search previews and navigation
2026-05-15 06:28:11,307 [WARNING] utils.structure_validator: [StructureValidator] WARNING [image_missing_alt]: 'operator_s_station_and_monitoring_systems/d_console_tilt_angle_control_lever.dita' — <image> #1 (href='../media/image232.png') has no alt text — required for accessibility
2026-05-15 06:28:11,307 [WARNING] utils.structure_validator: [StructureValidator] WARNING [missing_shortdesc]: 'operator_s_station_and_monitoring_systems/d_console_tilt_angle_control_lever.dita' — <shortdesc> element is missing — required for search previews and navigation
2026-05-15 06:28:11,307 [WARNING] utils.structure_validator: [StructureValidator] WARNING [empty_body]: 'operator_s_station_and_monitoring_systems/getting_started.dita' — <conbody> exists but has no child elements or text content
2026-05-15 06:28:11,307 [WARNING] utils.structure_validator: [StructureValidator] WARNING [missing_shortdesc]: 'operator_s_station_and_monitoring_systems/getting_started.dita' — <shortdesc> element is missing — required for search previews and navigation
2026-05-15 06:28:11,308 [WARNING] utils.structure_validator: [StructureValidator] WARNING [image_missing_alt]: 'operator_s_station_and_monitoring_systems/4_the_left_side_dash_board_ovhd_guard.dita' — <image> #1 (href='../media/image215.png') has no alt text — required for accessibility
2026-05-15 06:28:11,308 [WARNING] utils.structure_validator: [StructureValidator] WARNING [missing_shortdesc]: 'operator_s_station_and_monitoring_systems/4_the_left_side_dash_board_ovhd_guard.dita' — <shortdesc> element is missing — required for search previews and navigation
2026-05-15 06:28:11,310 [WARNING] utils.structure_validator: [StructureValidator] WARNING [image_missing_alt]: 'operator_s_station_and_monitoring_systems/a_instrument_panel.dita' — <image> #1 (href='../media/image179.png') has no alt text — required for accessibility
2026-05-15 06:28:11,310 [WARNING] utils.structure_validator: [StructureValidator] WARNING [image_missing_alt]: 'operator_s_station_and_monitoring_systems/a_instrument_panel.dita' — <image> #2 (href='../media/image187.png') has no alt text — required for accessibility
2026-05-15 06:28:11,310 [WARNING] utils.structure_validator: [StructureValidator] WARNING [image_missing_alt]: 'operator_s_station_and_monitoring_systems/a_instrument_panel.dita' — <image> #3 (href='../media/image188.png') has no alt text — required for accessibility
2026-05-15 06:28:11,310 [WARNING] utils.structure_validator: [StructureValidator] WARNING [image_missing_alt]: 'operator_s_station_and_monitoring_systems/a_instrument_panel.dita' — <image> #4 (href='../media/image189.png') has no alt text — required for accessibility
2026-05-15 06:28:11,310 [WARNING] utils.structure_validator: [StructureValidator] WARNING [image_missing_alt]: 'operator_s_station_and_monitoring_systems/a_instrument_panel.dita' — <image> #5 (href='../media/image190.png') has no alt text — required for accessibility
2026-05-15 06:28:11,310 [WARNING] utils.structure_validator: [StructureValidator] WARNING [image_missing_alt]: 'operator_s_station_and_monitoring_systems/a_instrument_panel.dita' — <image> #6 (href='../media/image191.png') has no alt text — required for accessibility
2026-05-15 06:28:11,310 [WARNING] utils.structure_validator: [StructureValidator] WARNING [image_missing_alt]: 'operator_s_station_and_monitoring_systems/a_instrument_panel.dita' — <image> #7 (href='../media/image192.png') has no alt text — required for accessibility
2026-05-15 06:28:11,310 [WARNING] utils.structure_validator: [StructureValidator] WARNING [image_missing_alt]: 'operator_s_station_and_monitoring_systems/a_instrument_panel.dita' — <image> #8 (href='../media/image193.png') has no alt text — required for accessibility
2026-05-15 06:28:11,310 [WARNING] utils.structure_validator: [StructureValidator] WARNING [image_missing_alt]: 'operator_s_station_and_monitoring_systems/a_instrument_panel.dita' — <image> #9 (href='../media/image194.png') has no alt text — required for accessibility
2026-05-15 06:28:11,310 [WARNING] utils.structure_validator: [StructureValidator] WARNING [image_missing_alt]: 'operator_s_station_and_monitoring_systems/a_instrument_panel.dita' — <image> #10 (href='../media/image195.png') has no alt text — required for accessibility
2026-05-15 06:28:11,310 [WARNING] utils.structure_validator: [StructureValidator] WARNING [image_missing_alt]: 'operator_s_station_and_monitoring_systems/a_instrument_panel.dita' — <image> #11 (href='../media/image196.png') has no alt text — required for accessibility
2026-05-15 06:28:11,311 [WARNING] utils.structure_validator: [StructureValidator] WARNING [image_missing_alt]: 'operator_s_station_and_monitoring_systems/a_instrument_panel.dita' — <image> #12 (href='../media/image198.png') has no alt text — required for accessibility
2026-05-15 06:28:11,311 [WARNING] utils.structure_validator: [StructureValidator] WARNING [image_missing_alt]: 'operator_s_station_and_monitoring_systems/a_instrument_panel.dita' — <image> #13 (href='../media/image199.png') has no alt text — required for accessibility
2026-05-15 06:28:11,311 [WARNING] utils.structure_validator: [StructureValidator] WARNING [image_missing_alt]: 'operator_s_station_and_monitoring_systems/a_instrument_panel.dita' — <image> #14 (href='../media/image200.png') has no alt text — required for accessibility
2026-05-15 06:28:11,311 [WARNING] utils.structure_validator: [StructureValidator] WARNING [image_missing_alt]: 'operator_s_station_and_monitoring_systems/a_instrument_panel.dita' — <image> #15 (href='../media/image201.png') has no alt text — required for accessibility
2026-05-15 06:28:11,311 [WARNING] utils.structure_validator: [StructureValidator] WARNING [image_missing_alt]: 'operator_s_station_and_monitoring_systems/a_instrument_panel.dita' — <image> #16 (href='../media/image202.png') has no alt text — required for accessibility
2026-05-15 06:28:11,311 [WARNING] utils.structure_validator: [StructureValidator] WARNING [missing_shortdesc]: 'operator_s_station_and_monitoring_systems/a_instrument_panel.dita' — <shortdesc> element is missing — required for search previews and navigation
2026-05-15 06:28:11,312 [WARNING] utils.structure_validator: [StructureValidator] WARNING [step_empty_cmd]: 'operator_s_station_and_monitoring_systems/b_operation_method.dita' — step 1 has an empty <cmd> element
2026-05-15 06:28:11,312 [WARNING] utils.structure_validator: [StructureValidator] WARNING [step_empty_cmd]: 'operator_s_station_and_monitoring_systems/b_operation_method.dita' — step 3 has an empty <cmd> element
2026-05-15 06:28:11,312 [WARNING] utils.structure_validator: [StructureValidator] WARNING [step_empty_cmd]: 'operator_s_station_and_monitoring_systems/b_operation_method.dita' — step 4 has an empty <cmd> element
2026-05-15 06:28:11,312 [WARNING] utils.structure_validator: [StructureValidator] WARNING [step_empty_cmd]: 'operator_s_station_and_monitoring_systems/b_operation_method.dita' — step 5 has an empty <cmd> element
2026-05-15 06:28:11,313 [WARNING] utils.structure_validator: [StructureValidator] WARNING [step_empty_cmd]: 'operator_s_station_and_monitoring_systems/b_operation_method.dita' — step 6 has an empty <cmd> element
2026-05-15 06:28:11,313 [WARNING] utils.structure_validator: [StructureValidator] WARNING [step_empty_cmd]: 'operator_s_station_and_monitoring_systems/b_operation_method.dita' — step 7 has an empty <cmd> element
2026-05-15 06:28:11,313 [WARNING] utils.structure_validator: [StructureValidator] WARNING [step_empty_cmd]: 'operator_s_station_and_monitoring_systems/b_operation_method.dita' — step 8 has an empty <cmd> element
2026-05-15 06:28:11,313 [WARNING] utils.structure_validator: [StructureValidator] WARNING [image_missing_alt]: 'operator_s_station_and_monitoring_systems/b_operation_method.dita' — <image> #1 (href='../media/image684.png') has no alt text — required for accessibility
2026-05-15 06:28:11,313 [WARNING] utils.structure_validator: [StructureValidator] WARNING [image_missing_alt]: 'operator_s_station_and_monitoring_systems/b_operation_method.dita' — <image> #2 (href='../media/image684.png') has no alt text — required for accessibility
2026-05-15 06:28:11,313 [WARNING] utils.structure_validator: [StructureValidator] WARNING [image_missing_alt]: 'operator_s_station_and_monitoring_systems/b_operation_method.dita' — <image> #3 (href='../media/image670.png') has no alt text — required for accessibility
2026-05-15 06:28:11,313 [WARNING] utils.structure_validator: [StructureValidator] WARNING [image_missing_alt]: 'operator_s_station_and_monitoring_systems/b_operation_method.dita' — <image> #4 (href='../media/image671c.png') has no alt text — required for accessibility
2026-05-15 06:28:11,313 [WARNING] utils.structure_validator: [StructureValidator] WARNING [image_missing_alt]: 'operator_s_station_and_monitoring_systems/b_operation_method.dita' — <image> #5 (href='../media/image672f.png') has no alt text — required for accessibility
2026-05-15 06:28:11,313 [WARNING] utils.structure_validator: [StructureValidator] WARNING [image_missing_alt]: 'operator_s_station_and_monitoring_systems/b_operation_method.dita' — <image> #6 (href='../media/image675r.png') has no alt text — required for accessibility
2026-05-15 06:28:11,313 [WARNING] utils.structure_validator: [StructureValidator] WARNING [image_missing_alt]: 'operator_s_station_and_monitoring_systems/b_operation_method.dita' — <image> #7 (href='../media/image676w.png') has no alt text — required for accessibility
2026-05-15 06:28:11,313 [WARNING] utils.structure_validator: [StructureValidator] WARNING [image_missing_alt]: 'operator_s_station_and_monitoring_systems/b_operation_method.dita' — <image> #8 (href='../media/image677d.png') has no alt text — required for accessibility
2026-05-15 06:28:11,313 [WARNING] utils.structure_validator: [StructureValidator] WARNING [image_missing_alt]: 'operator_s_station_and_monitoring_systems/b_operation_method.dita' — <image> #9 (href='../media/image678q.png') has no alt text — required for accessibility
2026-05-15 06:28:11,313 [WARNING] utils.structure_validator: [StructureValidator] WARNING [missing_shortdesc]: 'operator_s_station_and_monitoring_systems/b_operation_method.dita' — <shortdesc> element is missing — required for search previews and navigation
2026-05-15 06:28:11,314 [WARNING] utils.structure_validator: [StructureValidator] WARNING [image_missing_alt]: 'operator_s_station_and_monitoring_systems/setting_the_region_of_radio_reception.dita' — <image> #1 (href='../media/image380.png') has no alt text — required for accessibility
2026-05-15 06:28:11,315 [WARNING] utils.structure_validator: [StructureValidator] WARNING [image_missing_alt]: 'operator_s_station_and_monitoring_systems/setting_the_region_of_radio_reception.dita' — <image> #2 (href='../media/image381.png') has no alt text — required for accessibility
2026-05-15 06:28:11,315 [WARNING] utils.structure_validator: [StructureValidator] WARNING [image_missing_alt]: 'operator_s_station_and_monitoring_systems/setting_the_region_of_radio_reception.dita' — <image> #3 (href='../media/image382.png') has no alt text — required for accessibility
2026-05-15 06:28:11,315 [WARNING] utils.structure_validator: [StructureValidator] WARNING [image_missing_alt]: 'operator_s_station_and_monitoring_systems/setting_the_region_of_radio_reception.dita' — <image> #4 (href='../media/image383(1).png') has no alt text — required for accessibility
2026-05-15 06:28:11,315 [WARNING] utils.structure_validator: [StructureValidator] WARNING [image_missing_alt]: 'operator_s_station_and_monitoring_systems/setting_the_region_of_radio_reception.dita' — <image> #5 (href='../media/image380(1).png') has no alt text — required for accessibility
2026-05-15 06:28:11,315 [WARNING] utils.structure_validator: [StructureValidator] WARNING [image_missing_alt]: 'operator_s_station_and_monitoring_systems/setting_the_region_of_radio_reception.dita' — <image> #6 (href='../media/image383(1).png') has no alt text — required for accessibility
2026-05-15 06:28:11,315 [WARNING] utils.structure_validator: [StructureValidator] WARNING [image_missing_alt]: 'operator_s_station_and_monitoring_systems/setting_the_region_of_radio_reception.dita' — <image> #7 (href='../media/image382(1).png') has no alt text — required for accessibility
2026-05-15 06:28:11,315 [WARNING] utils.structure_validator: [StructureValidator] WARNING [image_missing_alt]: 'operator_s_station_and_monitoring_systems/setting_the_region_of_radio_reception.dita' — <image> #8 (href='../media/image381(1).png') has no alt text — required for accessibility
2026-05-15 06:28:11,315 [WARNING] utils.structure_validator: [StructureValidator] WARNING [missing_shortdesc]: 'operator_s_station_and_monitoring_systems/setting_the_region_of_radio_reception.dita' — <shortdesc> element is missing — required for search previews and navigation
2026-05-15 06:28:11,316 [WARNING] utils.structure_validator: [StructureValidator] WARNING [image_missing_alt]: 'operator_s_station_and_monitoring_systems/turning_the_unit_on_off.dita' — <image> #1 (href='../media/image343.png') has no alt text — required for accessibility
2026-05-15 06:28:11,316 [WARNING] utils.structure_validator: [StructureValidator] WARNING [image_missing_alt]: 'operator_s_station_and_monitoring_systems/turning_the_unit_on_off.dita' — <image> #2 (href='../media/image349.png') has no alt text — required for accessibility
2026-05-15 06:28:11,316 [WARNING] utils.structure_validator: [StructureValidator] WARNING [image_missing_alt]: 'operator_s_station_and_monitoring_systems/turning_the_unit_on_off.dita' — <image> #3 (href='../media/image353.png') has no alt text — required for accessibility
2026-05-15 06:28:11,316 [WARNING] utils.structure_validator: [StructureValidator] WARNING [missing_shortdesc]: 'operator_s_station_and_monitoring_systems/turning_the_unit_on_off.dita' — <shortdesc> element is missing — required for search previews and navigation
2026-05-15 06:28:11,317 [WARNING] utils.structure_validator: [StructureValidator] WARNING [image_missing_alt]: 'operator_s_station_and_monitoring_systems/before_mp3_wma_usb_playback.dita' — <image> #1 (href='../media/image453a.png') has no alt text — required for accessibility
2026-05-15 06:28:11,317 [WARNING] utils.structure_validator: [StructureValidator] WARNING [missing_shortdesc]: 'operator_s_station_and_monitoring_systems/before_mp3_wma_usb_playback.dita' — <shortdesc> element is missing — required for search previews and navigation
2026-05-15 06:28:11,317 [WARNING] utils.structure_validator: [StructureValidator] WARNING [image_missing_alt]: 'operator_s_station_and_monitoring_systems/3_the_operator_switches.dita' — <image> #1 (href='../media/image211.png') has no alt text — required for accessibility
2026-05-15 06:28:11,318 [WARNING] utils.structure_validator: [StructureValidator] WARNING [image_missing_alt]: 'operator_s_station_and_monitoring_systems/3_the_operator_switches.dita' — <image> #2 (href='../media/image212.png') has no alt text — required for accessibility
2026-05-15 06:28:11,318 [WARNING] utils.structure_validator: [StructureValidator] WARNING [image_missing_alt]: 'operator_s_station_and_monitoring_systems/3_the_operator_switches.dita' — <image> #3 (href='../media/image214.png') has no alt text — required for accessibility
2026-05-15 06:28:11,318 [WARNING] utils.structure_validator: [StructureValidator] WARNING [missing_shortdesc]: 'operator_s_station_and_monitoring_systems/3_the_operator_switches.dita' — <shortdesc> element is missing — required for search previews and navigation
2026-05-15 06:28:11,318 [WARNING] utils.structure_validator: [StructureValidator] WARNING [section_missing_title]: 'operator_s_station_and_monitoring_systems/6_steering_wheel.dita' — <section> #1 has no <title> — recommended for DITA compliance
2026-05-15 06:28:11,319 [WARNING] utils.structure_validator: [StructureValidator] WARNING [table_missing_title]: 'operator_s_station_and_monitoring_systems/6_steering_wheel.dita' — <table> #1 has no <title> element — required for accessibility and DITA compliance
2026-05-15 06:28:11,319 [WARNING] utils.structure_validator: [StructureValidator] WARNING [image_missing_alt]: 'operator_s_station_and_monitoring_systems/6_steering_wheel.dita' — <image> #1 (href='../media/image240.png') has no alt text — required for accessibility
2026-05-15 06:28:11,319 [WARNING] utils.structure_validator: [StructureValidator] WARNING [image_missing_alt]: 'operator_s_station_and_monitoring_systems/6_steering_wheel.dita' — <image> #2 (href='../media/image241.png') has no alt text — required for accessibility
2026-05-15 06:28:11,319 [WARNING] utils.structure_validator: [StructureValidator] WARNING [missing_shortdesc]: 'operator_s_station_and_monitoring_systems/6_steering_wheel.dita' — <shortdesc> element is missing — required for search previews and navigation
2026-05-15 06:28:11,319 [WARNING] utils.structure_validator: [StructureValidator] WARNING [section_missing_title]: 'operator_s_station_and_monitoring_systems/5_pedal_configuration.dita' — <section> #1 has no <title> — recommended for DITA compliance
2026-05-15 06:28:11,319 [WARNING] utils.structure_validator: [StructureValidator] WARNING [table_missing_title]: 'operator_s_station_and_monitoring_systems/5_pedal_configuration.dita' — <table> #1 has no <title> element — required for accessibility and DITA compliance
2026-05-15 06:28:11,320 [WARNING] utils.structure_validator: [StructureValidator] WARNING [image_missing_alt]: 'operator_s_station_and_monitoring_systems/5_pedal_configuration.dita' — <image> #1 (href='../media/image227.png') has no alt text — required for accessibility
2026-05-15 06:28:11,320 [WARNING] utils.structure_validator: [StructureValidator] WARNING [missing_shortdesc]: 'operator_s_station_and_monitoring_systems/5_pedal_configuration.dita' — <shortdesc> element is missing — required for search previews and navigation
2026-05-15 06:28:11,320 [WARNING] utils.structure_validator: [StructureValidator] WARNING [empty_body]: 'operator_s_station_and_monitoring_systems/usb_player.dita' — <conbody> exists but has no child elements or text content
2026-05-15 06:28:11,320 [WARNING] utils.structure_validator: [StructureValidator] WARNING [missing_shortdesc]: 'operator_s_station_and_monitoring_systems/usb_player.dita' — <shortdesc> element is missing — required for search previews and navigation
2026-05-15 06:28:11,321 [WARNING] utils.structure_validator: [StructureValidator] WARNING [image_missing_alt]: 'operator_s_station_and_monitoring_systems/auto_manual_change_switch.dita' — <image> #1 (href='../media/image239.png') has no alt text — required for accessibility
2026-05-15 06:28:11,321 [WARNING] utils.structure_validator: [StructureValidator] WARNING [image_missing_alt]: 'operator_s_station_and_monitoring_systems/auto_manual_change_switch.dita' — <image> #2 (href='../media/image223.png') has no alt text — required for accessibility
2026-05-15 06:28:11,321 [WARNING] utils.structure_validator: [StructureValidator] WARNING [missing_shortdesc]: 'operator_s_station_and_monitoring_systems/auto_manual_change_switch.dita' — <shortdesc> element is missing — required for search previews and navigation
2026-05-15 06:28:11,321 [WARNING] utils.structure_validator: [StructureValidator] WARNING [image_missing_alt]: 'operator_s_station_and_monitoring_systems/location_of_controls.dita' — <image> #1 (href='../media/image252.png') has no alt text — required for accessibility
2026-05-15 06:28:11,322 [WARNING] utils.structure_validator: [StructureValidator] WARNING [image_missing_alt]: 'operator_s_station_and_monitoring_systems/location_of_controls.dita' — <image> #2 (href='../media/image244.png') has no alt text — required for accessibility
2026-05-15 06:28:11,322 [WARNING] utils.structure_validator: [StructureValidator] WARNING [missing_shortdesc]: 'operator_s_station_and_monitoring_systems/location_of_controls.dita' — <shortdesc> element is missing — required for search previews and navigation
2026-05-15 06:28:11,322 [WARNING] utils.structure_validator: [StructureValidator] WARNING [image_missing_alt]: 'operator_s_station_and_monitoring_systems/saving_radio_stations_automatically.dita' — <image> #1 (href='../media/image425a.png') has no alt text — required for accessibility
2026-05-15 06:28:11,322 [WARNING] utils.structure_validator: [StructureValidator] WARNING [image_missing_alt]: 'operator_s_station_and_monitoring_systems/saving_radio_stations_automatically.dita' — <image> #2 (href='../media/image430a.png') has no alt text — required for accessibility
2026-05-15 06:28:11,322 [WARNING] utils.structure_validator: [StructureValidator] WARNING [missing_shortdesc]: 'operator_s_station_and_monitoring_systems/saving_radio_stations_automatically.dita' — <shortdesc> element is missing — required for search previews and navigation
2026-05-15 06:28:11,323 [WARNING] utils.structure_validator: [StructureValidator] WARNING [missing_shortdesc]: 'operator_s_station_and_monitoring_systems/lift_lever.dita' — <shortdesc> element is missing — required for search previews and navigation
2026-05-15 06:28:11,323 [WARNING] utils.structure_validator: [StructureValidator] WARNING [missing_shortdesc]: 'operator_s_station_and_monitoring_systems/calling_via_handsfree_lf_equipped.dita' — <shortdesc> element is missing — required for search previews and navigation
2026-05-15 06:28:11,324 [WARNING] utils.structure_validator: [StructureValidator] WARNING [image_missing_alt]: 'operator_s_station_and_monitoring_systems/listening_to_auxiliary_audio_equipment.dita' — <image> #1 (href='../media/image506a.png') has no alt text — required for accessibility
2026-05-15 06:28:11,324 [WARNING] utils.structure_validator: [StructureValidator] WARNING [image_missing_alt]: 'operator_s_station_and_monitoring_systems/listening_to_auxiliary_audio_equipment.dita' — <image> #2 (href='../media/image561a.png') has no alt text — required for accessibility
2026-05-15 06:28:11,324 [WARNING] utils.structure_validator: [StructureValidator] WARNING [image_missing_alt]: 'operator_s_station_and_monitoring_systems/listening_to_auxiliary_audio_equipment.dita' — <image> #3 (href='../media/image554.png') has no alt text — required for accessibility
2026-05-15 06:28:11,324 [WARNING] utils.structure_validator: [StructureValidator] WARNING [image_missing_alt]: 'operator_s_station_and_monitoring_systems/listening_to_auxiliary_audio_equipment.dita' — <image> #4 (href='../media/image617a.png') has no alt text — required for accessibility
2026-05-15 06:28:11,324 [WARNING] utils.structure_validator: [StructureValidator] WARNING [missing_shortdesc]: 'operator_s_station_and_monitoring_systems/listening_to_auxiliary_audio_equipment.dita' — <shortdesc> element is missing — required for search previews and navigation
2026-05-15 06:28:11,325 [WARNING] utils.structure_validator: [StructureValidator] WARNING [image_missing_alt]: 'operator_s_station_and_monitoring_systems/a_front_display_basic_operation_menu.dita' — <image> #1 (href='../media/image679a.png') has no alt text — required for accessibility
2026-05-15 06:28:11,325 [WARNING] utils.structure_validator: [StructureValidator] WARNING [missing_shortdesc]: 'operator_s_station_and_monitoring_systems/a_front_display_basic_operation_menu.dita' — <shortdesc> element is missing — required for search previews and navigation
2026-05-15 06:28:11,325 [WARNING] utils.structure_validator: [StructureValidator] WARNING [missing_shortdesc]: 'operator_s_station_and_monitoring_systems/cigar_jack.dita' — <shortdesc> element is missing — required for search previews and navigation
2026-05-15 06:28:11,326 [WARNING] utils.structure_validator: [StructureValidator] WARNING [image_missing_alt]: 'operator_s_station_and_monitoring_systems/idle_select_switch.dita' — <image> #1 (href='../media/image234.png') has no alt text — required for accessibility
2026-05-15 06:28:11,326 [WARNING] utils.structure_validator: [StructureValidator] WARNING [image_missing_alt]: 'operator_s_station_and_monitoring_systems/idle_select_switch.dita' — <image> #2 (href='../media/image220.png') has no alt text — required for accessibility
2026-05-15 06:28:11,326 [WARNING] utils.structure_validator: [StructureValidator] WARNING [missing_shortdesc]: 'operator_s_station_and_monitoring_systems/idle_select_switch.dita' — <shortdesc> element is missing — required for search previews and navigation
2026-05-15 06:28:11,327 [WARNING] utils.structure_validator: [StructureValidator] WARNING [missing_shortdesc]: 'operator_s_station_and_monitoring_systems/handling_precautions_for_usb_device.dita' — <shortdesc> element is missing — required for search previews and navigation
2026-05-15 06:28:11,327 [WARNING] utils.structure_validator: [StructureValidator] WARNING [image_missing_alt]: 'operator_s_station_and_monitoring_systems/economic_fuel_saving_switch.dita' — <image> #1 (href='../media/image242.png') has no alt text — required for accessibility
2026-05-15 06:28:11,327 [WARNING] utils.structure_validator: [StructureValidator] WARNING [image_missing_alt]: 'operator_s_station_and_monitoring_systems/economic_fuel_saving_switch.dita' — <image> #2 (href='../media/image225.png') has no alt text — required for accessibility
2026-05-15 06:28:11,327 [WARNING] utils.structure_validator: [StructureValidator] WARNING [missing_shortdesc]: 'operator_s_station_and_monitoring_systems/economic_fuel_saving_switch.dita' — <shortdesc> element is missing — required for search previews and navigation
2026-05-15 06:28:11,329 [WARNING] utils.structure_validator: [StructureValidator] WARNING [image_missing_alt]: 'operator_s_station_and_monitoring_systems/change_the_playback_mode.dita' — <image> #1 (href='../media/image482.png') has no alt text — required for accessibility
2026-05-15 06:28:11,329 [WARNING] utils.structure_validator: [StructureValidator] WARNING [image_missing_alt]: 'operator_s_station_and_monitoring_systems/change_the_playback_mode.dita' — <image> #2 (href='../media/image483.png') has no alt text — required for accessibility
2026-05-15 06:28:11,329 [WARNING] utils.structure_validator: [StructureValidator] WARNING [image_missing_alt]: 'operator_s_station_and_monitoring_systems/change_the_playback_mode.dita' — <image> #3 (href='../media/image484.png') has no alt text — required for accessibility
2026-05-15 06:28:11,329 [WARNING] utils.structure_validator: [StructureValidator] WARNING [image_missing_alt]: 'operator_s_station_and_monitoring_systems/change_the_playback_mode.dita' — <image> #4 (href='../media/image485.png') has no alt text — required for accessibility
2026-05-15 06:28:11,329 [WARNING] utils.structure_validator: [StructureValidator] WARNING [image_missing_alt]: 'operator_s_station_and_monitoring_systems/change_the_playback_mode.dita' — <image> #5 (href='../media/image486.png') has no alt text — required for accessibility
2026-05-15 06:28:11,329 [WARNING] utils.structure_validator: [StructureValidator] WARNING [image_missing_alt]: 'operator_s_station_and_monitoring_systems/change_the_playback_mode.dita' — <image> #6 (href='../media/image248(1).png') has no alt text — required for accessibility
2026-05-15 06:28:11,329 [WARNING] utils.structure_validator: [StructureValidator] WARNING [image_missing_alt]: 'operator_s_station_and_monitoring_systems/change_the_playback_mode.dita' — <image> #7 (href='../media/image484(1).png') has no alt text — required for accessibility
2026-05-15 06:28:11,329 [WARNING] utils.structure_validator: [StructureValidator] WARNING [image_missing_alt]: 'operator_s_station_and_monitoring_systems/change_the_playback_mode.dita' — <image> #8 (href='../media/image248(2).png') has no alt text — required for accessibility
2026-05-15 06:28:11,329 [WARNING] utils.structure_validator: [StructureValidator] WARNING [image_missing_alt]: 'operator_s_station_and_monitoring_systems/change_the_playback_mode.dita' — <image> #9 (href='../media/image487.png') has no alt text — required for accessibility
2026-05-15 06:28:11,329 [WARNING] utils.structure_validator: [StructureValidator] WARNING [image_missing_alt]: 'operator_s_station_and_monitoring_systems/change_the_playback_mode.dita' — <image> #10 (href='../media/image488.png') has no alt text — required for accessibility
2026-05-15 06:28:11,329 [WARNING] utils.structure_validator: [StructureValidator] WARNING [image_missing_alt]: 'operator_s_station_and_monitoring_systems/change_the_playback_mode.dita' — <image> #11 (href='../media/image249(1).png') has no alt text — required for accessibility
2026-05-15 06:28:11,329 [WARNING] utils.structure_validator: [StructureValidator] WARNING [image_missing_alt]: 'operator_s_station_and_monitoring_systems/change_the_playback_mode.dita' — <image> #12 (href='../media/image489.png') has no alt text — required for accessibility
2026-05-15 06:28:11,329 [WARNING] utils.structure_validator: [StructureValidator] WARNING [missing_shortdesc]: 'operator_s_station_and_monitoring_systems/change_the_playback_mode.dita' — <shortdesc> element is missing — required for search previews and navigation
2026-05-15 06:28:11,330 [WARNING] utils.structure_validator: [StructureValidator] WARNING [empty_body]: 'operator_s_station_and_monitoring_systems/rear_camera_rear_view_with_steer_angle_option.dita' — <conbody> exists but has no child elements or text content
2026-05-15 06:28:11,330 [WARNING] utils.structure_validator: [StructureValidator] WARNING [missing_shortdesc]: 'operator_s_station_and_monitoring_systems/rear_camera_rear_view_with_steer_angle_option.dita' — <shortdesc> element is missing — required for search previews and navigation
2026-05-15 06:28:11,330 [WARNING] utils.structure_validator: [StructureValidator] WARNING [missing_shortdesc]: 'operator_s_station_and_monitoring_systems/left_fork_operation_lever.dita' — <shortdesc> element is missing — required for search previews and navigation
2026-05-15 06:28:11,331 [WARNING] utils.structure_validator: [StructureValidator] WARNING [missing_shortdesc]: 'operator_s_station_and_monitoring_systems/auxiliary_operation_lever_option.dita' — <shortdesc> element is missing — required for search previews and navigation
2026-05-15 06:28:11,331 [WARNING] utils.structure_validator: [StructureValidator] WARNING [image_missing_alt]: 'operator_s_station_and_monitoring_systems/listening_to_a_preset_station.dita' — <image> #1 (href='../media/image434a.png') has no alt text — required for accessibility
2026-05-15 06:28:11,331 [WARNING] utils.structure_validator: [StructureValidator] WARNING [image_missing_alt]: 'operator_s_station_and_monitoring_systems/listening_to_a_preset_station.dita' — <image> #2 (href='../media/image435.png') has no alt text — required for accessibility
2026-05-15 06:28:11,331 [WARNING] utils.structure_validator: [StructureValidator] WARNING [missing_shortdesc]: 'operator_s_station_and_monitoring_systems/listening_to_a_preset_station.dita' — <shortdesc> element is missing — required for search previews and navigation
2026-05-15 06:28:11,332 [WARNING] utils.structure_validator: [StructureValidator] WARNING [missing_steps]: 'operator_s_station_and_monitoring_systems/e_console_up_down_control_lever_if_installed.dita' — <taskbody> has no <steps> or <steps-unordered> element
2026-05-15 06:28:11,332 [WARNING] utils.structure_validator: [StructureValidator] WARNING [image_missing_alt]: 'operator_s_station_and_monitoring_systems/e_console_up_down_control_lever_if_installed.dita' — <image> #1 (href='../media/image235.png') has no alt text — required for accessibility
2026-05-15 06:28:11,332 [WARNING] utils.structure_validator: [StructureValidator] WARNING [missing_shortdesc]: 'operator_s_station_and_monitoring_systems/e_console_up_down_control_lever_if_installed.dita' — <shortdesc> element is missing — required for search previews and navigation
2026-05-15 06:28:11,333 [WARNING] utils.structure_validator: [StructureValidator] WARNING [image_missing_alt]: 'operator_s_station_and_monitoring_systems/tuning_in_a_station.dita' — <image> #1 (href='../media/image395a.png') has no alt text — required for accessibility
2026-05-15 06:28:11,333 [WARNING] utils.structure_validator: [StructureValidator] WARNING [image_missing_alt]: 'operator_s_station_and_monitoring_systems/tuning_in_a_station.dita' — <image> #2 (href='../media/image406a.png') has no alt text — required for accessibility
2026-05-15 06:28:11,333 [WARNING] utils.structure_validator: [StructureValidator] WARNING [missing_shortdesc]: 'operator_s_station_and_monitoring_systems/tuning_in_a_station.dita' — <shortdesc> element is missing — required for search previews and navigation
2026-05-15 06:28:11,333 [WARNING] utils.structure_validator: [StructureValidator] WARNING [section_missing_title]: 'operator_s_station_and_monitoring_systems/air_conditioner_controller.dita' — <section> #1 has no <title> — recommended for DITA compliance
2026-05-15 06:28:11,334 [WARNING] utils.structure_validator: [StructureValidator] WARNING [table_missing_title]: 'operator_s_station_and_monitoring_systems/air_conditioner_controller.dita' — <table> #1 has no <title> element — required for accessibility and DITA compliance
2026-05-15 06:28:11,334 [WARNING] utils.structure_validator: [StructureValidator] WARNING [image_missing_alt]: 'operator_s_station_and_monitoring_systems/air_conditioner_controller.dita' — <image> #1 (href='../media/image754.png') has no alt text — required for accessibility
2026-05-15 06:28:11,334 [WARNING] utils.structure_validator: [StructureValidator] WARNING [missing_shortdesc]: 'operator_s_station_and_monitoring_systems/air_conditioner_controller.dita' — <shortdesc> element is missing — required for search previews and navigation
2026-05-15 06:28:11,334 [WARNING] utils.structure_validator: [StructureValidator] WARNING [missing_shortdesc]: 'operator_s_station_and_monitoring_systems/tilt_lever.dita' — <shortdesc> element is missing — required for search previews and navigation
2026-05-15 06:28:11,335 [WARNING] utils.structure_validator: [StructureValidator] WARNING [image_missing_alt]: 'operator_s_station_and_monitoring_systems/1_the_right_side_dash_board_cabin.dita' — <image> #1 (href='../media/image163.png') has no alt text — required for accessibility
2026-05-15 06:28:11,335 [WARNING] utils.structure_validator: [StructureValidator] WARNING [missing_shortdesc]: 'operator_s_station_and_monitoring_systems/1_the_right_side_dash_board_cabin.dita' — <shortdesc> element is missing — required for search previews and navigation
2026-05-15 06:28:11,335 [WARNING] utils.structure_validator: [StructureValidator] WARNING [empty_body]: 'operator_s_station_and_monitoring_systems/aux_player.dita' — <conbody> exists but has no child elements or text content
2026-05-15 06:28:11,335 [WARNING] utils.structure_validator: [StructureValidator] WARNING [missing_shortdesc]: 'operator_s_station_and_monitoring_systems/aux_player.dita' — <shortdesc> element is missing — required for search previews and navigation
2026-05-15 06:28:11,336 [WARNING] utils.structure_validator: [StructureValidator] WARNING [section_missing_title]: 'operator_s_station_and_monitoring_systems/2_the_left_side_dash_board_cabin.dita' — <section> #1 has no <title> — recommended for DITA compliance
2026-05-15 06:28:11,336 [WARNING] utils.structure_validator: [StructureValidator] WARNING [table_missing_title]: 'operator_s_station_and_monitoring_systems/2_the_left_side_dash_board_cabin.dita' — <table> #1 has no <title> element — required for accessibility and DITA compliance
2026-05-15 06:28:11,336 [WARNING] utils.structure_validator: [StructureValidator] WARNING [table_missing_title]: 'operator_s_station_and_monitoring_systems/2_the_left_side_dash_board_cabin.dita' — <table> #2 has no <title> element — required for accessibility and DITA compliance
2026-05-15 06:28:11,336 [WARNING] utils.structure_validator: [StructureValidator] WARNING [image_missing_alt]: 'operator_s_station_and_monitoring_systems/2_the_left_side_dash_board_cabin.dita' — <image> #1 (href='../media/image208.png') has no alt text — required for accessibility
2026-05-15 06:28:11,336 [WARNING] utils.structure_validator: [StructureValidator] WARNING [image_missing_alt]: 'operator_s_station_and_monitoring_systems/2_the_left_side_dash_board_cabin.dita' — <image> #2 (href='../media/image238.png') has no alt text — required for accessibility
2026-05-15 06:28:11,336 [WARNING] utils.structure_validator: [StructureValidator] WARNING [image_missing_alt]: 'operator_s_station_and_monitoring_systems/2_the_left_side_dash_board_cabin.dita' — <image> #3 (href='../media/image221.png') has no alt text — required for accessibility
2026-05-15 06:28:11,336 [WARNING] utils.structure_validator: [StructureValidator] WARNING [missing_shortdesc]: 'operator_s_station_and_monitoring_systems/2_the_left_side_dash_board_cabin.dita' — <shortdesc> element is missing — required for search previews and navigation
2026-05-15 06:28:11,337 [WARNING] utils.structure_validator: [StructureValidator] WARNING [table_missing_title]: 'operator_s_station_and_monitoring_systems/rear_view_connectors.dita' — <table> #1 has no <title> element — required for accessibility and DITA compliance
2026-05-15 06:28:11,337 [WARNING] utils.structure_validator: [StructureValidator] WARNING [image_missing_alt]: 'operator_s_station_and_monitoring_systems/rear_view_connectors.dita' — <image> #1 (href='../media/image277.png') has no alt text — required for accessibility
2026-05-15 06:28:11,337 [WARNING] utils.structure_validator: [StructureValidator] WARNING [image_missing_alt]: 'operator_s_station_and_monitoring_systems/rear_view_connectors.dita' — <image> #2 (href='../media/image311.png') has no alt text — required for accessibility
2026-05-15 06:28:11,337 [WARNING] utils.structure_validator: [StructureValidator] WARNING [image_missing_alt]: 'operator_s_station_and_monitoring_systems/rear_view_connectors.dita' — <image> #3 (href='../media/image326.png') has no alt text — required for accessibility
2026-05-15 06:28:11,338 [WARNING] utils.structure_validator: [StructureValidator] WARNING [missing_shortdesc]: 'operator_s_station_and_monitoring_systems/rear_view_connectors.dita' — <shortdesc> element is missing — required for search previews and navigation
2026-05-15 06:28:11,338 [WARNING] utils.structure_validator: [StructureValidator] WARNING [missing_shortdesc]: 'operator_s_station_and_monitoring_systems/12v_socket.dita' — <shortdesc> element is missing — required for search previews and navigation
2026-05-15 06:28:11,338 [WARNING] utils.structure_validator: [StructureValidator] WARNING [missing_shortdesc]: 'operator_s_station_and_monitoring_systems/engine_diagnostic_switch.dita' — <shortdesc> element is missing — required for search previews and navigation
2026-05-15 06:28:11,339 [WARNING] utils.structure_validator: [StructureValidator] WARNING [empty_body]: 'operator_s_station_and_monitoring_systems/radio_2.dita' — <conbody> exists but has no child elements or text content
2026-05-15 06:28:11,339 [WARNING] utils.structure_validator: [StructureValidator] WARNING [missing_shortdesc]: 'operator_s_station_and_monitoring_systems/radio_2.dita' — <shortdesc> element is missing — required for search previews and navigation
2026-05-15 06:28:11,339 [WARNING] utils.structure_validator: [StructureValidator] WARNING [image_missing_alt]: 'operator_s_station_and_monitoring_systems/weight_scale_mode_option_hydraulic_type.dita' — <image> #1 (href='../media/image700a.png') has no alt text — required for accessibility
2026-05-15 06:28:11,339 [WARNING] utils.structure_validator: [StructureValidator] WARNING [image_missing_alt]: 'operator_s_station_and_monitoring_systems/weight_scale_mode_option_hydraulic_type.dita' — <image> #2 (href='../media/image692.png') has no alt text — required for accessibility
2026-05-15 06:28:11,340 [WARNING] utils.structure_validator: [StructureValidator] WARNING [missing_shortdesc]: 'operator_s_station_and_monitoring_systems/weight_scale_mode_option_hydraulic_type.dita' — <shortdesc> element is missing — required for search previews and navigation
2026-05-15 06:28:11,340 [WARNING] utils.structure_validator: [StructureValidator] WARNING [image_missing_alt]: 'operator_s_station_and_monitoring_systems/b_operation_method_display_menu.dita' — <image> #1 (href='../media/image630.png') has no alt text — required for accessibility
2026-05-15 06:28:11,340 [WARNING] utils.structure_validator: [StructureValidator] WARNING [missing_shortdesc]: 'operator_s_station_and_monitoring_systems/b_operation_method_display_menu.dita' — <shortdesc> element is missing — required for search previews and navigation
2026-05-15 06:28:11,343 [WARNING] utils.structure_validator: [StructureValidator] WARNING [step_empty_cmd]: 'operator_s_station_and_monitoring_systems/c_operation_method_setup_menu.dita' — step 1 has an empty <cmd> element
2026-05-15 06:28:11,343 [WARNING] utils.structure_validator: [StructureValidator] WARNING [step_empty_cmd]: 'operator_s_station_and_monitoring_systems/c_operation_method_setup_menu.dita' — step 2 has an empty <cmd> element
2026-05-15 06:28:11,343 [WARNING] utils.structure_validator: [StructureValidator] WARNING [step_empty_cmd]: 'operator_s_station_and_monitoring_systems/c_operation_method_setup_menu.dita' — step 3 has an empty <cmd> element
2026-05-15 06:28:11,343 [WARNING] utils.structure_validator: [StructureValidator] WARNING [step_empty_cmd]: 'operator_s_station_and_monitoring_systems/c_operation_method_setup_menu.dita' — step 4 has an empty <cmd> element
2026-05-15 06:28:11,343 [WARNING] utils.structure_validator: [StructureValidator] WARNING [step_empty_cmd]: 'operator_s_station_and_monitoring_systems/c_operation_method_setup_menu.dita' — step 10 has an empty <cmd> element
2026-05-15 06:28:11,343 [WARNING] utils.structure_validator: [StructureValidator] WARNING [step_empty_cmd]: 'operator_s_station_and_monitoring_systems/c_operation_method_setup_menu.dita' — step 11 has an empty <cmd> element
2026-05-15 06:28:11,343 [WARNING] utils.structure_validator: [StructureValidator] WARNING [step_empty_cmd]: 'operator_s_station_and_monitoring_systems/c_operation_method_setup_menu.dita' — step 12 has an empty <cmd> element
2026-05-15 06:28:11,344 [WARNING] utils.structure_validator: [StructureValidator] WARNING [image_missing_alt]: 'operator_s_station_and_monitoring_systems/c_operation_method_setup_menu.dita' — <image> #1 (href='../media/image632.png') has no alt text — required for accessibility
2026-05-15 06:28:11,344 [WARNING] utils.structure_validator: [StructureValidator] WARNING [image_missing_alt]: 'operator_s_station_and_monitoring_systems/c_operation_method_setup_menu.dita' — <image> #2 (href='../media/image615.png') has no alt text — required for accessibility
2026-05-15 06:28:11,344 [WARNING] utils.structure_validator: [StructureValidator] WARNING [image_missing_alt]: 'operator_s_station_and_monitoring_systems/c_operation_method_setup_menu.dita' — <image> #3 (href='../media/image626.png') has no alt text — required for accessibility
2026-05-15 06:28:11,344 [WARNING] utils.structure_validator: [StructureValidator] WARNING [image_missing_alt]: 'operator_s_station_and_monitoring_systems/c_operation_method_setup_menu.dita' — <image> #4 (href='../media/image627.png') has no alt text — required for accessibility
2026-05-15 06:28:11,344 [WARNING] utils.structure_validator: [StructureValidator] WARNING [image_missing_alt]: 'operator_s_station_and_monitoring_systems/c_operation_method_setup_menu.dita' — <image> #5 (href='../media/image628.png') has no alt text — required for accessibility
2026-05-15 06:28:11,344 [WARNING] utils.structure_validator: [StructureValidator] WARNING [image_missing_alt]: 'operator_s_station_and_monitoring_systems/c_operation_method_setup_menu.dita' — <image> #6 (href='../media/image639.png') has no alt text — required for accessibility
2026-05-15 06:28:11,344 [WARNING] utils.structure_validator: [StructureValidator] WARNING [image_missing_alt]: 'operator_s_station_and_monitoring_systems/c_operation_method_setup_menu.dita' — <image> #7 (href='../media/image616.png') has no alt text — required for accessibility
2026-05-15 06:28:11,344 [WARNING] utils.structure_validator: [StructureValidator] WARNING [image_missing_alt]: 'operator_s_station_and_monitoring_systems/c_operation_method_setup_menu.dita' — <image> #8 (href='../media/image631.png') has no alt text — required for accessibility
2026-05-15 06:28:11,344 [WARNING] utils.structure_validator: [StructureValidator] WARNING [image_missing_alt]: 'operator_s_station_and_monitoring_systems/c_operation_method_setup_menu.dita' — <image> #9 (href='../media/image633.png') has no alt text — required for accessibility
2026-05-15 06:28:11,344 [WARNING] utils.structure_validator: [StructureValidator] WARNING [image_missing_alt]: 'operator_s_station_and_monitoring_systems/c_operation_method_setup_menu.dita' — <image> #10 (href='../media/image643.png') has no alt text — required for accessibility
2026-05-15 06:28:11,344 [WARNING] utils.structure_validator: [StructureValidator] WARNING [image_missing_alt]: 'operator_s_station_and_monitoring_systems/c_operation_method_setup_menu.dita' — <image> #11 (href='../media/image635.png') has no alt text — required for accessibility
2026-05-15 06:28:11,344 [WARNING] utils.structure_validator: [StructureValidator] WARNING [image_missing_alt]: 'operator_s_station_and_monitoring_systems/c_operation_method_setup_menu.dita' — <image> #12 (href='../media/image646.png') has no alt text — required for accessibility
2026-05-15 06:28:11,344 [WARNING] utils.structure_validator: [StructureValidator] WARNING [image_missing_alt]: 'operator_s_station_and_monitoring_systems/c_operation_method_setup_menu.dita' — <image> #13 (href='../media/image637.png') has no alt text — required for accessibility
2026-05-15 06:28:11,345 [WARNING] utils.structure_validator: [StructureValidator] WARNING [image_missing_alt]: 'operator_s_station_and_monitoring_systems/c_operation_method_setup_menu.dita' — <image> #14 (href='../media/image649.png') has no alt text — required for accessibility
2026-05-15 06:28:11,345 [WARNING] utils.structure_validator: [StructureValidator] WARNING [image_missing_alt]: 'operator_s_station_and_monitoring_systems/c_operation_method_setup_menu.dita' — <image> #15 (href='../media/image651.png') has no alt text — required for accessibility
2026-05-15 06:28:11,345 [WARNING] utils.structure_validator: [StructureValidator] WARNING [image_missing_alt]: 'operator_s_station_and_monitoring_systems/c_operation_method_setup_menu.dita' — <image> #16 (href='../media/image641.png') has no alt text — required for accessibility
2026-05-15 06:28:11,345 [WARNING] utils.structure_validator: [StructureValidator] WARNING [image_missing_alt]: 'operator_s_station_and_monitoring_systems/c_operation_method_setup_menu.dita' — <image> #17 (href='../media/image654.png') has no alt text — required for accessibility
2026-05-15 06:28:11,345 [WARNING] utils.structure_validator: [StructureValidator] WARNING [image_missing_alt]: 'operator_s_station_and_monitoring_systems/c_operation_method_setup_menu.dita' — <image> #18 (href='../media/image644.png') has no alt text — required for accessibility
2026-05-15 06:28:11,345 [WARNING] utils.structure_validator: [StructureValidator] WARNING [image_missing_alt]: 'operator_s_station_and_monitoring_systems/c_operation_method_setup_menu.dita' — <image> #19 (href='../media/image645.png') has no alt text — required for accessibility
2026-05-15 06:28:11,345 [WARNING] utils.structure_validator: [StructureValidator] WARNING [image_missing_alt]: 'operator_s_station_and_monitoring_systems/c_operation_method_setup_menu.dita' — <image> #20 (href='../media/image647.png') has no alt text — required for accessibility
2026-05-15 06:28:11,345 [WARNING] utils.structure_validator: [StructureValidator] WARNING [image_missing_alt]: 'operator_s_station_and_monitoring_systems/c_operation_method_setup_menu.dita' — <image> #21 (href='../media/image648.png') has no alt text — required for accessibility
2026-05-15 06:28:11,345 [WARNING] utils.structure_validator: [StructureValidator] WARNING [image_missing_alt]: 'operator_s_station_and_monitoring_systems/c_operation_method_setup_menu.dita' — <image> #22 (href='../media/image650.png') has no alt text — required for accessibility
2026-05-15 06:28:11,345 [WARNING] utils.structure_validator: [StructureValidator] WARNING [image_missing_alt]: 'operator_s_station_and_monitoring_systems/c_operation_method_setup_menu.dita' — <image> #23 (href='../media/image651b.png') has no alt text — required for accessibility
2026-05-15 06:28:11,345 [WARNING] utils.structure_validator: [StructureValidator] WARNING [image_missing_alt]: 'operator_s_station_and_monitoring_systems/c_operation_method_setup_menu.dita' — <image> #24 (href='../media/image652.png') has no alt text — required for accessibility
2026-05-15 06:28:11,345 [WARNING] utils.structure_validator: [StructureValidator] WARNING [image_missing_alt]: 'operator_s_station_and_monitoring_systems/c_operation_method_setup_menu.dita' — <image> #25 (href='../media/image653.png') has no alt text — required for accessibility
2026-05-15 06:28:11,345 [WARNING] utils.structure_validator: [StructureValidator] WARNING [image_missing_alt]: 'operator_s_station_and_monitoring_systems/c_operation_method_setup_menu.dita' — <image> #26 (href='../media/image655.png') has no alt text — required for accessibility
2026-05-15 06:28:11,345 [WARNING] utils.structure_validator: [StructureValidator] WARNING [image_missing_alt]: 'operator_s_station_and_monitoring_systems/c_operation_method_setup_menu.dita' — <image> #27 (href='../media/image656.png') has no alt text — required for accessibility
2026-05-15 06:28:11,346 [WARNING] utils.structure_validator: [StructureValidator] WARNING [image_missing_alt]: 'operator_s_station_and_monitoring_systems/c_operation_method_setup_menu.dita' — <image> #28 (href='../media/image666.png') has no alt text — required for accessibility
2026-05-15 06:28:11,346 [WARNING] utils.structure_validator: [StructureValidator] WARNING [image_missing_alt]: 'operator_s_station_and_monitoring_systems/c_operation_method_setup_menu.dita' — <image> #29 (href='../media/image658.png') has no alt text — required for accessibility
2026-05-15 06:28:11,346 [WARNING] utils.structure_validator: [StructureValidator] WARNING [image_missing_alt]: 'operator_s_station_and_monitoring_systems/c_operation_method_setup_menu.dita' — <image> #30 (href='../media/image807.png') has no alt text — required for accessibility
2026-05-15 06:28:11,346 [WARNING] utils.structure_validator: [StructureValidator] WARNING [image_missing_alt]: 'operator_s_station_and_monitoring_systems/c_operation_method_setup_menu.dita' — <image> #31 (href='../media/image809.png') has no alt text — required for accessibility
2026-05-15 06:28:11,346 [WARNING] utils.structure_validator: [StructureValidator] WARNING [image_missing_alt]: 'operator_s_station_and_monitoring_systems/c_operation_method_setup_menu.dita' — <image> #32 (href='../media/image661.png') has no alt text — required for accessibility
2026-05-15 06:28:11,346 [WARNING] utils.structure_validator: [StructureValidator] WARNING [image_missing_alt]: 'operator_s_station_and_monitoring_systems/c_operation_method_setup_menu.dita' — <image> #33 (href='../media/image673.png') has no alt text — required for accessibility
2026-05-15 06:28:11,346 [WARNING] utils.structure_validator: [StructureValidator] WARNING [image_missing_alt]: 'operator_s_station_and_monitoring_systems/c_operation_method_setup_menu.dita' — <image> #34 (href='../media/image674.png') has no alt text — required for accessibility
2026-05-15 06:28:11,346 [WARNING] utils.structure_validator: [StructureValidator] WARNING [missing_shortdesc]: 'operator_s_station_and_monitoring_systems/c_operation_method_setup_menu.dita' — <shortdesc> element is missing — required for search previews and navigation
2026-05-15 06:28:11,347 [WARNING] utils.structure_validator: [StructureValidator] WARNING [empty_body]: 'operator_s_station_and_monitoring_systems/audio_system_am_fm_tuner_with_usb_aux_player.dita' — <conbody> exists but has no child elements or text content
2026-05-15 06:28:11,347 [WARNING] utils.structure_validator: [StructureValidator] WARNING [missing_shortdesc]: 'operator_s_station_and_monitoring_systems/audio_system_am_fm_tuner_with_usb_aux_player.dita' — <shortdesc> element is missing — required for search previews and navigation
2026-05-15 06:28:11,347 [WARNING] utils.structure_validator: [StructureValidator] WARNING [image_missing_alt]: 'operator_s_station_and_monitoring_systems/engine_stop_switch.dita' — <image> #1 (href='../media/image229.png') has no alt text — required for accessibility
2026-05-15 06:28:11,347 [WARNING] utils.structure_validator: [StructureValidator] WARNING [image_missing_alt]: 'operator_s_station_and_monitoring_systems/engine_stop_switch.dita' — <image> #2 (href='../media/image230.png') has no alt text — required for accessibility
2026-05-15 06:28:11,347 [WARNING] utils.structure_validator: [StructureValidator] WARNING [missing_shortdesc]: 'operator_s_station_and_monitoring_systems/engine_stop_switch.dita' — <shortdesc> element is missing — required for search previews and navigation
2026-05-15 06:28:11,348 [WARNING] utils.structure_validator: [StructureValidator] WARNING [image_missing_alt]: 'operator_s_station_and_monitoring_systems/display_window.dita' — <image> #1 (href='../media/image285.png') has no alt text — required for accessibility
2026-05-15 06:28:11,348 [WARNING] utils.structure_validator: [StructureValidator] WARNING [image_missing_alt]: 'operator_s_station_and_monitoring_systems/display_window.dita' — <image> #2 (href='../media/image246.png') has no alt text — required for accessibility
2026-05-15 06:28:11,348 [WARNING] utils.structure_validator: [StructureValidator] WARNING [image_missing_alt]: 'operator_s_station_and_monitoring_systems/display_window.dita' — <image> #3 (href='../media/image247.png') has no alt text — required for accessibility
2026-05-15 06:28:11,349 [WARNING] utils.structure_validator: [StructureValidator] WARNING [image_missing_alt]: 'operator_s_station_and_monitoring_systems/display_window.dita' — <image> #4 (href='../media/image248.png') has no alt text — required for accessibility
2026-05-15 06:28:11,349 [WARNING] utils.structure_validator: [StructureValidator] WARNING [image_missing_alt]: 'operator_s_station_and_monitoring_systems/display_window.dita' — <image> #5 (href='../media/image249.png') has no alt text — required for accessibility
2026-05-15 06:28:11,349 [WARNING] utils.structure_validator: [StructureValidator] WARNING [missing_shortdesc]: 'operator_s_station_and_monitoring_systems/display_window.dita' — <shortdesc> element is missing — required for search previews and navigation
2026-05-15 06:28:11,349 [WARNING] utils.structure_validator: [StructureValidator] WARNING [missing_shortdesc]: 'operator_s_station_and_monitoring_systems/seat_heater_switch_if_equipped.dita' — <shortdesc> element is missing — required for search previews and navigation
2026-05-15 06:28:11,349 [WARNING] utils.structure_validator: [StructureValidator] WARNING [missing_shortdesc]: 'operator_s_station_and_monitoring_systems/upper_rear_wipers_and_washer_switch.dita' — <shortdesc> element is missing — required for search previews and navigation
2026-05-15 06:28:11,350 [WARNING] utils.structure_validator: [StructureValidator] WARNING [image_missing_alt]: 'operator_s_station_and_monitoring_systems/playing_a_usb_device.dita' — <image> #1 (href='../media/image446.png') has no alt text — required for accessibility
2026-05-15 06:28:11,350 [WARNING] utils.structure_validator: [StructureValidator] WARNING [image_missing_alt]: 'operator_s_station_and_monitoring_systems/playing_a_usb_device.dita' — <image> #2 (href='../media/image447.png') has no alt text — required for accessibility
2026-05-15 06:28:11,350 [WARNING] utils.structure_validator: [StructureValidator] WARNING [image_missing_alt]: 'operator_s_station_and_monitoring_systems/playing_a_usb_device.dita' — <image> #3 (href='../media/image449a.png') has no alt text — required for accessibility
2026-05-15 06:28:11,350 [WARNING] utils.structure_validator: [StructureValidator] WARNING [image_missing_alt]: 'operator_s_station_and_monitoring_systems/playing_a_usb_device.dita' — <image> #4 (href='../media/image450.png') has no alt text — required for accessibility
2026-05-15 06:28:11,351 [WARNING] utils.structure_validator: [StructureValidator] WARNING [image_missing_alt]: 'operator_s_station_and_monitoring_systems/playing_a_usb_device.dita' — <image> #5 (href='../media/image451.png') has no alt text — required for accessibility
2026-05-15 06:28:11,351 [WARNING] utils.structure_validator: [StructureValidator] WARNING [missing_shortdesc]: 'operator_s_station_and_monitoring_systems/playing_a_usb_device.dita' — <shortdesc> element is missing — required for search previews and navigation
2026-05-15 06:28:11,351 [WARNING] utils.structure_validator: [StructureValidator] WARNING [missing_shortdesc]: 'operator_s_station_and_monitoring_systems/emergency_lamp_switch.dita' — <shortdesc> element is missing — required for search previews and navigation
2026-05-15 06:28:11,352 [WARNING] utils.structure_validator: [StructureValidator] WARNING [image_missing_alt]: 'operator_s_station_and_monitoring_systems/operator_s_station_and_monitoring_systems.dita' — <image> #1 (href='../media/image136.png') has no alt text — required for accessibility
2026-05-15 06:28:11,352 [WARNING] utils.structure_validator: [StructureValidator] WARNING [image_missing_alt]: 'operator_s_station_and_monitoring_systems/operator_s_station_and_monitoring_systems.dita' — <image> #2 (href='../media/image152.png') has no alt text — required for accessibility
2026-05-15 06:28:11,352 [WARNING] utils.structure_validator: [StructureValidator] WARNING [missing_shortdesc]: 'operator_s_station_and_monitoring_systems/operator_s_station_and_monitoring_systems.dita' — <shortdesc> element is missing — required for search previews and navigation
2026-05-15 06:28:11,352 [WARNING] utils.structure_validator: [StructureValidator] WARNING [image_missing_alt]: 'operator_s_station_and_monitoring_systems/controlling_the_playback.dita' — <image> #1 (href='../media/image469a.png') has no alt text — required for accessibility
2026-05-15 06:28:11,353 [WARNING] utils.structure_validator: [StructureValidator] WARNING [image_missing_alt]: 'operator_s_station_and_monitoring_systems/controlling_the_playback.dita' — <image> #2 (href='../media/image406b.png') has no alt text — required for accessibility
2026-05-15 06:28:11,353 [WARNING] utils.structure_validator: [StructureValidator] WARNING [image_missing_alt]: 'operator_s_station_and_monitoring_systems/controlling_the_playback.dita' — <image> #3 (href='../media/image480.png') has no alt text — required for accessibility
2026-05-15 06:28:11,353 [WARNING] utils.structure_validator: [StructureValidator] WARNING [image_missing_alt]: 'operator_s_station_and_monitoring_systems/controlling_the_playback.dita' — <image> #4 (href='../media/image481.png') has no alt text — required for accessibility
2026-05-15 06:28:11,353 [WARNING] utils.structure_validator: [StructureValidator] WARNING [missing_shortdesc]: 'operator_s_station_and_monitoring_systems/controlling_the_playback.dita' — <shortdesc> element is missing — required for search previews and navigation
2026-05-15 06:28:11,353 [WARNING] utils.structure_validator: [StructureValidator] WARNING [missing_shortdesc]: 'operator_s_station_and_monitoring_systems/about_mp3_wma.dita' — <shortdesc> element is missing — required for search previews and navigation
2026-05-15 06:28:11,354 [WARNING] utils.structure_validator: [StructureValidator] WARNING [image_missing_alt]: 'operator_s_station_and_monitoring_systems/heater_flow_control_valve.dita' — <image> #1 (href='../media/image611.png') has no alt text — required for accessibility
2026-05-15 06:28:11,354 [WARNING] utils.structure_validator: [StructureValidator] WARNING [missing_shortdesc]: 'operator_s_station_and_monitoring_systems/heater_flow_control_valve.dita' — <shortdesc> element is missing — required for search previews and navigation
2026-05-15 06:28:11,354 [WARNING] utils.structure_validator: [StructureValidator] WARNING [empty_body]: 'operator_s_station_and_monitoring_systems/rear_camera_only_rear_view_option.dita' — <conbody> exists but has no child elements or text content
2026-05-15 06:28:11,354 [WARNING] utils.structure_validator: [StructureValidator] WARNING [missing_shortdesc]: 'operator_s_station_and_monitoring_systems/rear_camera_only_rear_view_option.dita' — <shortdesc> element is missing — required for search previews and navigation
2026-05-15 06:28:11,355 [WARNING] utils.structure_validator: [StructureValidator] WARNING [image_missing_alt]: 'operator_s_station_and_monitoring_systems/a_description_of_the_buttons_basic_operation.dita' — <image> #1 (href='../media/image612.png') has no alt text — required for accessibility
2026-05-15 06:28:11,355 [WARNING] utils.structure_validator: [StructureValidator] WARNING [missing_shortdesc]: 'operator_s_station_and_monitoring_systems/a_description_of_the_buttons_basic_operation.dita' — <shortdesc> element is missing — required for search previews and navigation
2026-05-15 06:28:11,355 [WARNING] utils.structure_validator: [StructureValidator] WARNING [image_missing_alt]: 'operator_s_station_and_monitoring_systems/wired_remote_controller.dita' — <image> #1 (href='../media/image298.png') has no alt text — required for accessibility
2026-05-15 06:28:11,356 [WARNING] utils.structure_validator: [StructureValidator] WARNING [missing_shortdesc]: 'operator_s_station_and_monitoring_systems/wired_remote_controller.dita' — <shortdesc> element is missing — required for search previews and navigation
2026-05-15 06:28:11,356 [WARNING] utils.structure_validator: [StructureValidator] WARNING [missing_steps]: 'operator_s_station_and_monitoring_systems/c_engine_ignition_start_switch.dita' — <taskbody> has no <steps> or <steps-unordered> element
2026-05-15 06:28:11,356 [WARNING] utils.structure_validator: [StructureValidator] WARNING [image_missing_alt]: 'operator_s_station_and_monitoring_systems/c_engine_ignition_start_switch.dita' — <image> #1 (href='../media/image204.png') has no alt text — required for accessibility
2026-05-15 06:28:11,356 [WARNING] utils.structure_validator: [StructureValidator] WARNING [missing_shortdesc]: 'operator_s_station_and_monitoring_systems/c_engine_ignition_start_switch.dita' — <shortdesc> element is missing — required for search previews and navigation
2026-05-15 06:28:11,357 [WARNING] utils.structure_validator: [StructureValidator] WARNING [image_missing_alt]: 'operator_s_station_and_monitoring_systems/adjusting_volume_directly.dita' — <image> #1 (href='../media/image363.png') has no alt text — required for accessibility
2026-05-15 06:28:11,357 [WARNING] utils.structure_validator: [StructureValidator] WARNING [image_missing_alt]: 'operator_s_station_and_monitoring_systems/adjusting_volume_directly.dita' — <image> #2 (href='../media/image357.png') has no alt text — required for accessibility
2026-05-15 06:28:11,357 [WARNING] utils.structure_validator: [StructureValidator] WARNING [image_missing_alt]: 'operator_s_station_and_monitoring_systems/adjusting_volume_directly.dita' — <image> #3 (href='../media/image383.png') has no alt text — required for accessibility
2026-05-15 06:28:11,357 [WARNING] utils.structure_validator: [StructureValidator] WARNING [image_missing_alt]: 'operator_s_station_and_monitoring_systems/adjusting_volume_directly.dita' — <image> #4 (href='../media/image377.png') has no alt text — required for accessibility
2026-05-15 06:28:11,358 [WARNING] utils.structure_validator: [StructureValidator] WARNING [image_missing_alt]: 'operator_s_station_and_monitoring_systems/adjusting_volume_directly.dita' — <image> #5 (href='../media/image396.png') has no alt text — required for accessibility
2026-05-15 06:28:11,358 [WARNING] utils.structure_validator: [StructureValidator] WARNING [missing_shortdesc]: 'operator_s_station_and_monitoring_systems/adjusting_volume_directly.dita' — <shortdesc> element is missing — required for search previews and navigation
2026-05-15 06:28:11,358 [WARNING] utils.structure_validator: [StructureValidator] WARNING [missing_shortdesc]: 'operator_s_station_and_monitoring_systems/listening_to_dmb_sound_lf_equipped.dita' — <shortdesc> element is missing — required for search previews and navigation
2026-05-15 06:28:11,359 [WARNING] utils.structure_validator: [StructureValidator] WARNING [image_missing_alt]: 'operator_s_station_and_monitoring_systems/saving_radio_stations_manually.dita' — <image> #1 (href='../media/image418a.png') has no alt text — required for accessibility
2026-05-15 06:28:11,359 [WARNING] utils.structure_validator: [StructureValidator] WARNING [missing_shortdesc]: 'operator_s_station_and_monitoring_systems/saving_radio_stations_manually.dita' — <shortdesc> element is missing — required for search previews and navigation
2026-05-15 06:28:11,359 [WARNING] utils.structure_validator: [StructureValidator] WARNING [missing_steps]: 'operator_s_station_and_monitoring_systems/parking_brake_switch.dita' — <taskbody> has no <steps> or <steps-unordered> element
2026-05-15 06:28:11,359 [WARNING] utils.structure_validator: [StructureValidator] WARNING [image_missing_alt]: 'operator_s_station_and_monitoring_systems/parking_brake_switch.dita' — <image> #1 (href='../media/image216.png') has no alt text — required for accessibility
2026-05-15 06:28:11,359 [WARNING] utils.structure_validator: [StructureValidator] WARNING [missing_shortdesc]: 'operator_s_station_and_monitoring_systems/parking_brake_switch.dita' — <shortdesc> element is missing — required for search previews and navigation
2026-05-15 06:28:11,360 [WARNING] utils.structure_validator: [StructureValidator] WARNING [image_missing_alt]: 'operator_s_station_and_monitoring_systems/b_speed_meter.dita' — <image> #1 (href='../media/image213.png') has no alt text — required for accessibility
2026-05-15 06:28:11,360 [WARNING] utils.structure_validator: [StructureValidator] WARNING [missing_shortdesc]: 'operator_s_station_and_monitoring_systems/b_speed_meter.dita' — <shortdesc> element is missing — required for search previews and navigation
2026-05-15 06:28:11,360 [WARNING] utils.structure_validator: [StructureValidator] WARNING [missing_shortdesc]: 'important_safety_information/important_safety_information.dita' — <shortdesc> element is missing — required for search previews and navigation
2026-05-15 06:28:11,361 [WARNING] utils.structure_validator: [StructureValidator] WARNING [section_missing_title]: 'serial_number/serial_number_locations.dita' — <section> #1 has no <title> — recommended for DITA compliance
2026-05-15 06:28:11,361 [WARNING] utils.structure_validator: [StructureValidator] WARNING [image_missing_alt]: 'serial_number/serial_number_locations.dita' — <image> #1 (href='../media/image159.png') has no alt text — required for accessibility
2026-05-15 06:28:11,361 [WARNING] utils.structure_validator: [StructureValidator] WARNING [image_missing_alt]: 'serial_number/serial_number_locations.dita' — <image> #2 (href='../media/image157.png') has no alt text — required for accessibility
2026-05-15 06:28:11,361 [WARNING] utils.structure_validator: [StructureValidator] WARNING [image_missing_alt]: 'serial_number/serial_number_locations.dita' — <image> #3 (href='../media/image165.png') has no alt text — required for accessibility
2026-05-15 06:28:11,361 [WARNING] utils.structure_validator: [StructureValidator] WARNING [missing_shortdesc]: 'serial_number/serial_number_locations.dita' — <shortdesc> element is missing — required for search previews and navigation
2026-05-15 06:28:11,362 [WARNING] utils.structure_validator: [StructureValidator] WARNING [empty_body]: 'serial_number/serial_number.dita' — <conbody> exists but has no child elements or text content
2026-05-15 06:28:11,362 [WARNING] utils.structure_validator: [StructureValidator] WARNING [missing_shortdesc]: 'serial_number/serial_number.dita' — <shortdesc> element is missing — required for search previews and navigation
2026-05-15 06:28:11,362 [WARNING] utils.structure_validator: [StructureValidator] WARNING [missing_shortdesc]: 'operator_s_warning_and_identification_plate/attachment_abbreviations_includes_special_forks.dita' — <shortdesc> element is missing — required for search previews and navigation
2026-05-15 06:28:11,363 [WARNING] utils.structure_validator: [StructureValidator] WARNING [missing_shortdesc]: 'operator_s_warning_and_identification_plate/operator_s_warning_and_identification_plate.dita' — <shortdesc> element is missing — required for search previews and navigation
2026-05-15 06:28:11,363 [WARNING] utils.structure_validator: [StructureValidator] WARNING [missing_shortdesc]: 'operator_s_warning_and_identification_plate/lift_truck_capacity_rating.dita' — <shortdesc> element is missing — required for search previews and navigation
2026-05-15 06:28:11,364 [WARNING] utils.structure_validator: [StructureValidator] WARNING [image_missing_alt]: 'operator_s_warning_and_identification_plate/identification_lift_capacity_and_attachment_plate.dita' — <image> #1 (href='../media/image135.png') has no alt text — required for accessibility
2026-05-15 06:28:11,364 [WARNING] utils.structure_validator: [StructureValidator] WARNING [missing_shortdesc]: 'operator_s_warning_and_identification_plate/identification_lift_capacity_and_attachment_plate.dita' — <shortdesc> element is missing — required for search previews and navigation
2026-05-15 06:28:11,364 [WARNING] utils.structure_validator: [StructureValidator] WARNING [missing_shortdesc]: 'operator_s_warning_and_identification_plate/mast_abbreviations.dita' — <shortdesc> element is missing — required for search previews and navigation
2026-05-15 06:28:11,365 [WARNING] utils.structure_validator: [StructureValidator] WARNING [image_missing_alt]: 'operator_s_warning_and_identification_plate/operator_s_warning_plate.dita' — <image> #1 (href='../media/image167.png') has no alt text — required for accessibility
2026-05-15 06:28:11,365 [WARNING] utils.structure_validator: [StructureValidator] WARNING [missing_shortdesc]: 'operator_s_warning_and_identification_plate/operator_s_warning_plate.dita' — <shortdesc> element is missing — required for search previews and navigation
2026-05-15 06:28:11,365 [WARNING] utils.structure_validator: [StructureValidator] WARNING [empty_body]: 'seat_switch_system/seat.dita' — <conbody> exists but has no child elements or text content
2026-05-15 06:28:11,365 [WARNING] utils.structure_validator: [StructureValidator] WARNING [missing_shortdesc]: 'seat_switch_system/seat.dita' — <shortdesc> element is missing — required for search previews and navigation
2026-05-15 06:28:11,366 [WARNING] utils.structure_validator: [StructureValidator] WARNING [image_missing_alt]: 'seat_switch_system/circuit_breaker.dita' — <image> #1 (href='../media/image714.png') has no alt text — required for accessibility
2026-05-15 06:28:11,366 [WARNING] utils.structure_validator: [StructureValidator] WARNING [missing_shortdesc]: 'seat_switch_system/circuit_breaker.dita' — <shortdesc> element is missing — required for search previews and navigation
2026-05-15 06:28:11,366 [WARNING] utils.structure_validator: [StructureValidator] WARNING [image_missing_alt]: 'seat_switch_system/seat_adjustment_2.dita' — <image> #1 (href='../media/image698.png') has no alt text — required for accessibility
2026-05-15 06:28:11,366 [WARNING] utils.structure_validator: [StructureValidator] WARNING [image_missing_alt]: 'seat_switch_system/seat_adjustment_2.dita' — <image> #2 (href='../media/image699.png') has no alt text — required for accessibility
2026-05-15 06:28:11,367 [WARNING] utils.structure_validator: [StructureValidator] WARNING [image_missing_alt]: 'seat_switch_system/seat_adjustment_2.dita' — <image> #3 (href='../media/image708.png') has no alt text — required for accessibility
2026-05-15 06:28:11,367 [WARNING] utils.structure_validator: [StructureValidator] WARNING [missing_shortdesc]: 'seat_switch_system/seat_adjustment_2.dita' — <shortdesc> element is missing — required for search previews and navigation
2026-05-15 06:28:11,367 [WARNING] utils.structure_validator: [StructureValidator] WARNING [image_missing_alt]: 'seat_switch_system/fuse_box.dita' — <image> #1 (href='../media/image696.png') has no alt text — required for accessibility
2026-05-15 06:28:11,367 [WARNING] utils.structure_validator: [StructureValidator] WARNING [missing_shortdesc]: 'seat_switch_system/fuse_box.dita' — <shortdesc> element is missing — required for search previews and navigation
2026-05-15 06:28:11,368 [WARNING] utils.structure_validator: [StructureValidator] WARNING [image_missing_alt]: 'seat_switch_system/air_suspension_seat_option_grammer.dita' — <image> #1 (href='../media/image709.png') has no alt text — required for accessibility
2026-05-15 06:28:11,368 [WARNING] utils.structure_validator: [StructureValidator] WARNING [missing_shortdesc]: 'seat_switch_system/air_suspension_seat_option_grammer.dita' — <shortdesc> element is missing — required for search previews and navigation
2026-05-15 06:28:11,369 [WARNING] utils.structure_validator: [StructureValidator] WARNING [image_missing_alt]: 'seat_switch_system/seat_switch_system.dita' — <image> #1 (href='../media/image693a.png') has no alt text — required for accessibility
2026-05-15 06:28:11,369 [WARNING] utils.structure_validator: [StructureValidator] WARNING [missing_shortdesc]: 'seat_switch_system/seat_switch_system.dita' — <shortdesc> element is missing — required for search previews and navigation
2026-05-15 06:28:11,369 [WARNING] utils.structure_validator: [StructureValidator] WARNING [missing_steps]: 'seat_switch_system/tow_eye.dita' — <taskbody> has no <steps> or <steps-unordered> element
2026-05-15 06:28:11,369 [WARNING] utils.structure_validator: [StructureValidator] WARNING [image_missing_alt]: 'seat_switch_system/tow_eye.dita' — <image> #1 (href='../media/image695.png') has no alt text — required for accessibility
2026-05-15 06:28:11,369 [WARNING] utils.structure_validator: [StructureValidator] WARNING [missing_shortdesc]: 'seat_switch_system/tow_eye.dita' — <shortdesc> element is missing — required for search previews and navigation
2026-05-15 06:28:11,370 [WARNING] utils.structure_validator: [StructureValidator] WARNING [image_missing_alt]: 'seat_switch_system/steering_column_tilting_angle_adjustment.dita' — <image> #1 (href='../media/image694.png') has no alt text — required for accessibility
2026-05-15 06:28:11,370 [WARNING] utils.structure_validator: [StructureValidator] WARNING [missing_shortdesc]: 'seat_switch_system/steering_column_tilting_angle_adjustment.dita' — <shortdesc> element is missing — required for search previews and navigation
2026-05-15 06:28:11,371 [WARNING] utils.structure_validator: [StructureValidator] WARNING [image_missing_alt]: 'before_starting_the_engine/walk_around_inspection.dita' — <image> #1 (href='../media/image744.png') has no alt text — required for accessibility
2026-05-15 06:28:11,371 [WARNING] utils.structure_validator: [StructureValidator] WARNING [image_missing_alt]: 'before_starting_the_engine/walk_around_inspection.dita' — <image> #2 (href='../media/image732.png') has no alt text — required for accessibility
2026-05-15 06:28:11,371 [WARNING] utils.structure_validator: [StructureValidator] WARNING [image_missing_alt]: 'before_starting_the_engine/walk_around_inspection.dita' — <image> #3 (href='../media/image747.png') has no alt text — required for accessibility
2026-05-15 06:28:11,371 [WARNING] utils.structure_validator: [StructureValidator] WARNING [image_missing_alt]: 'before_starting_the_engine/walk_around_inspection.dita' — <image> #4 (href='../media/image749.png') has no alt text — required for accessibility
2026-05-15 06:28:11,371 [WARNING] utils.structure_validator: [StructureValidator] WARNING [image_missing_alt]: 'before_starting_the_engine/walk_around_inspection.dita' — <image> #5 (href='../media/image932.png') has no alt text — required for accessibility
2026-05-15 06:28:11,371 [WARNING] utils.structure_validator: [StructureValidator] WARNING [image_missing_alt]: 'before_starting_the_engine/walk_around_inspection.dita' — <image> #6 (href='../media/image752.png') has no alt text — required for accessibility
2026-05-15 06:28:11,371 [WARNING] utils.structure_validator: [StructureValidator] WARNING [missing_shortdesc]: 'before_starting_the_engine/walk_around_inspection.dita' — <shortdesc> element is missing — required for search previews and navigation
2026-05-15 06:28:11,372 [WARNING] utils.structure_validator: [StructureValidator] WARNING [empty_body]: 'before_starting_the_engine/before_starting_the_engine.dita' — <conbody> exists but has no child elements or text content
2026-05-15 06:28:11,372 [WARNING] utils.structure_validator: [StructureValidator] WARNING [missing_shortdesc]: 'before_starting_the_engine/before_starting_the_engine.dita' — <shortdesc> element is missing — required for search previews and navigation
2026-05-15 06:28:11,372 [WARNING] utils.structure_validator: [StructureValidator] WARNING [section_missing_title]: 'capacity_chart/capacity_chart.dita' — <section> #1 has no <title> — recommended for DITA compliance
2026-05-15 06:28:11,373 [WARNING] utils.structure_validator: [StructureValidator] WARNING [table_missing_title]: 'capacity_chart/capacity_chart.dita' — <table> #1 has no <title> element — required for accessibility and DITA compliance
2026-05-15 06:28:11,373 [WARNING] utils.structure_validator: [StructureValidator] WARNING [image_missing_alt]: 'capacity_chart/capacity_chart.dita' — <image> #1 (href='../media/image113.png') has no alt text — required for accessibility
2026-05-15 06:28:11,373 [WARNING] utils.structure_validator: [StructureValidator] WARNING [image_missing_alt]: 'capacity_chart/capacity_chart.dita' — <image> #2 (href='../media/image137.png') has no alt text — required for accessibility
2026-05-15 06:28:11,373 [WARNING] utils.structure_validator: [StructureValidator] WARNING [missing_shortdesc]: 'capacity_chart/capacity_chart.dita' — <shortdesc> element is missing — required for search previews and navigation
2026-05-15 06:28:11,373 [WARNING] utils.structure_validator: [StructureValidator] WARNING [image_missing_alt]: 'operating_techniques/lifting_drums_or_round_objects.dita' — <image> #1 (href='../media/image802.png') has no alt text — required for accessibility
2026-05-15 06:28:11,373 [WARNING] utils.structure_validator: [StructureValidator] WARNING [image_missing_alt]: 'operating_techniques/lifting_drums_or_round_objects.dita' — <image> #2 (href='../media/image803.png') has no alt text — required for accessibility
2026-05-15 06:28:11,374 [WARNING] utils.structure_validator: [StructureValidator] WARNING [missing_shortdesc]: 'operating_techniques/lifting_drums_or_round_objects.dita' — <shortdesc> element is missing — required for search previews and navigation
2026-05-15 06:28:11,374 [WARNING] utils.structure_validator: [StructureValidator] WARNING [missing_shortdesc]: 'operating_techniques/load_stability.dita' — <shortdesc> element is missing — required for search previews and navigation
2026-05-15 06:28:11,374 [WARNING] utils.structure_validator: [StructureValidator] WARNING [missing_shortdesc]: 'operating_techniques/operating_in_hot_weather.dita' — <shortdesc> element is missing — required for search previews and navigation
2026-05-15 06:28:11,375 [WARNING] utils.structure_validator: [StructureValidator] WARNING [empty_body]: 'operating_techniques/operating_techniques.dita' — <conbody> exists but has no child elements or text content
2026-05-15 06:28:11,375 [WARNING] utils.structure_validator: [StructureValidator] WARNING [missing_shortdesc]: 'operating_techniques/operating_techniques.dita' — <shortdesc> element is missing — required for search previews and navigation
2026-05-15 06:28:11,375 [WARNING] utils.structure_validator: [StructureValidator] WARNING [image_missing_alt]: 'operating_techniques/turning.dita' — <image> #1 (href='../media/image800.png') has no alt text — required for accessibility
2026-05-15 06:28:11,375 [WARNING] utils.structure_validator: [StructureValidator] WARNING [image_missing_alt]: 'operating_techniques/turning.dita' — <image> #2 (href='../media/image801.png') has no alt text — required for accessibility
2026-05-15 06:28:11,375 [WARNING] utils.structure_validator: [StructureValidator] WARNING [missing_shortdesc]: 'operating_techniques/turning.dita' — <shortdesc> element is missing — required for search previews and navigation
2026-05-15 06:28:11,376 [WARNING] utils.structure_validator: [StructureValidator] WARNING [missing_steps]: 'operating_techniques/safety_instructions_for_attachments_when_transporting_wide_loads.dita' — <taskbody> has no <steps> or <steps-unordered> element
2026-05-15 06:28:11,376 [WARNING] utils.structure_validator: [StructureValidator] WARNING [image_missing_alt]: 'operating_techniques/safety_instructions_for_attachments_when_transporting_wide_loads.dita' — <image> #1 (href='../media/image805.png') has no alt text — required for accessibility
2026-05-15 06:28:11,376 [WARNING] utils.structure_validator: [StructureValidator] WARNING [missing_shortdesc]: 'operating_techniques/safety_instructions_for_attachments_when_transporting_wide_loads.dita' — <shortdesc> element is missing — required for search previews and navigation
2026-05-15 06:28:11,376 [WARNING] utils.structure_validator: [StructureValidator] WARNING [missing_shortdesc]: 'operating_techniques/visibility.dita' — <shortdesc> element is missing — required for search previews and navigation
2026-05-15 06:28:11,377 [WARNING] utils.structure_validator: [StructureValidator] WARNING [image_missing_alt]: 'operating_techniques/unloading.dita' — <image> #1 (href='../media/image794.png') has no alt text — required for accessibility
2026-05-15 06:28:11,377 [WARNING] utils.structure_validator: [StructureValidator] WARNING [image_missing_alt]: 'operating_techniques/unloading.dita' — <image> #2 (href='../media/image796.png') has no alt text — required for accessibility
2026-05-15 06:28:11,377 [WARNING] utils.structure_validator: [StructureValidator] WARNING [image_missing_alt]: 'operating_techniques/unloading.dita' — <image> #3 (href='../media/image798.png') has no alt text — required for accessibility
2026-05-15 06:28:11,377 [WARNING] utils.structure_validator: [StructureValidator] WARNING [image_missing_alt]: 'operating_techniques/unloading.dita' — <image> #4 (href='../media/image799.png') has no alt text — required for accessibility
2026-05-15 06:28:11,378 [WARNING] utils.structure_validator: [StructureValidator] WARNING [missing_shortdesc]: 'operating_techniques/unloading.dita' — <shortdesc> element is missing — required for search previews and navigation
2026-05-15 06:28:11,378 [WARNING] utils.structure_validator: [StructureValidator] WARNING [missing_shortdesc]: 'operating_techniques/load_swing.dita' — <shortdesc> element is missing — required for search previews and navigation
2026-05-15 06:28:11,378 [WARNING] utils.structure_validator: [StructureValidator] WARNING [missing_shortdesc]: 'operating_techniques/load_lateral_centre_of_gravity.dita' — <shortdesc> element is missing — required for search previews and navigation
2026-05-15 06:28:11,379 [WARNING] utils.structure_validator: [StructureValidator] WARNING [image_missing_alt]: 'operating_techniques/lifting_the_load.dita' — <image> #1 (href='../media/image789.png') has no alt text — required for accessibility
2026-05-15 06:28:11,379 [WARNING] utils.structure_validator: [StructureValidator] WARNING [image_missing_alt]: 'operating_techniques/lifting_the_load.dita' — <image> #2 (href='../media/image790.png') has no alt text — required for accessibility
2026-05-15 06:28:11,379 [WARNING] utils.structure_validator: [StructureValidator] WARNING [missing_shortdesc]: 'operating_techniques/lifting_the_load.dita' — <shortdesc> element is missing — required for search previews and navigation
2026-05-15 06:28:11,380 [WARNING] utils.structure_validator: [StructureValidator] WARNING [image_missing_alt]: 'operating_techniques/inching_into_loads.dita' — <image> #1 (href='../media/image787.png') has no alt text — required for accessibility
2026-05-15 06:28:11,380 [WARNING] utils.structure_validator: [StructureValidator] WARNING [image_missing_alt]: 'operating_techniques/inching_into_loads.dita' — <image> #2 (href='../media/image788.png') has no alt text — required for accessibility
2026-05-15 06:28:11,380 [WARNING] utils.structure_validator: [StructureValidator] WARNING [missing_shortdesc]: 'operating_techniques/inching_into_loads.dita' — <shortdesc> element is missing — required for search previews and navigation
2026-05-15 06:28:11,380 [WARNING] utils.structure_validator: [StructureValidator] WARNING [missing_steps]: 'operating_techniques/safety_instructions_for_attachments_when_transporting_suspended_load.dita' — <taskbody> has no <steps> or <steps-unordered> element
2026-05-15 06:28:11,380 [WARNING] utils.structure_validator: [StructureValidator] WARNING [image_missing_alt]: 'operating_techniques/safety_instructions_for_attachments_when_transporting_suspended_load.dita' — <image> #1 (href='../media/image804.png') has no alt text — required for accessibility
2026-05-15 06:28:11,380 [WARNING] utils.structure_validator: [StructureValidator] WARNING [missing_shortdesc]: 'operating_techniques/safety_instructions_for_attachments_when_transporting_suspended_load.dita' — <shortdesc> element is missing — required for search previews and navigation
2026-05-15 06:28:11,381 [WARNING] utils.structure_validator: [StructureValidator] WARNING [missing_shortdesc]: 'operating_techniques/load_shift.dita' — <shortdesc> element is missing — required for search previews and navigation
2026-05-15 06:28:11,381 [WARNING] utils.structure_validator: [StructureValidator] WARNING [image_missing_alt]: 'operating_techniques/traveling_with_the_load.dita' — <image> #1 (href='../media/image791.png') has no alt text — required for accessibility
2026-05-15 06:28:11,381 [WARNING] utils.structure_validator: [StructureValidator] WARNING [image_missing_alt]: 'operating_techniques/traveling_with_the_load.dita' — <image> #2 (href='../media/image792.png') has no alt text — required for accessibility
2026-05-15 06:28:11,382 [WARNING] utils.structure_validator: [StructureValidator] WARNING [missing_shortdesc]: 'operating_techniques/traveling_with_the_load.dita' — <shortdesc> element is missing — required for search previews and navigation
2026-05-15 06:28:11,383 [WARNING] utils.structure_validator: [StructureValidator] WARNING [section_missing_title]: 'specifications/specifications.dita' — <section> #1 has no <title> — recommended for DITA compliance
2026-05-15 06:28:11,383 [WARNING] utils.structure_validator: [StructureValidator] WARNING [table_col_mismatch]: 'specifications/specifications.dita' — table 1 row has 1 entries but cols=8
2026-05-15 06:28:11,384 [WARNING] utils.structure_validator: [StructureValidator] WARNING [table_col_mismatch]: 'specifications/specifications.dita' — table 1 row has 7 entries but cols=8
2026-05-15 06:28:11,384 [WARNING] utils.structure_validator: [StructureValidator] WARNING [table_col_mismatch]: 'specifications/specifications.dita' — table 1 row has 7 entries but cols=8
2026-05-15 06:28:11,384 [WARNING] utils.structure_validator: [StructureValidator] WARNING [table_col_mismatch]: 'specifications/specifications.dita' — table 1 row has 7 entries but cols=8
2026-05-15 06:28:11,384 [WARNING] utils.structure_validator: [StructureValidator] WARNING [table_col_mismatch]: 'specifications/specifications.dita' — table 1 row has 7 entries but cols=8
2026-05-15 06:28:11,384 [WARNING] utils.structure_validator: [StructureValidator] WARNING [table_col_mismatch]: 'specifications/specifications.dita' — table 1 row has 6 entries but cols=8
2026-05-15 06:28:11,384 [WARNING] utils.structure_validator: [StructureValidator] WARNING [table_col_mismatch]: 'specifications/specifications.dita' — table 1 row has 6 entries but cols=8
2026-05-15 06:28:11,384 [WARNING] utils.structure_validator: [StructureValidator] WARNING [table_col_mismatch]: 'specifications/specifications.dita' — table 1 row has 6 entries but cols=8
2026-05-15 06:28:11,384 [WARNING] utils.structure_validator: [StructureValidator] WARNING [table_col_mismatch]: 'specifications/specifications.dita' — table 1 row has 1 entries but cols=8
2026-05-15 06:28:11,384 [WARNING] utils.structure_validator: [StructureValidator] WARNING [table_col_mismatch]: 'specifications/specifications.dita' — table 1 row has 7 entries but cols=8
2026-05-15 06:28:11,384 [WARNING] utils.structure_validator: [StructureValidator] WARNING [table_col_mismatch]: 'specifications/specifications.dita' — table 1 row has 7 entries but cols=8
2026-05-15 06:28:11,384 [WARNING] utils.structure_validator: [StructureValidator] WARNING [table_col_mismatch]: 'specifications/specifications.dita' — table 1 row has 7 entries but cols=8
2026-05-15 06:28:11,384 [WARNING] utils.structure_validator: [StructureValidator] WARNING [table_col_mismatch]: 'specifications/specifications.dita' — table 1 row has 6 entries but cols=8
2026-05-15 06:28:11,384 [WARNING] utils.structure_validator: [StructureValidator] WARNING [table_col_mismatch]: 'specifications/specifications.dita' — table 1 row has 7 entries but cols=8
2026-05-15 06:28:11,384 [WARNING] utils.structure_validator: [StructureValidator] WARNING [table_col_mismatch]: 'specifications/specifications.dita' — table 1 row has 7 entries but cols=8
2026-05-15 06:28:11,385 [WARNING] utils.structure_validator: [StructureValidator] WARNING [table_col_mismatch]: 'specifications/specifications.dita' — table 1 row has 6 entries but cols=8
2026-05-15 06:28:11,385 [WARNING] utils.structure_validator: [StructureValidator] WARNING [table_col_mismatch]: 'specifications/specifications.dita' — table 1 row has 6 entries but cols=8
2026-05-15 06:28:11,385 [WARNING] utils.structure_validator: [StructureValidator] WARNING [table_col_mismatch]: 'specifications/specifications.dita' — table 1 row has 6 entries but cols=8
2026-05-15 06:28:11,385 [WARNING] utils.structure_validator: [StructureValidator] WARNING [table_col_mismatch]: 'specifications/specifications.dita' — table 1 row has 6 entries but cols=8
2026-05-15 06:28:11,385 [WARNING] utils.structure_validator: [StructureValidator] WARNING [table_col_mismatch]: 'specifications/specifications.dita' — table 1 row has 6 entries but cols=8
2026-05-15 06:28:11,385 [WARNING] utils.structure_validator: [StructureValidator] WARNING [table_col_mismatch]: 'specifications/specifications.dita' — table 1 row has 6 entries but cols=8
2026-05-15 06:28:11,385 [WARNING] utils.structure_validator: [StructureValidator] WARNING [table_col_mismatch]: 'specifications/specifications.dita' — table 1 row has 7 entries but cols=8
2026-05-15 06:28:11,385 [WARNING] utils.structure_validator: [StructureValidator] WARNING [table_col_mismatch]: 'specifications/specifications.dita' — table 1 row has 7 entries but cols=8
2026-05-15 06:28:11,385 [WARNING] utils.structure_validator: [StructureValidator] WARNING [table_col_mismatch]: 'specifications/specifications.dita' — table 1 row has 7 entries but cols=8
2026-05-15 06:28:11,385 [WARNING] utils.structure_validator: [StructureValidator] WARNING [table_col_mismatch]: 'specifications/specifications.dita' — table 1 row has 1 entries but cols=8
2026-05-15 06:28:11,385 [WARNING] utils.structure_validator: [StructureValidator] WARNING [table_col_mismatch]: 'specifications/specifications.dita' — table 1 row has 7 entries but cols=8
2026-05-15 06:28:11,385 [WARNING] utils.structure_validator: [StructureValidator] WARNING [table_col_mismatch]: 'specifications/specifications.dita' — table 1 row has 6 entries but cols=8
2026-05-15 06:28:11,385 [WARNING] utils.structure_validator: [StructureValidator] WARNING [table_col_mismatch]: 'specifications/specifications.dita' — table 1 row has 6 entries but cols=8
2026-05-15 06:28:11,385 [WARNING] utils.structure_validator: [StructureValidator] WARNING [table_col_mismatch]: 'specifications/specifications.dita' — table 1 row has 5 entries but cols=8
2026-05-15 06:28:11,386 [WARNING] utils.structure_validator: [StructureValidator] WARNING [table_col_mismatch]: 'specifications/specifications.dita' — table 1 row has 5 entries but cols=8
2026-05-15 06:28:11,386 [WARNING] utils.structure_validator: [StructureValidator] WARNING [table_col_mismatch]: 'specifications/specifications.dita' — table 1 row has 7 entries but cols=8
2026-05-15 06:28:11,386 [WARNING] utils.structure_validator: [StructureValidator] WARNING [table_col_mismatch]: 'specifications/specifications.dita' — table 1 row has 7 entries but cols=8
2026-05-15 06:28:11,386 [WARNING] utils.structure_validator: [StructureValidator] WARNING [table_col_mismatch]: 'specifications/specifications.dita' — table 1 row has 1 entries but cols=8
2026-05-15 06:28:11,386 [WARNING] utils.structure_validator: [StructureValidator] WARNING [table_col_mismatch]: 'specifications/specifications.dita' — table 1 row has 7 entries but cols=8
2026-05-15 06:28:11,386 [WARNING] utils.structure_validator: [StructureValidator] WARNING [table_col_mismatch]: 'specifications/specifications.dita' — table 1 row has 1 entries but cols=8
2026-05-15 06:28:11,386 [WARNING] utils.structure_validator: [StructureValidator] WARNING [table_col_mismatch]: 'specifications/specifications.dita' — table 1 row has 7 entries but cols=8
2026-05-15 06:28:11,386 [WARNING] utils.structure_validator: [StructureValidator] WARNING [table_col_mismatch]: 'specifications/specifications.dita' — table 1 row has 6 entries but cols=8
2026-05-15 06:28:11,386 [WARNING] utils.structure_validator: [StructureValidator] WARNING [table_col_mismatch]: 'specifications/specifications.dita' — table 1 row has 6 entries but cols=8
2026-05-15 06:28:11,386 [WARNING] utils.structure_validator: [StructureValidator] WARNING [table_col_mismatch]: 'specifications/specifications.dita' — table 1 row has 6 entries but cols=8
2026-05-15 06:28:11,386 [WARNING] utils.structure_validator: [StructureValidator] WARNING [table_col_mismatch]: 'specifications/specifications.dita' — table 1 row has 7 entries but cols=8
2026-05-15 06:28:11,386 [WARNING] utils.structure_validator: [StructureValidator] WARNING [table_col_mismatch]: 'specifications/specifications.dita' — table 1 row has 7 entries but cols=8
2026-05-15 06:28:11,386 [WARNING] utils.structure_validator: [StructureValidator] WARNING [table_col_mismatch]: 'specifications/specifications.dita' — table 1 row has 6 entries but cols=8
2026-05-15 06:28:11,386 [WARNING] utils.structure_validator: [StructureValidator] WARNING [table_col_mismatch]: 'specifications/specifications.dita' — table 1 row has 7 entries but cols=8
2026-05-15 06:28:11,387 [WARNING] utils.structure_validator: [StructureValidator] WARNING [table_col_mismatch]: 'specifications/specifications.dita' — table 1 row has 6 entries but cols=8
2026-05-15 06:28:11,387 [WARNING] utils.structure_validator: [StructureValidator] WARNING [table_col_mismatch]: 'specifications/specifications.dita' — table 1 row has 1 entries but cols=8
2026-05-15 06:28:11,387 [WARNING] utils.structure_validator: [StructureValidator] WARNING [table_col_mismatch]: 'specifications/specifications.dita' — table 1 row has 7 entries but cols=8
2026-05-15 06:28:11,387 [WARNING] utils.structure_validator: [StructureValidator] WARNING [table_col_mismatch]: 'specifications/specifications.dita' — table 1 row has 7 entries but cols=8
2026-05-15 06:28:11,387 [WARNING] utils.structure_validator: [StructureValidator] WARNING [table_col_mismatch]: 'specifications/specifications.dita' — table 1 row has 6 entries but cols=8
2026-05-15 06:28:11,387 [WARNING] utils.structure_validator: [StructureValidator] WARNING [table_col_mismatch]: 'specifications/specifications.dita' — table 1 row has 6 entries but cols=8
2026-05-15 06:28:11,387 [WARNING] utils.structure_validator: [StructureValidator] WARNING [table_col_mismatch]: 'specifications/specifications.dita' — table 1 row has 6 entries but cols=8
2026-05-15 06:28:11,387 [WARNING] utils.structure_validator: [StructureValidator] WARNING [table_col_mismatch]: 'specifications/specifications.dita' — table 1 row has 7 entries but cols=8
2026-05-15 06:28:11,387 [WARNING] utils.structure_validator: [StructureValidator] WARNING [table_col_mismatch]: 'specifications/specifications.dita' — table 1 row has 6 entries but cols=8
2026-05-15 06:28:11,387 [WARNING] utils.structure_validator: [StructureValidator] WARNING [table_col_mismatch]: 'specifications/specifications.dita' — table 1 row has 7 entries but cols=8
2026-05-15 06:28:11,387 [WARNING] utils.structure_validator: [StructureValidator] WARNING [table_missing_title]: 'specifications/specifications.dita' — <table> #1 has no <title> element — required for accessibility and DITA compliance
2026-05-15 06:28:11,387 [WARNING] utils.structure_validator: [StructureValidator] WARNING [table_missing_title]: 'specifications/specifications.dita' — <table> #2 has no <title> element — required for accessibility and DITA compliance
2026-05-15 06:28:11,387 [WARNING] utils.structure_validator: [StructureValidator] WARNING [image_missing_alt]: 'specifications/specifications.dita' — <image> #1 (href='../media/image90.png') has no alt text — required for accessibility
2026-05-15 06:28:11,387 [WARNING] utils.structure_validator: [StructureValidator] WARNING [missing_shortdesc]: 'specifications/specifications.dita' — <shortdesc> element is missing — required for search previews and navigation
2026-05-15 06:28:11,389 [WARNING] utils.structure_validator: [StructureValidator] WARNING [section_missing_title]: 'after_starting_the_engine/def_ad_blue_quality_failure_for_usa.dita' — <section> #1 has no <title> — recommended for DITA compliance
2026-05-15 06:28:11,389 [WARNING] utils.structure_validator: [StructureValidator] WARNING [table_col_mismatch]: 'after_starting_the_engine/def_ad_blue_quality_failure_for_usa.dita' — table 1 row has 4 entries but cols=9
2026-05-15 06:28:11,389 [WARNING] utils.structure_validator: [StructureValidator] WARNING [table_col_mismatch]: 'after_starting_the_engine/def_ad_blue_quality_failure_for_usa.dita' — table 1 row has 6 entries but cols=9
2026-05-15 06:28:11,389 [WARNING] utils.structure_validator: [StructureValidator] WARNING [table_col_mismatch]: 'after_starting_the_engine/def_ad_blue_quality_failure_for_usa.dita' — table 1 row has 6 entries but cols=9
2026-05-15 06:28:11,389 [WARNING] utils.structure_validator: [StructureValidator] WARNING [table_col_mismatch]: 'after_starting_the_engine/def_ad_blue_quality_failure_for_usa.dita' — table 2 row has 4 entries but cols=5
2026-05-15 06:28:11,390 [WARNING] utils.structure_validator: [StructureValidator] WARNING [table_col_mismatch]: 'after_starting_the_engine/def_ad_blue_quality_failure_for_usa.dita' — table 2 row has 2 entries but cols=5
2026-05-15 06:28:11,390 [WARNING] utils.structure_validator: [StructureValidator] WARNING [table_col_mismatch]: 'after_starting_the_engine/def_ad_blue_quality_failure_for_usa.dita' — table 2 row has 2 entries but cols=5
2026-05-15 06:28:11,390 [WARNING] utils.structure_validator: [StructureValidator] WARNING [table_missing_title]: 'after_starting_the_engine/def_ad_blue_quality_failure_for_usa.dita' — <table> #1 has no <title> element — required for accessibility and DITA compliance
2026-05-15 06:28:11,390 [WARNING] utils.structure_validator: [StructureValidator] WARNING [table_missing_title]: 'after_starting_the_engine/def_ad_blue_quality_failure_for_usa.dita' — <table> #2 has no <title> element — required for accessibility and DITA compliance
2026-05-15 06:28:11,390 [WARNING] utils.structure_validator: [StructureValidator] WARNING [image_missing_alt]: 'after_starting_the_engine/def_ad_blue_quality_failure_for_usa.dita' — <image> #1 (href='../media/image950a.png') has no alt text — required for accessibility
2026-05-15 06:28:11,390 [WARNING] utils.structure_validator: [StructureValidator] WARNING [image_missing_alt]: 'after_starting_the_engine/def_ad_blue_quality_failure_for_usa.dita' — <image> #2 (href='../media/image951a.png') has no alt text — required for accessibility
2026-05-15 06:28:11,390 [WARNING] utils.structure_validator: [StructureValidator] WARNING [image_missing_alt]: 'after_starting_the_engine/def_ad_blue_quality_failure_for_usa.dita' — <image> #3 (href='../media/image763b.png') has no alt text — required for accessibility
2026-05-15 06:28:11,390 [WARNING] utils.structure_validator: [StructureValidator] WARNING [image_missing_alt]: 'after_starting_the_engine/def_ad_blue_quality_failure_for_usa.dita' — <image> #4 (href='../media/image764.png') has no alt text — required for accessibility
2026-05-15 06:28:11,390 [WARNING] utils.structure_validator: [StructureValidator] WARNING [image_missing_alt]: 'after_starting_the_engine/def_ad_blue_quality_failure_for_usa.dita' — <image> #5 (href='../media/image771.png') has no alt text — required for accessibility
2026-05-15 06:28:11,390 [WARNING] utils.structure_validator: [StructureValidator] WARNING [image_missing_alt]: 'after_starting_the_engine/def_ad_blue_quality_failure_for_usa.dita' — <image> #6 (href='../media/image772.png') has no alt text — required for accessibility
2026-05-15 06:28:11,390 [WARNING] utils.structure_validator: [StructureValidator] WARNING [missing_shortdesc]: 'after_starting_the_engine/def_ad_blue_quality_failure_for_usa.dita' — <shortdesc> element is missing — required for search previews and navigation
2026-05-15 06:28:11,391 [WARNING] utils.structure_validator: [StructureValidator] WARNING [section_missing_title]: 'after_starting_the_engine/impeded_egr_for_europe.dita' — <section> #1 has no <title> — recommended for DITA compliance
2026-05-15 06:28:11,392 [WARNING] utils.structure_validator: [StructureValidator] WARNING [table_col_mismatch]: 'after_starting_the_engine/impeded_egr_for_europe.dita' — table 1 row has 4 entries but cols=9
2026-05-15 06:28:11,392 [WARNING] utils.structure_validator: [StructureValidator] WARNING [table_col_mismatch]: 'after_starting_the_engine/impeded_egr_for_europe.dita' — table 1 row has 6 entries but cols=9
2026-05-15 06:28:11,392 [WARNING] utils.structure_validator: [StructureValidator] WARNING [table_col_mismatch]: 'after_starting_the_engine/impeded_egr_for_europe.dita' — table 1 row has 6 entries but cols=9
2026-05-15 06:28:11,392 [WARNING] utils.structure_validator: [StructureValidator] WARNING [table_col_mismatch]: 'after_starting_the_engine/impeded_egr_for_europe.dita' — table 1 row has 8 entries but cols=9
2026-05-15 06:28:11,392 [WARNING] utils.structure_validator: [StructureValidator] WARNING [table_col_mismatch]: 'after_starting_the_engine/impeded_egr_for_europe.dita' — table 1 row has 8 entries but cols=9
2026-05-15 06:28:11,392 [WARNING] utils.structure_validator: [StructureValidator] WARNING [table_col_mismatch]: 'after_starting_the_engine/impeded_egr_for_europe.dita' — table 1 row has 8 entries but cols=9
2026-05-15 06:28:11,392 [WARNING] utils.structure_validator: [StructureValidator] WARNING [table_col_mismatch]: 'after_starting_the_engine/impeded_egr_for_europe.dita' — table 2 row has 4 entries but cols=5
2026-05-15 06:28:11,392 [WARNING] utils.structure_validator: [StructureValidator] WARNING [table_col_mismatch]: 'after_starting_the_engine/impeded_egr_for_europe.dita' — table 2 row has 2 entries but cols=5
2026-05-15 06:28:11,392 [WARNING] utils.structure_validator: [StructureValidator] WARNING [table_col_mismatch]: 'after_starting_the_engine/impeded_egr_for_europe.dita' — table 2 row has 2 entries but cols=5
2026-05-15 06:28:11,392 [WARNING] utils.structure_validator: [StructureValidator] WARNING [table_col_mismatch]: 'after_starting_the_engine/impeded_egr_for_europe.dita' — table 2 row has 4 entries but cols=5
2026-05-15 06:28:11,392 [WARNING] utils.structure_validator: [StructureValidator] WARNING [table_col_mismatch]: 'after_starting_the_engine/impeded_egr_for_europe.dita' — table 2 row has 4 entries but cols=5
2026-05-15 06:28:11,392 [WARNING] utils.structure_validator: [StructureValidator] WARNING [table_col_mismatch]: 'after_starting_the_engine/impeded_egr_for_europe.dita' — table 2 row has 4 entries but cols=5
2026-05-15 06:28:11,393 [WARNING] utils.structure_validator: [StructureValidator] WARNING [table_missing_title]: 'after_starting_the_engine/impeded_egr_for_europe.dita' — <table> #1 has no <title> element — required for accessibility and DITA compliance
2026-05-15 06:28:11,393 [WARNING] utils.structure_validator: [StructureValidator] WARNING [table_missing_title]: 'after_starting_the_engine/impeded_egr_for_europe.dita' — <table> #2 has no <title> element — required for accessibility and DITA compliance
2026-05-15 06:28:11,393 [WARNING] utils.structure_validator: [StructureValidator] WARNING [image_missing_alt]: 'after_starting_the_engine/impeded_egr_for_europe.dita' — <image> #1 (href='../media/image950a.png') has no alt text — required for accessibility
2026-05-15 06:28:11,393 [WARNING] utils.structure_validator: [StructureValidator] WARNING [image_missing_alt]: 'after_starting_the_engine/impeded_egr_for_europe.dita' — <image> #2 (href='../media/image951a.png') has no alt text — required for accessibility
2026-05-15 06:28:11,393 [WARNING] utils.structure_validator: [StructureValidator] WARNING [image_missing_alt]: 'after_starting_the_engine/impeded_egr_for_europe.dita' — <image> #3 (href='../media/image763b.png') has no alt text — required for accessibility
2026-05-15 06:28:11,393 [WARNING] utils.structure_validator: [StructureValidator] WARNING [image_missing_alt]: 'after_starting_the_engine/impeded_egr_for_europe.dita' — <image> #4 (href='../media/image764.png') has no alt text — required for accessibility
2026-05-15 06:28:11,393 [WARNING] utils.structure_validator: [StructureValidator] WARNING [image_missing_alt]: 'after_starting_the_engine/impeded_egr_for_europe.dita' — <image> #5 (href='../media/image781.png') has no alt text — required for accessibility
2026-05-15 06:28:11,393 [WARNING] utils.structure_validator: [StructureValidator] WARNING [image_missing_alt]: 'after_starting_the_engine/impeded_egr_for_europe.dita' — <image> #6 (href='../media/image782.png') has no alt text — required for accessibility
2026-05-15 06:28:11,393 [WARNING] utils.structure_validator: [StructureValidator] WARNING [missing_shortdesc]: 'after_starting_the_engine/impeded_egr_for_europe.dita' — <shortdesc> element is missing — required for search previews and navigation
2026-05-15 06:28:11,394 [WARNING] utils.structure_validator: [StructureValidator] WARNING [section_missing_title]: 'after_starting_the_engine/def_ad_blue_level_inducement_for_europe.dita' — <section> #1 has no <title> — recommended for DITA compliance
2026-05-15 06:28:11,394 [WARNING] utils.structure_validator: [StructureValidator] WARNING [table_col_mismatch]: 'after_starting_the_engine/def_ad_blue_level_inducement_for_europe.dita' — table 1 row has 4 entries but cols=9
2026-05-15 06:28:11,395 [WARNING] utils.structure_validator: [StructureValidator] WARNING [table_col_mismatch]: 'after_starting_the_engine/def_ad_blue_level_inducement_for_europe.dita' — table 1 row has 6 entries but cols=9
2026-05-15 06:28:11,395 [WARNING] utils.structure_validator: [StructureValidator] WARNING [table_col_mismatch]: 'after_starting_the_engine/def_ad_blue_level_inducement_for_europe.dita' — table 1 row has 6 entries but cols=9
2026-05-15 06:28:11,395 [WARNING] utils.structure_validator: [StructureValidator] WARNING [table_col_mismatch]: 'after_starting_the_engine/def_ad_blue_level_inducement_for_europe.dita' — table 2 row has 4 entries but cols=5
2026-05-15 06:28:11,395 [WARNING] utils.structure_validator: [StructureValidator] WARNING [table_col_mismatch]: 'after_starting_the_engine/def_ad_blue_level_inducement_for_europe.dita' — table 2 row has 2 entries but cols=5
2026-05-15 06:28:11,395 [WARNING] utils.structure_validator: [StructureValidator] WARNING [table_col_mismatch]: 'after_starting_the_engine/def_ad_blue_level_inducement_for_europe.dita' — table 2 row has 2 entries but cols=5
2026-05-15 06:28:11,395 [WARNING] utils.structure_validator: [StructureValidator] WARNING [table_missing_title]: 'after_starting_the_engine/def_ad_blue_level_inducement_for_europe.dita' — <table> #1 has no <title> element — required for accessibility and DITA compliance
2026-05-15 06:28:11,395 [WARNING] utils.structure_validator: [StructureValidator] WARNING [table_missing_title]: 'after_starting_the_engine/def_ad_blue_level_inducement_for_europe.dita' — <table> #2 has no <title> element — required for accessibility and DITA compliance
2026-05-15 06:28:11,395 [WARNING] utils.structure_validator: [StructureValidator] WARNING [image_missing_alt]: 'after_starting_the_engine/def_ad_blue_level_inducement_for_europe.dita' — <image> #1 (href='../media/image950a.png') has no alt text — required for accessibility
2026-05-15 06:28:11,395 [WARNING] utils.structure_validator: [StructureValidator] WARNING [image_missing_alt]: 'after_starting_the_engine/def_ad_blue_level_inducement_for_europe.dita' — <image> #2 (href='../media/image951a.png') has no alt text — required for accessibility
2026-05-15 06:28:11,395 [WARNING] utils.structure_validator: [StructureValidator] WARNING [image_missing_alt]: 'after_starting_the_engine/def_ad_blue_level_inducement_for_europe.dita' — <image> #3 (href='../media/image763b.png') has no alt text — required for accessibility
2026-05-15 06:28:11,395 [WARNING] utils.structure_validator: [StructureValidator] WARNING [image_missing_alt]: 'after_starting_the_engine/def_ad_blue_level_inducement_for_europe.dita' — <image> #4 (href='../media/image764.png') has no alt text — required for accessibility
2026-05-15 06:28:11,395 [WARNING] utils.structure_validator: [StructureValidator] WARNING [image_missing_alt]: 'after_starting_the_engine/def_ad_blue_level_inducement_for_europe.dita' — <image> #5 (href='../media/image769.png') has no alt text — required for accessibility
2026-05-15 06:28:11,395 [WARNING] utils.structure_validator: [StructureValidator] WARNING [image_missing_alt]: 'after_starting_the_engine/def_ad_blue_level_inducement_for_europe.dita' — <image> #6 (href='../media/image770.png') has no alt text — required for accessibility
2026-05-15 06:28:11,396 [WARNING] utils.structure_validator: [StructureValidator] WARNING [missing_shortdesc]: 'after_starting_the_engine/def_ad_blue_level_inducement_for_europe.dita' — <shortdesc> element is missing — required for search previews and navigation
2026-05-15 06:28:11,396 [WARNING] utils.structure_validator: [StructureValidator] WARNING [missing_shortdesc]: 'after_starting_the_engine/impeded_egr_interruption_of_dosing_for_europe_only.dita' — <shortdesc> element is missing — required for search previews and navigation
2026-05-15 06:28:11,397 [WARNING] utils.structure_validator: [StructureValidator] WARNING [missing_shortdesc]: 'after_starting_the_engine/def_ad_blue_quality_failure_for_usa_europe.dita' — <shortdesc> element is missing — required for search previews and navigation
2026-05-15 06:28:11,398 [WARNING] utils.structure_validator: [StructureValidator] WARNING [section_missing_title]: 'after_starting_the_engine/scr_system_tampering_for_usa.dita' — <section> #1 has no <title> — recommended for DITA compliance
2026-05-15 06:28:11,398 [WARNING] utils.structure_validator: [StructureValidator] WARNING [table_col_mismatch]: 'after_starting_the_engine/scr_system_tampering_for_usa.dita' — table 1 row has 4 entries but cols=9
2026-05-15 06:28:11,398 [WARNING] utils.structure_validator: [StructureValidator] WARNING [table_col_mismatch]: 'after_starting_the_engine/scr_system_tampering_for_usa.dita' — table 1 row has 6 entries but cols=9
2026-05-15 06:28:11,398 [WARNING] utils.structure_validator: [StructureValidator] WARNING [table_col_mismatch]: 'after_starting_the_engine/scr_system_tampering_for_usa.dita' — table 1 row has 6 entries but cols=9
2026-05-15 06:28:11,398 [WARNING] utils.structure_validator: [StructureValidator] WARNING [table_col_mismatch]: 'after_starting_the_engine/scr_system_tampering_for_usa.dita' — table 2 row has 4 entries but cols=5
2026-05-15 06:28:11,398 [WARNING] utils.structure_validator: [StructureValidator] WARNING [table_col_mismatch]: 'after_starting_the_engine/scr_system_tampering_for_usa.dita' — table 2 row has 2 entries but cols=5
2026-05-15 06:28:11,398 [WARNING] utils.structure_validator: [StructureValidator] WARNING [table_col_mismatch]: 'after_starting_the_engine/scr_system_tampering_for_usa.dita' — table 2 row has 2 entries but cols=5
2026-05-15 06:28:11,398 [WARNING] utils.structure_validator: [StructureValidator] WARNING [table_missing_title]: 'after_starting_the_engine/scr_system_tampering_for_usa.dita' — <table> #1 has no <title> element — required for accessibility and DITA compliance
2026-05-15 06:28:11,398 [WARNING] utils.structure_validator: [StructureValidator] WARNING [table_missing_title]: 'after_starting_the_engine/scr_system_tampering_for_usa.dita' — <table> #2 has no <title> element — required for accessibility and DITA compliance
2026-05-15 06:28:11,398 [WARNING] utils.structure_validator: [StructureValidator] WARNING [image_missing_alt]: 'after_starting_the_engine/scr_system_tampering_for_usa.dita' — <image> #1 (href='../media/image950a.png') has no alt text — required for accessibility
2026-05-15 06:28:11,399 [WARNING] utils.structure_validator: [StructureValidator] WARNING [image_missing_alt]: 'after_starting_the_engine/scr_system_tampering_for_usa.dita' — <image> #2 (href='../media/image951a.png') has no alt text — required for accessibility
2026-05-15 06:28:11,399 [WARNING] utils.structure_validator: [StructureValidator] WARNING [image_missing_alt]: 'after_starting_the_engine/scr_system_tampering_for_usa.dita' — <image> #3 (href='../media/image763b.png') has no alt text — required for accessibility
2026-05-15 06:28:11,399 [WARNING] utils.structure_validator: [StructureValidator] WARNING [image_missing_alt]: 'after_starting_the_engine/scr_system_tampering_for_usa.dita' — <image> #4 (href='../media/image764.png') has no alt text — required for accessibility
2026-05-15 06:28:11,399 [WARNING] utils.structure_validator: [StructureValidator] WARNING [image_missing_alt]: 'after_starting_the_engine/scr_system_tampering_for_usa.dita' — <image> #5 (href='../media/image775.png') has no alt text — required for accessibility
2026-05-15 06:28:11,399 [WARNING] utils.structure_validator: [StructureValidator] WARNING [image_missing_alt]: 'after_starting_the_engine/scr_system_tampering_for_usa.dita' — <image> #6 (href='../media/image776.png') has no alt text — required for accessibility
2026-05-15 06:28:11,399 [WARNING] utils.structure_validator: [StructureValidator] WARNING [missing_shortdesc]: 'after_starting_the_engine/scr_system_tampering_for_usa.dita' — <shortdesc> element is missing — required for search previews and navigation
2026-05-15 06:28:11,400 [WARNING] utils.structure_validator: [StructureValidator] WARNING [section_missing_title]: 'after_starting_the_engine/def_ad_blue_level_inducement_for_usa.dita' — <section> #1 has no <title> — recommended for DITA compliance
2026-05-15 06:28:11,400 [WARNING] utils.structure_validator: [StructureValidator] WARNING [table_col_mismatch]: 'after_starting_the_engine/def_ad_blue_level_inducement_for_usa.dita' — table 1 row has 4 entries but cols=9
2026-05-15 06:28:11,400 [WARNING] utils.structure_validator: [StructureValidator] WARNING [table_col_mismatch]: 'after_starting_the_engine/def_ad_blue_level_inducement_for_usa.dita' — table 1 row has 6 entries but cols=9
2026-05-15 06:28:11,401 [WARNING] utils.structure_validator: [StructureValidator] WARNING [table_col_mismatch]: 'after_starting_the_engine/def_ad_blue_level_inducement_for_usa.dita' — table 1 row has 6 entries but cols=9
2026-05-15 06:28:11,401 [WARNING] utils.structure_validator: [StructureValidator] WARNING [table_col_mismatch]: 'after_starting_the_engine/def_ad_blue_level_inducement_for_usa.dita' — table 2 row has 4 entries but cols=5
2026-05-15 06:28:11,401 [WARNING] utils.structure_validator: [StructureValidator] WARNING [table_col_mismatch]: 'after_starting_the_engine/def_ad_blue_level_inducement_for_usa.dita' — table 2 row has 2 entries but cols=5
2026-05-15 06:28:11,401 [WARNING] utils.structure_validator: [StructureValidator] WARNING [table_col_mismatch]: 'after_starting_the_engine/def_ad_blue_level_inducement_for_usa.dita' — table 2 row has 2 entries but cols=5
2026-05-15 06:28:11,401 [WARNING] utils.structure_validator: [StructureValidator] WARNING [table_missing_title]: 'after_starting_the_engine/def_ad_blue_level_inducement_for_usa.dita' — <table> #1 has no <title> element — required for accessibility and DITA compliance
2026-05-15 06:28:11,401 [WARNING] utils.structure_validator: [StructureValidator] WARNING [table_missing_title]: 'after_starting_the_engine/def_ad_blue_level_inducement_for_usa.dita' — <table> #2 has no <title> element — required for accessibility and DITA compliance
2026-05-15 06:28:11,401 [WARNING] utils.structure_validator: [StructureValidator] WARNING [image_missing_alt]: 'after_starting_the_engine/def_ad_blue_level_inducement_for_usa.dita' — <image> #1 (href='../media/image950a.png') has no alt text — required for accessibility
2026-05-15 06:28:11,401 [WARNING] utils.structure_validator: [StructureValidator] WARNING [image_missing_alt]: 'after_starting_the_engine/def_ad_blue_level_inducement_for_usa.dita' — <image> #2 (href='../media/image951a.png') has no alt text — required for accessibility
2026-05-15 06:28:11,401 [WARNING] utils.structure_validator: [StructureValidator] WARNING [image_missing_alt]: 'after_starting_the_engine/def_ad_blue_level_inducement_for_usa.dita' — <image> #3 (href='../media/image763b.png') has no alt text — required for accessibility
2026-05-15 06:28:11,401 [WARNING] utils.structure_validator: [StructureValidator] WARNING [image_missing_alt]: 'after_starting_the_engine/def_ad_blue_level_inducement_for_usa.dita' — <image> #4 (href='../media/image764.png') has no alt text — required for accessibility
2026-05-15 06:28:11,401 [WARNING] utils.structure_validator: [StructureValidator] WARNING [image_missing_alt]: 'after_starting_the_engine/def_ad_blue_level_inducement_for_usa.dita' — <image> #5 (href='../media/image765.png') has no alt text — required for accessibility
2026-05-15 06:28:11,401 [WARNING] utils.structure_validator: [StructureValidator] WARNING [image_missing_alt]: 'after_starting_the_engine/def_ad_blue_level_inducement_for_usa.dita' — <image> #6 (href='../media/image766.png') has no alt text — required for accessibility
2026-05-15 06:28:11,401 [WARNING] utils.structure_validator: [StructureValidator] WARNING [missing_shortdesc]: 'after_starting_the_engine/def_ad_blue_level_inducement_for_usa.dita' — <shortdesc> element is missing — required for search previews and navigation
2026-05-15 06:28:11,402 [WARNING] utils.structure_validator: [StructureValidator] WARNING [empty_body]: 'after_starting_the_engine/diesel_engine.dita' — <conbody> exists but has no child elements or text content
2026-05-15 06:28:11,402 [WARNING] utils.structure_validator: [StructureValidator] WARNING [missing_shortdesc]: 'after_starting_the_engine/diesel_engine.dita' — <shortdesc> element is missing — required for search previews and navigation
2026-05-15 06:28:11,402 [WARNING] utils.structure_validator: [StructureValidator] WARNING [missing_shortdesc]: 'after_starting_the_engine/def_ad_blue_level_inducement_for_usa_europe.dita' — <shortdesc> element is missing — required for search previews and navigation
2026-05-15 06:28:11,404 [WARNING] utils.structure_validator: [StructureValidator] WARNING [section_missing_title]: 'after_starting_the_engine/scr_system_tampering_for_europe.dita' — <section> #1 has no <title> — recommended for DITA compliance
2026-05-15 06:28:11,404 [WARNING] utils.structure_validator: [StructureValidator] WARNING [table_col_mismatch]: 'after_starting_the_engine/scr_system_tampering_for_europe.dita' — table 1 row has 4 entries but cols=9
2026-05-15 06:28:11,404 [WARNING] utils.structure_validator: [StructureValidator] WARNING [table_col_mismatch]: 'after_starting_the_engine/scr_system_tampering_for_europe.dita' — table 1 row has 6 entries but cols=9
2026-05-15 06:28:11,404 [WARNING] utils.structure_validator: [StructureValidator] WARNING [table_col_mismatch]: 'after_starting_the_engine/scr_system_tampering_for_europe.dita' — table 1 row has 6 entries but cols=9
2026-05-15 06:28:11,404 [WARNING] utils.structure_validator: [StructureValidator] WARNING [table_col_mismatch]: 'after_starting_the_engine/scr_system_tampering_for_europe.dita' — table 1 row has 8 entries but cols=9
2026-05-15 06:28:11,404 [WARNING] utils.structure_validator: [StructureValidator] WARNING [table_col_mismatch]: 'after_starting_the_engine/scr_system_tampering_for_europe.dita' — table 1 row has 8 entries but cols=9
2026-05-15 06:28:11,404 [WARNING] utils.structure_validator: [StructureValidator] WARNING [table_col_mismatch]: 'after_starting_the_engine/scr_system_tampering_for_europe.dita' — table 1 row has 8 entries but cols=9
2026-05-15 06:28:11,404 [WARNING] utils.structure_validator: [StructureValidator] WARNING [table_col_mismatch]: 'after_starting_the_engine/scr_system_tampering_for_europe.dita' — table 2 row has 4 entries but cols=5
2026-05-15 06:28:11,404 [WARNING] utils.structure_validator: [StructureValidator] WARNING [table_col_mismatch]: 'after_starting_the_engine/scr_system_tampering_for_europe.dita' — table 2 row has 2 entries but cols=5
2026-05-15 06:28:11,404 [WARNING] utils.structure_validator: [StructureValidator] WARNING [table_col_mismatch]: 'after_starting_the_engine/scr_system_tampering_for_europe.dita' — table 2 row has 2 entries but cols=5
2026-05-15 06:28:11,404 [WARNING] utils.structure_validator: [StructureValidator] WARNING [table_col_mismatch]: 'after_starting_the_engine/scr_system_tampering_for_europe.dita' — table 2 row has 4 entries but cols=5
2026-05-15 06:28:11,405 [WARNING] utils.structure_validator: [StructureValidator] WARNING [table_col_mismatch]: 'after_starting_the_engine/scr_system_tampering_for_europe.dita' — table 2 row has 4 entries but cols=5
2026-05-15 06:28:11,405 [WARNING] utils.structure_validator: [StructureValidator] WARNING [table_col_mismatch]: 'after_starting_the_engine/scr_system_tampering_for_europe.dita' — table 2 row has 4 entries but cols=5
2026-05-15 06:28:11,405 [WARNING] utils.structure_validator: [StructureValidator] WARNING [table_missing_title]: 'after_starting_the_engine/scr_system_tampering_for_europe.dita' — <table> #1 has no <title> element — required for accessibility and DITA compliance
2026-05-15 06:28:11,405 [WARNING] utils.structure_validator: [StructureValidator] WARNING [table_missing_title]: 'after_starting_the_engine/scr_system_tampering_for_europe.dita' — <table> #2 has no <title> element — required for accessibility and DITA compliance
2026-05-15 06:28:11,405 [WARNING] utils.structure_validator: [StructureValidator] WARNING [image_missing_alt]: 'after_starting_the_engine/scr_system_tampering_for_europe.dita' — <image> #1 (href='../media/image950a.png') has no alt text — required for accessibility
2026-05-15 06:28:11,405 [WARNING] utils.structure_validator: [StructureValidator] WARNING [image_missing_alt]: 'after_starting_the_engine/scr_system_tampering_for_europe.dita' — <image> #2 (href='../media/image951a.png') has no alt text — required for accessibility
2026-05-15 06:28:11,405 [WARNING] utils.structure_validator: [StructureValidator] WARNING [image_missing_alt]: 'after_starting_the_engine/scr_system_tampering_for_europe.dita' — <image> #3 (href='../media/image763b.png') has no alt text — required for accessibility
2026-05-15 06:28:11,405 [WARNING] utils.structure_validator: [StructureValidator] WARNING [image_missing_alt]: 'after_starting_the_engine/scr_system_tampering_for_europe.dita' — <image> #4 (href='../media/image764.png') has no alt text — required for accessibility
2026-05-15 06:28:11,405 [WARNING] utils.structure_validator: [StructureValidator] WARNING [image_missing_alt]: 'after_starting_the_engine/scr_system_tampering_for_europe.dita' — <image> #5 (href='../media/image777.png') has no alt text — required for accessibility
2026-05-15 06:28:11,405 [WARNING] utils.structure_validator: [StructureValidator] WARNING [image_missing_alt]: 'after_starting_the_engine/scr_system_tampering_for_europe.dita' — <image> #6 (href='../media/image778.png') has no alt text — required for accessibility
2026-05-15 06:28:11,405 [WARNING] utils.structure_validator: [StructureValidator] WARNING [missing_shortdesc]: 'after_starting_the_engine/scr_system_tampering_for_europe.dita' — <shortdesc> element is missing — required for search previews and navigation
2026-05-15 06:28:11,406 [WARNING] utils.structure_validator: [StructureValidator] WARNING [image_missing_alt]: 'after_starting_the_engine/introduction.dita' — <image> #1 (href='../media/image750.png') has no alt text — required for accessibility
2026-05-15 06:28:11,406 [WARNING] utils.structure_validator: [StructureValidator] WARNING [missing_shortdesc]: 'after_starting_the_engine/introduction.dita' — <shortdesc> element is missing — required for search previews and navigation
2026-05-15 06:28:11,406 [WARNING] utils.structure_validator: [StructureValidator] WARNING [empty_body]: 'after_starting_the_engine/engine_and_after_treatment_system.dita' — <conbody> exists but has no child elements or text content
2026-05-15 06:28:11,407 [WARNING] utils.structure_validator: [StructureValidator] WARNING [missing_shortdesc]: 'after_starting_the_engine/engine_and_after_treatment_system.dita' — <shortdesc> element is missing — required for search previews and navigation
2026-05-15 06:28:11,407 [WARNING] utils.structure_validator: [StructureValidator] WARNING [section_missing_title]: 'after_starting_the_engine/display_of_detecting_control_failure.dita' — <section> #1 has no <title> — recommended for DITA compliance
2026-05-15 06:28:11,407 [WARNING] utils.structure_validator: [StructureValidator] WARNING [table_col_mismatch]: 'after_starting_the_engine/display_of_detecting_control_failure.dita' — table 1 row has 3 entries but cols=7
2026-05-15 06:28:11,408 [WARNING] utils.structure_validator: [StructureValidator] WARNING [table_col_mismatch]: 'after_starting_the_engine/display_of_detecting_control_failure.dita' — table 1 row has 6 entries but cols=7
2026-05-15 06:28:11,408 [WARNING] utils.structure_validator: [StructureValidator] WARNING [table_col_mismatch]: 'after_starting_the_engine/display_of_detecting_control_failure.dita' — table 1 row has 6 entries but cols=7
2026-05-15 06:28:11,408 [WARNING] utils.structure_validator: [StructureValidator] WARNING [table_missing_title]: 'after_starting_the_engine/display_of_detecting_control_failure.dita' — <table> #1 has no <title> element — required for accessibility and DITA compliance
2026-05-15 06:28:11,408 [WARNING] utils.structure_validator: [StructureValidator] WARNING [image_missing_alt]: 'after_starting_the_engine/display_of_detecting_control_failure.dita' — <image> #1 (href='../media/image751.png') has no alt text — required for accessibility
2026-05-15 06:28:11,408 [WARNING] utils.structure_validator: [StructureValidator] WARNING [image_missing_alt]: 'after_starting_the_engine/display_of_detecting_control_failure.dita' — <image> #2 (href='../media/image753.png') has no alt text — required for accessibility
2026-05-15 06:28:11,408 [WARNING] utils.structure_validator: [StructureValidator] WARNING [image_missing_alt]: 'after_starting_the_engine/display_of_detecting_control_failure.dita' — <image> #3 (href='../media/image755.png') has no alt text — required for accessibility
2026-05-15 06:28:11,408 [WARNING] utils.structure_validator: [StructureValidator] WARNING [image_missing_alt]: 'after_starting_the_engine/display_of_detecting_control_failure.dita' — <image> #4 (href='../media/image758.png') has no alt text — required for accessibility
2026-05-15 06:28:11,408 [WARNING] utils.structure_validator: [StructureValidator] WARNING [missing_shortdesc]: 'after_starting_the_engine/display_of_detecting_control_failure.dita' — <shortdesc> element is missing — required for search previews and navigation
2026-05-15 06:28:11,409 [WARNING] utils.structure_validator: [StructureValidator] WARNING [missing_steps]: 'after_starting_the_engine/after_starting_the_engine.dita' — <taskbody> has no <steps> or <steps-unordered> element
2026-05-15 06:28:11,409 [WARNING] utils.structure_validator: [StructureValidator] WARNING [image_missing_alt]: 'after_starting_the_engine/after_starting_the_engine.dita' — <image> #1 (href='../media/image761.png') has no alt text — required for accessibility
2026-05-15 06:28:11,409 [WARNING] utils.structure_validator: [StructureValidator] WARNING [image_missing_alt]: 'after_starting_the_engine/after_starting_the_engine.dita' — <image> #2 (href='../media/image746.png') has no alt text — required for accessibility
2026-05-15 06:28:11,409 [WARNING] utils.structure_validator: [StructureValidator] WARNING [image_missing_alt]: 'after_starting_the_engine/after_starting_the_engine.dita' — <image> #3 (href='../media/image748.png') has no alt text — required for accessibility
2026-05-15 06:28:11,409 [WARNING] utils.structure_validator: [StructureValidator] WARNING [missing_shortdesc]: 'after_starting_the_engine/after_starting_the_engine.dita' — <shortdesc> element is missing — required for search previews and navigation
2026-05-15 06:28:11,410 [WARNING] utils.structure_validator: [StructureValidator] WARNING [section_missing_title]: 'after_starting_the_engine/interruption_of_dosing_for_europe.dita' — <section> #1 has no <title> — recommended for DITA compliance
2026-05-15 06:28:11,410 [WARNING] utils.structure_validator: [StructureValidator] WARNING [table_col_mismatch]: 'after_starting_the_engine/interruption_of_dosing_for_europe.dita' — table 1 row has 4 entries but cols=9
2026-05-15 06:28:11,411 [WARNING] utils.structure_validator: [StructureValidator] WARNING [table_col_mismatch]: 'after_starting_the_engine/interruption_of_dosing_for_europe.dita' — table 1 row has 6 entries but cols=9
2026-05-15 06:28:11,411 [WARNING] utils.structure_validator: [StructureValidator] WARNING [table_col_mismatch]: 'after_starting_the_engine/interruption_of_dosing_for_europe.dita' — table 1 row has 6 entries but cols=9
2026-05-15 06:28:11,411 [WARNING] utils.structure_validator: [StructureValidator] WARNING [table_col_mismatch]: 'after_starting_the_engine/interruption_of_dosing_for_europe.dita' — table 1 row has 8 entries but cols=9
2026-05-15 06:28:11,411 [WARNING] utils.structure_validator: [StructureValidator] WARNING [table_col_mismatch]: 'after_starting_the_engine/interruption_of_dosing_for_europe.dita' — table 1 row has 8 entries but cols=9
2026-05-15 06:28:11,411 [WARNING] utils.structure_validator: [StructureValidator] WARNING [table_col_mismatch]: 'after_starting_the_engine/interruption_of_dosing_for_europe.dita' — table 1 row has 8 entries but cols=9
2026-05-15 06:28:11,411 [WARNING] utils.structure_validator: [StructureValidator] WARNING [table_col_mismatch]: 'after_starting_the_engine/interruption_of_dosing_for_europe.dita' — table 2 row has 4 entries but cols=5
2026-05-15 06:28:11,411 [WARNING] utils.structure_validator: [StructureValidator] WARNING [table_col_mismatch]: 'after_starting_the_engine/interruption_of_dosing_for_europe.dita' — table 2 row has 2 entries but cols=5
2026-05-15 06:28:11,411 [WARNING] utils.structure_validator: [StructureValidator] WARNING [table_col_mismatch]: 'after_starting_the_engine/interruption_of_dosing_for_europe.dita' — table 2 row has 2 entries but cols=5
2026-05-15 06:28:11,411 [WARNING] utils.structure_validator: [StructureValidator] WARNING [table_col_mismatch]: 'after_starting_the_engine/interruption_of_dosing_for_europe.dita' — table 2 row has 4 entries but cols=5
2026-05-15 06:28:11,411 [WARNING] utils.structure_validator: [StructureValidator] WARNING [table_col_mismatch]: 'after_starting_the_engine/interruption_of_dosing_for_europe.dita' — table 2 row has 4 entries but cols=5
2026-05-15 06:28:11,411 [WARNING] utils.structure_validator: [StructureValidator] WARNING [table_col_mismatch]: 'after_starting_the_engine/interruption_of_dosing_for_europe.dita' — table 2 row has 4 entries but cols=5
2026-05-15 06:28:11,411 [WARNING] utils.structure_validator: [StructureValidator] WARNING [table_missing_title]: 'after_starting_the_engine/interruption_of_dosing_for_europe.dita' — <table> #1 has no <title> element — required for accessibility and DITA compliance
2026-05-15 06:28:11,412 [WARNING] utils.structure_validator: [StructureValidator] WARNING [table_missing_title]: 'after_starting_the_engine/interruption_of_dosing_for_europe.dita' — <table> #2 has no <title> element — required for accessibility and DITA compliance
2026-05-15 06:28:11,412 [WARNING] utils.structure_validator: [StructureValidator] WARNING [image_missing_alt]: 'after_starting_the_engine/interruption_of_dosing_for_europe.dita' — <image> #1 (href='../media/image950a.png') has no alt text — required for accessibility
2026-05-15 06:28:11,412 [WARNING] utils.structure_validator: [StructureValidator] WARNING [image_missing_alt]: 'after_starting_the_engine/interruption_of_dosing_for_europe.dita' — <image> #2 (href='../media/image951a.png') has no alt text — required for accessibility
2026-05-15 06:28:11,412 [WARNING] utils.structure_validator: [StructureValidator] WARNING [image_missing_alt]: 'after_starting_the_engine/interruption_of_dosing_for_europe.dita' — <image> #3 (href='../media/image763b.png') has no alt text — required for accessibility
2026-05-15 06:28:11,412 [WARNING] utils.structure_validator: [StructureValidator] WARNING [image_missing_alt]: 'after_starting_the_engine/interruption_of_dosing_for_europe.dita' — <image> #4 (href='../media/image764.png') has no alt text — required for accessibility
2026-05-15 06:28:11,412 [WARNING] utils.structure_validator: [StructureValidator] WARNING [image_missing_alt]: 'after_starting_the_engine/interruption_of_dosing_for_europe.dita' — <image> #5 (href='../media/image777(1).png') has no alt text — required for accessibility
2026-05-15 06:28:11,412 [WARNING] utils.structure_validator: [StructureValidator] WARNING [image_missing_alt]: 'after_starting_the_engine/interruption_of_dosing_for_europe.dita' — <image> #6 (href='../media/image778(1).png') has no alt text — required for accessibility
2026-05-15 06:28:11,412 [WARNING] utils.structure_validator: [StructureValidator] WARNING [missing_shortdesc]: 'after_starting_the_engine/interruption_of_dosing_for_europe.dita' — <shortdesc> element is missing — required for search previews and navigation
2026-05-15 06:28:11,413 [WARNING] utils.structure_validator: [StructureValidator] WARNING [missing_shortdesc]: 'after_starting_the_engine/scr_system_tampering_for_usa_europe.dita' — <shortdesc> element is missing — required for search previews and navigation
2026-05-15 06:28:11,414 [WARNING] utils.structure_validator: [StructureValidator] WARNING [section_missing_title]: 'after_starting_the_engine/detecting_control_failure.dita' — <section> #1 has no <title> — recommended for DITA compliance
2026-05-15 06:28:11,414 [WARNING] utils.structure_validator: [StructureValidator] WARNING [table_col_mismatch]: 'after_starting_the_engine/detecting_control_failure.dita' — table 1 row has 4 entries but cols=6
2026-05-15 06:28:11,414 [WARNING] utils.structure_validator: [StructureValidator] WARNING [table_col_mismatch]: 'after_starting_the_engine/detecting_control_failure.dita' — table 1 row has 4 entries but cols=6
2026-05-15 06:28:11,414 [WARNING] utils.structure_validator: [StructureValidator] WARNING [table_col_mismatch]: 'after_starting_the_engine/detecting_control_failure.dita' — table 1 row has 3 entries but cols=6
2026-05-15 06:28:11,414 [WARNING] utils.structure_validator: [StructureValidator] WARNING [table_col_mismatch]: 'after_starting_the_engine/detecting_control_failure.dita' — table 1 row has 3 entries but cols=6
2026-05-15 06:28:11,414 [WARNING] utils.structure_validator: [StructureValidator] WARNING [table_col_mismatch]: 'after_starting_the_engine/detecting_control_failure.dita' — table 1 row has 4 entries but cols=6
2026-05-15 06:28:11,414 [WARNING] utils.structure_validator: [StructureValidator] WARNING [table_col_mismatch]: 'after_starting_the_engine/detecting_control_failure.dita' — table 1 row has 4 entries but cols=6
2026-05-15 06:28:11,415 [WARNING] utils.structure_validator: [StructureValidator] WARNING [table_col_mismatch]: 'after_starting_the_engine/detecting_control_failure.dita' — table 1 row has 4 entries but cols=6
2026-05-15 06:28:11,415 [WARNING] utils.structure_validator: [StructureValidator] WARNING [table_col_mismatch]: 'after_starting_the_engine/detecting_control_failure.dita' — table 1 row has 4 entries but cols=6
2026-05-15 06:28:11,415 [WARNING] utils.structure_validator: [StructureValidator] WARNING [table_col_mismatch]: 'after_starting_the_engine/detecting_control_failure.dita' — table 1 row has 3 entries but cols=6
2026-05-15 06:28:11,415 [WARNING] utils.structure_validator: [StructureValidator] WARNING [table_col_mismatch]: 'after_starting_the_engine/detecting_control_failure.dita' — table 1 row has 3 entries but cols=6
2026-05-15 06:28:11,415 [WARNING] utils.structure_validator: [StructureValidator] WARNING [table_col_mismatch]: 'after_starting_the_engine/detecting_control_failure.dita' — table 1 row has 3 entries but cols=6
2026-05-15 06:28:11,415 [WARNING] utils.structure_validator: [StructureValidator] WARNING [table_col_mismatch]: 'after_starting_the_engine/detecting_control_failure.dita' — table 1 row has 3 entries but cols=6
2026-05-15 06:28:11,415 [WARNING] utils.structure_validator: [StructureValidator] WARNING [table_col_mismatch]: 'after_starting_the_engine/detecting_control_failure.dita' — table 1 row has 3 entries but cols=6
2026-05-15 06:28:11,415 [WARNING] utils.structure_validator: [StructureValidator] WARNING [table_col_mismatch]: 'after_starting_the_engine/detecting_control_failure.dita' — table 1 row has 3 entries but cols=6
2026-05-15 06:28:11,415 [WARNING] utils.structure_validator: [StructureValidator] WARNING [table_col_mismatch]: 'after_starting_the_engine/detecting_control_failure.dita' — table 1 row has 3 entries but cols=6
2026-05-15 06:28:11,415 [WARNING] utils.structure_validator: [StructureValidator] WARNING [table_col_mismatch]: 'after_starting_the_engine/detecting_control_failure.dita' — table 1 row has 3 entries but cols=6
2026-05-15 06:28:11,415 [WARNING] utils.structure_validator: [StructureValidator] WARNING [table_col_mismatch]: 'after_starting_the_engine/detecting_control_failure.dita' — table 1 row has 3 entries but cols=6
2026-05-15 06:28:11,415 [WARNING] utils.structure_validator: [StructureValidator] WARNING [table_col_mismatch]: 'after_starting_the_engine/detecting_control_failure.dita' — table 1 row has 3 entries but cols=6
2026-05-15 06:28:11,416 [WARNING] utils.structure_validator: [StructureValidator] WARNING [table_col_mismatch]: 'after_starting_the_engine/detecting_control_failure.dita' — table 1 row has 3 entries but cols=6
2026-05-15 06:28:11,416 [WARNING] utils.structure_validator: [StructureValidator] WARNING [table_col_mismatch]: 'after_starting_the_engine/detecting_control_failure.dita' — table 1 row has 3 entries but cols=6
2026-05-15 06:28:11,416 [WARNING] utils.structure_validator: [StructureValidator] WARNING [table_col_mismatch]: 'after_starting_the_engine/detecting_control_failure.dita' — table 1 row has 3 entries but cols=6
2026-05-15 06:28:11,416 [WARNING] utils.structure_validator: [StructureValidator] WARNING [table_col_mismatch]: 'after_starting_the_engine/detecting_control_failure.dita' — table 1 row has 3 entries but cols=6
2026-05-15 06:28:11,416 [WARNING] utils.structure_validator: [StructureValidator] WARNING [table_col_mismatch]: 'after_starting_the_engine/detecting_control_failure.dita' — table 1 row has 4 entries but cols=6
2026-05-15 06:28:11,416 [WARNING] utils.structure_validator: [StructureValidator] WARNING [table_col_mismatch]: 'after_starting_the_engine/detecting_control_failure.dita' — table 1 row has 4 entries but cols=6
2026-05-15 06:28:11,416 [WARNING] utils.structure_validator: [StructureValidator] WARNING [table_col_mismatch]: 'after_starting_the_engine/detecting_control_failure.dita' — table 1 row has 4 entries but cols=6
2026-05-15 06:28:11,416 [WARNING] utils.structure_validator: [StructureValidator] WARNING [table_col_mismatch]: 'after_starting_the_engine/detecting_control_failure.dita' — table 1 row has 4 entries but cols=6
2026-05-15 06:28:11,416 [WARNING] utils.structure_validator: [StructureValidator] WARNING [table_col_mismatch]: 'after_starting_the_engine/detecting_control_failure.dita' — table 1 row has 4 entries but cols=6
2026-05-15 06:28:11,416 [WARNING] utils.structure_validator: [StructureValidator] WARNING [table_col_mismatch]: 'after_starting_the_engine/detecting_control_failure.dita' — table 1 row has 5 entries but cols=6
2026-05-15 06:28:11,416 [WARNING] utils.structure_validator: [StructureValidator] WARNING [table_col_mismatch]: 'after_starting_the_engine/detecting_control_failure.dita' — table 1 row has 4 entries but cols=6
2026-05-15 06:28:11,416 [WARNING] utils.structure_validator: [StructureValidator] WARNING [table_col_mismatch]: 'after_starting_the_engine/detecting_control_failure.dita' — table 1 row has 3 entries but cols=6
2026-05-15 06:28:11,416 [WARNING] utils.structure_validator: [StructureValidator] WARNING [table_col_mismatch]: 'after_starting_the_engine/detecting_control_failure.dita' — table 1 row has 3 entries but cols=6
2026-05-15 06:28:11,417 [WARNING] utils.structure_validator: [StructureValidator] WARNING [table_col_mismatch]: 'after_starting_the_engine/detecting_control_failure.dita' — table 1 row has 3 entries but cols=6
2026-05-15 06:28:11,417 [WARNING] utils.structure_validator: [StructureValidator] WARNING [table_col_mismatch]: 'after_starting_the_engine/detecting_control_failure.dita' — table 1 row has 3 entries but cols=6
2026-05-15 06:28:11,417 [WARNING] utils.structure_validator: [StructureValidator] WARNING [table_col_mismatch]: 'after_starting_the_engine/detecting_control_failure.dita' — table 1 row has 3 entries but cols=6
2026-05-15 06:28:11,417 [WARNING] utils.structure_validator: [StructureValidator] WARNING [table_col_mismatch]: 'after_starting_the_engine/detecting_control_failure.dita' — table 1 row has 3 entries but cols=6
2026-05-15 06:28:11,417 [WARNING] utils.structure_validator: [StructureValidator] WARNING [table_col_mismatch]: 'after_starting_the_engine/detecting_control_failure.dita' — table 1 row has 3 entries but cols=6
2026-05-15 06:28:11,417 [WARNING] utils.structure_validator: [StructureValidator] WARNING [table_col_mismatch]: 'after_starting_the_engine/detecting_control_failure.dita' — table 1 row has 4 entries but cols=6
2026-05-15 06:28:11,417 [WARNING] utils.structure_validator: [StructureValidator] WARNING [table_col_mismatch]: 'after_starting_the_engine/detecting_control_failure.dita' — table 1 row has 4 entries but cols=6
2026-05-15 06:28:11,417 [WARNING] utils.structure_validator: [StructureValidator] WARNING [table_col_mismatch]: 'after_starting_the_engine/detecting_control_failure.dita' — table 1 row has 3 entries but cols=6
2026-05-15 06:28:11,417 [WARNING] utils.structure_validator: [StructureValidator] WARNING [table_col_mismatch]: 'after_starting_the_engine/detecting_control_failure.dita' — table 1 row has 3 entries but cols=6
2026-05-15 06:28:11,417 [WARNING] utils.structure_validator: [StructureValidator] WARNING [table_col_mismatch]: 'after_starting_the_engine/detecting_control_failure.dita' — table 1 row has 4 entries but cols=6
2026-05-15 06:28:11,417 [WARNING] utils.structure_validator: [StructureValidator] WARNING [table_col_mismatch]: 'after_starting_the_engine/detecting_control_failure.dita' — table 1 row has 4 entries but cols=6
2026-05-15 06:28:11,417 [WARNING] utils.structure_validator: [StructureValidator] WARNING [table_col_mismatch]: 'after_starting_the_engine/detecting_control_failure.dita' — table 1 row has 3 entries but cols=6
2026-05-15 06:28:11,417 [WARNING] utils.structure_validator: [StructureValidator] WARNING [table_col_mismatch]: 'after_starting_the_engine/detecting_control_failure.dita' — table 1 row has 3 entries but cols=6
2026-05-15 06:28:11,418 [WARNING] utils.structure_validator: [StructureValidator] WARNING [table_col_mismatch]: 'after_starting_the_engine/detecting_control_failure.dita' — table 1 row has 3 entries but cols=6
2026-05-15 06:28:11,418 [WARNING] utils.structure_validator: [StructureValidator] WARNING [table_col_mismatch]: 'after_starting_the_engine/detecting_control_failure.dita' — table 1 row has 3 entries but cols=6
2026-05-15 06:28:11,418 [WARNING] utils.structure_validator: [StructureValidator] WARNING [table_col_mismatch]: 'after_starting_the_engine/detecting_control_failure.dita' — table 1 row has 3 entries but cols=6
2026-05-15 06:28:11,418 [WARNING] utils.structure_validator: [StructureValidator] WARNING [table_col_mismatch]: 'after_starting_the_engine/detecting_control_failure.dita' — table 1 row has 3 entries but cols=6
2026-05-15 06:28:11,418 [WARNING] utils.structure_validator: [StructureValidator] WARNING [table_col_mismatch]: 'after_starting_the_engine/detecting_control_failure.dita' — table 1 row has 3 entries but cols=6
2026-05-15 06:28:11,418 [WARNING] utils.structure_validator: [StructureValidator] WARNING [table_col_mismatch]: 'after_starting_the_engine/detecting_control_failure.dita' — table 1 row has 3 entries but cols=6
2026-05-15 06:28:11,418 [WARNING] utils.structure_validator: [StructureValidator] WARNING [table_col_mismatch]: 'after_starting_the_engine/detecting_control_failure.dita' — table 1 row has 4 entries but cols=6
2026-05-15 06:28:11,418 [WARNING] utils.structure_validator: [StructureValidator] WARNING [table_col_mismatch]: 'after_starting_the_engine/detecting_control_failure.dita' — table 1 row has 4 entries but cols=6
2026-05-15 06:28:11,418 [WARNING] utils.structure_validator: [StructureValidator] WARNING [table_col_mismatch]: 'after_starting_the_engine/detecting_control_failure.dita' — table 1 row has 4 entries but cols=6
2026-05-15 06:28:11,418 [WARNING] utils.structure_validator: [StructureValidator] WARNING [table_col_mismatch]: 'after_starting_the_engine/detecting_control_failure.dita' — table 1 row has 3 entries but cols=6
2026-05-15 06:28:11,418 [WARNING] utils.structure_validator: [StructureValidator] WARNING [table_col_mismatch]: 'after_starting_the_engine/detecting_control_failure.dita' — table 1 row has 3 entries but cols=6
2026-05-15 06:28:11,418 [WARNING] utils.structure_validator: [StructureValidator] WARNING [table_col_mismatch]: 'after_starting_the_engine/detecting_control_failure.dita' — table 1 row has 3 entries but cols=6
2026-05-15 06:28:11,418 [WARNING] utils.structure_validator: [StructureValidator] WARNING [table_col_mismatch]: 'after_starting_the_engine/detecting_control_failure.dita' — table 1 row has 3 entries but cols=6
2026-05-15 06:28:11,419 [WARNING] utils.structure_validator: [StructureValidator] WARNING [table_col_mismatch]: 'after_starting_the_engine/detecting_control_failure.dita' — table 1 row has 3 entries but cols=6
2026-05-15 06:28:11,419 [WARNING] utils.structure_validator: [StructureValidator] WARNING [table_col_mismatch]: 'after_starting_the_engine/detecting_control_failure.dita' — table 1 row has 3 entries but cols=6
2026-05-15 06:28:11,419 [WARNING] utils.structure_validator: [StructureValidator] WARNING [table_col_mismatch]: 'after_starting_the_engine/detecting_control_failure.dita' — table 1 row has 3 entries but cols=6
2026-05-15 06:28:11,419 [WARNING] utils.structure_validator: [StructureValidator] WARNING [table_col_mismatch]: 'after_starting_the_engine/detecting_control_failure.dita' — table 1 row has 3 entries but cols=6
2026-05-15 06:28:11,419 [WARNING] utils.structure_validator: [StructureValidator] WARNING [table_col_mismatch]: 'after_starting_the_engine/detecting_control_failure.dita' — table 1 row has 3 entries but cols=6
2026-05-15 06:28:11,419 [WARNING] utils.structure_validator: [StructureValidator] WARNING [table_col_mismatch]: 'after_starting_the_engine/detecting_control_failure.dita' — table 1 row has 4 entries but cols=6
2026-05-15 06:28:11,419 [WARNING] utils.structure_validator: [StructureValidator] WARNING [table_col_mismatch]: 'after_starting_the_engine/detecting_control_failure.dita' — table 1 row has 4 entries but cols=6
2026-05-15 06:28:11,419 [WARNING] utils.structure_validator: [StructureValidator] WARNING [table_col_mismatch]: 'after_starting_the_engine/detecting_control_failure.dita' — table 1 row has 3 entries but cols=6
2026-05-15 06:28:11,419 [WARNING] utils.structure_validator: [StructureValidator] WARNING [table_col_mismatch]: 'after_starting_the_engine/detecting_control_failure.dita' — table 1 row has 3 entries but cols=6
2026-05-15 06:28:11,419 [WARNING] utils.structure_validator: [StructureValidator] WARNING [table_col_mismatch]: 'after_starting_the_engine/detecting_control_failure.dita' — table 1 row has 3 entries but cols=6
2026-05-15 06:28:11,419 [WARNING] utils.structure_validator: [StructureValidator] WARNING [table_col_mismatch]: 'after_starting_the_engine/detecting_control_failure.dita' — table 1 row has 4 entries but cols=6
2026-05-15 06:28:11,419 [WARNING] utils.structure_validator: [StructureValidator] WARNING [table_col_mismatch]: 'after_starting_the_engine/detecting_control_failure.dita' — table 1 row has 4 entries but cols=6
2026-05-15 06:28:11,419 [WARNING] utils.structure_validator: [StructureValidator] WARNING [table_col_mismatch]: 'after_starting_the_engine/detecting_control_failure.dita' — table 1 row has 4 entries but cols=6
2026-05-15 06:28:11,420 [WARNING] utils.structure_validator: [StructureValidator] WARNING [table_col_mismatch]: 'after_starting_the_engine/detecting_control_failure.dita' — table 1 row has 4 entries but cols=6
2026-05-15 06:28:11,420 [WARNING] utils.structure_validator: [StructureValidator] WARNING [table_col_mismatch]: 'after_starting_the_engine/detecting_control_failure.dita' — table 1 row has 4 entries but cols=6
2026-05-15 06:28:11,420 [WARNING] utils.structure_validator: [StructureValidator] WARNING [table_col_mismatch]: 'after_starting_the_engine/detecting_control_failure.dita' — table 1 row has 4 entries but cols=6
2026-05-15 06:28:11,420 [WARNING] utils.structure_validator: [StructureValidator] WARNING [table_col_mismatch]: 'after_starting_the_engine/detecting_control_failure.dita' — table 1 row has 4 entries but cols=6
2026-05-15 06:28:11,420 [WARNING] utils.structure_validator: [StructureValidator] WARNING [table_col_mismatch]: 'after_starting_the_engine/detecting_control_failure.dita' — table 1 row has 4 entries but cols=6
2026-05-15 06:28:11,420 [WARNING] utils.structure_validator: [StructureValidator] WARNING [table_col_mismatch]: 'after_starting_the_engine/detecting_control_failure.dita' — table 1 row has 4 entries but cols=6
2026-05-15 06:28:11,420 [WARNING] utils.structure_validator: [StructureValidator] WARNING [table_col_mismatch]: 'after_starting_the_engine/detecting_control_failure.dita' — table 1 row has 4 entries but cols=6
2026-05-15 06:28:11,420 [WARNING] utils.structure_validator: [StructureValidator] WARNING [table_col_mismatch]: 'after_starting_the_engine/detecting_control_failure.dita' — table 1 row has 4 entries but cols=6
2026-05-15 06:28:11,420 [WARNING] utils.structure_validator: [StructureValidator] WARNING [table_col_mismatch]: 'after_starting_the_engine/detecting_control_failure.dita' — table 1 row has 4 entries but cols=6
2026-05-15 06:28:11,420 [WARNING] utils.structure_validator: [StructureValidator] WARNING [table_col_mismatch]: 'after_starting_the_engine/detecting_control_failure.dita' — table 1 row has 4 entries but cols=6
2026-05-15 06:28:11,420 [WARNING] utils.structure_validator: [StructureValidator] WARNING [table_missing_title]: 'after_starting_the_engine/detecting_control_failure.dita' — <table> #1 has no <title> element — required for accessibility and DITA compliance
2026-05-15 06:28:11,420 [WARNING] utils.structure_validator: [StructureValidator] WARNING [missing_shortdesc]: 'after_starting_the_engine/detecting_control_failure.dita' — <shortdesc> element is missing — required for search previews and navigation
2026-05-15 06:28:11,422 [WARNING] utils.structure_validator: [StructureValidator] WARNING [section_missing_title]: 'after_starting_the_engine/def_ad_blue_quality_failure_for_europe.dita' — <section> #1 has no <title> — recommended for DITA compliance
2026-05-15 06:28:11,422 [WARNING] utils.structure_validator: [StructureValidator] WARNING [table_col_mismatch]: 'after_starting_the_engine/def_ad_blue_quality_failure_for_europe.dita' — table 1 row has 4 entries but cols=9
2026-05-15 06:28:11,422 [WARNING] utils.structure_validator: [StructureValidator] WARNING [table_col_mismatch]: 'after_starting_the_engine/def_ad_blue_quality_failure_for_europe.dita' — table 1 row has 6 entries but cols=9
2026-05-15 06:28:11,422 [WARNING] utils.structure_validator: [StructureValidator] WARNING [table_col_mismatch]: 'after_starting_the_engine/def_ad_blue_quality_failure_for_europe.dita' — table 1 row has 6 entries but cols=9
2026-05-15 06:28:11,422 [WARNING] utils.structure_validator: [StructureValidator] WARNING [table_col_mismatch]: 'after_starting_the_engine/def_ad_blue_quality_failure_for_europe.dita' — table 1 row has 8 entries but cols=9
2026-05-15 06:28:11,423 [WARNING] utils.structure_validator: [StructureValidator] WARNING [table_col_mismatch]: 'after_starting_the_engine/def_ad_blue_quality_failure_for_europe.dita' — table 1 row has 8 entries but cols=9
2026-05-15 06:28:11,423 [WARNING] utils.structure_validator: [StructureValidator] WARNING [table_col_mismatch]: 'after_starting_the_engine/def_ad_blue_quality_failure_for_europe.dita' — table 1 row has 8 entries but cols=9
2026-05-15 06:28:11,423 [WARNING] utils.structure_validator: [StructureValidator] WARNING [table_col_mismatch]: 'after_starting_the_engine/def_ad_blue_quality_failure_for_europe.dita' — table 2 row has 4 entries but cols=5
2026-05-15 06:28:11,423 [WARNING] utils.structure_validator: [StructureValidator] WARNING [table_col_mismatch]: 'after_starting_the_engine/def_ad_blue_quality_failure_for_europe.dita' — table 2 row has 2 entries but cols=5
2026-05-15 06:28:11,423 [WARNING] utils.structure_validator: [StructureValidator] WARNING [table_col_mismatch]: 'after_starting_the_engine/def_ad_blue_quality_failure_for_europe.dita' — table 2 row has 2 entries but cols=5
2026-05-15 06:28:11,423 [WARNING] utils.structure_validator: [StructureValidator] WARNING [table_col_mismatch]: 'after_starting_the_engine/def_ad_blue_quality_failure_for_europe.dita' — table 2 row has 4 entries but cols=5
2026-05-15 06:28:11,423 [WARNING] utils.structure_validator: [StructureValidator] WARNING [table_col_mismatch]: 'after_starting_the_engine/def_ad_blue_quality_failure_for_europe.dita' — table 2 row has 4 entries but cols=5
2026-05-15 06:28:11,423 [WARNING] utils.structure_validator: [StructureValidator] WARNING [table_col_mismatch]: 'after_starting_the_engine/def_ad_blue_quality_failure_for_europe.dita' — table 2 row has 4 entries but cols=5
2026-05-15 06:28:11,423 [WARNING] utils.structure_validator: [StructureValidator] WARNING [table_missing_title]: 'after_starting_the_engine/def_ad_blue_quality_failure_for_europe.dita' — <table> #1 has no <title> element — required for accessibility and DITA compliance
2026-05-15 06:28:11,423 [WARNING] utils.structure_validator: [StructureValidator] WARNING [table_missing_title]: 'after_starting_the_engine/def_ad_blue_quality_failure_for_europe.dita' — <table> #2 has no <title> element — required for accessibility and DITA compliance
2026-05-15 06:28:11,423 [WARNING] utils.structure_validator: [StructureValidator] WARNING [image_missing_alt]: 'after_starting_the_engine/def_ad_blue_quality_failure_for_europe.dita' — <image> #1 (href='../media/image950a.png') has no alt text — required for accessibility
2026-05-15 06:28:11,423 [WARNING] utils.structure_validator: [StructureValidator] WARNING [image_missing_alt]: 'after_starting_the_engine/def_ad_blue_quality_failure_for_europe.dita' — <image> #2 (href='../media/image951a.png') has no alt text — required for accessibility
2026-05-15 06:28:11,423 [WARNING] utils.structure_validator: [StructureValidator] WARNING [image_missing_alt]: 'after_starting_the_engine/def_ad_blue_quality_failure_for_europe.dita' — <image> #3 (href='../media/image763b.png') has no alt text — required for accessibility
2026-05-15 06:28:11,424 [WARNING] utils.structure_validator: [StructureValidator] WARNING [image_missing_alt]: 'after_starting_the_engine/def_ad_blue_quality_failure_for_europe.dita' — <image> #4 (href='../media/image764.png') has no alt text — required for accessibility
2026-05-15 06:28:11,424 [WARNING] utils.structure_validator: [StructureValidator] WARNING [image_missing_alt]: 'after_starting_the_engine/def_ad_blue_quality_failure_for_europe.dita' — <image> #5 (href='../media/image773.png') has no alt text — required for accessibility
2026-05-15 06:28:11,424 [WARNING] utils.structure_validator: [StructureValidator] WARNING [image_missing_alt]: 'after_starting_the_engine/def_ad_blue_quality_failure_for_europe.dita' — <image> #6 (href='../media/image774.png') has no alt text — required for accessibility
2026-05-15 06:28:11,424 [WARNING] utils.structure_validator: [StructureValidator] WARNING [missing_shortdesc]: 'after_starting_the_engine/def_ad_blue_quality_failure_for_europe.dita' — <shortdesc> element is missing — required for search previews and navigation
2026-05-15 06:28:11,427 [INFO] utils.structure_validator: [StructureValidator] Complete — CRITICAL=0, WARNING=883 | dita_files=193, broken_xml=0, empty=23, broken_dita_refs=0, broken_maprefs=0, orphans=0, duplicate_ids=0, broken_xrefs=0, filename_spaces=0
2026-05-15 06:28:11,427 [INFO] pipeline.enrich_runner: [EnrichPipeline] Validation done — CRITICAL=0, WARNING=883 | broken_xml=0, empty=23, broken_refs=0, orphans=0
2026-05-15 06:28:11,427 [INFO] pipeline.enrich_runner: [EnrichPipeline] ── Safe Fixer: Zone 1 auto-fixes ──
2026-05-15 06:28:11,431 [INFO] utils.dita_safe_fixer: [SafeFixer] FIXED: after_starting_the_engine/diesel_engine.dita — expanded self-closing <conbody/> to explicit open/close tags
2026-05-15 06:28:11,431 [INFO] utils.dita_safe_fixer: [SafeFixer] FIXED: after_starting_the_engine/engine_and_after_treatment_system.dita — expanded self-closing <conbody/> to explicit open/close tags
2026-05-15 06:28:11,432 [INFO] utils.dita_safe_fixer: [SafeFixer] FIXED: before_starting_the_engine/before_starting_the_engine.dita — expanded self-closing <conbody/> to explicit open/close tags
2026-05-15 06:28:11,433 [INFO] utils.dita_safe_fixer: [SafeFixer] FIXED: lift_truck_controls/cabin_tilting.dita — expanded self-closing <conbody/> to explicit open/close tags
2026-05-15 06:28:11,433 [INFO] utils.dita_safe_fixer: [SafeFixer] FIXED: lift_truck_controls/lift_truck_controls.dita — expanded self-closing <conbody/> to explicit open/close tags
2026-05-15 06:28:11,434 [INFO] utils.dita_safe_fixer: [SafeFixer] FIXED: lift_truck_operation/lift_truck_operation.dita — expanded self-closing <conbody/> to explicit open/close tags
2026-05-15 06:28:11,435 [INFO] utils.dita_safe_fixer: [SafeFixer] FIXED: noise_and_vibration/noise_and_vibration.dita — expanded self-closing <conbody/> to explicit open/close tags
2026-05-15 06:28:11,436 [INFO] utils.dita_safe_fixer: [SafeFixer] FIXED: operating_techniques/operating_techniques.dita — expanded self-closing <conbody/> to explicit open/close tags
2026-05-15 06:28:11,437 [INFO] utils.dita_safe_fixer: [SafeFixer] FIXED: operator_s_station_and_monitoring_systems/audio_system_am_fm_tuner_with_usb_aux_player.dita — expanded self-closing <conbody/> to explicit open/close tags
2026-05-15 06:28:11,438 [INFO] utils.dita_safe_fixer: [SafeFixer] FIXED: operator_s_station_and_monitoring_systems/aux_player.dita — expanded self-closing <conbody/> to explicit open/close tags
2026-05-15 06:28:11,439 [INFO] utils.dita_safe_fixer: [SafeFixer] FIXED: operator_s_station_and_monitoring_systems/getting_started.dita — expanded self-closing <conbody/> to explicit open/close tags
2026-05-15 06:28:11,440 [INFO] utils.dita_safe_fixer: [SafeFixer] FIXED: operator_s_station_and_monitoring_systems/radio.dita — expanded self-closing <conbody/> to explicit open/close tags
2026-05-15 06:28:11,441 [INFO] utils.dita_safe_fixer: [SafeFixer] FIXED: operator_s_station_and_monitoring_systems/radio_2.dita — expanded self-closing <conbody/> to explicit open/close tags
2026-05-15 06:28:11,441 [INFO] utils.dita_safe_fixer: [SafeFixer] FIXED: operator_s_station_and_monitoring_systems/rear_camera_only_rear_view_option.dita — expanded self-closing <conbody/> to explicit open/close tags
2026-05-15 06:28:11,441 [INFO] utils.dita_safe_fixer: [SafeFixer] FIXED: operator_s_station_and_monitoring_systems/rear_camera_rear_view_with_steer_angle_option.dita — expanded self-closing <conbody/> to explicit open/close tags
2026-05-15 06:28:11,442 [INFO] utils.dita_safe_fixer: [SafeFixer] FIXED: operator_s_station_and_monitoring_systems/usb_player.dita — expanded self-closing <conbody/> to explicit open/close tags
2026-05-15 06:28:11,443 [INFO] utils.dita_safe_fixer: [SafeFixer] FIXED: safety/avoiding_lift_truck_tipover.dita — expanded self-closing <conbody/> to explicit open/close tags
2026-05-15 06:28:11,443 [INFO] utils.dita_safe_fixer: [SafeFixer] FIXED: safety/burn_prevention.dita — expanded self-closing <conbody/> to explicit open/close tags
2026-05-15 06:28:11,445 [INFO] utils.dita_safe_fixer: [SafeFixer] FIXED: safety/operation_information.dita — expanded self-closing <conbody/> to explicit open/close tags
2026-05-15 06:28:11,446 [INFO] utils.dita_safe_fixer: [SafeFixer] FIXED: safety/operator_restraint_system.dita — expanded self-closing <conbody/> to explicit open/close tags
2026-05-15 06:28:11,447 [INFO] utils.dita_safe_fixer: [SafeFixer] FIXED: seat_switch_system/seat.dita — expanded self-closing <conbody/> to explicit open/close tags
2026-05-15 06:28:11,448 [INFO] utils.dita_safe_fixer: [SafeFixer] FIXED: serial_number/serial_number.dita — expanded self-closing <conbody/> to explicit open/close tags
2026-05-15 06:28:11,449 [INFO] utils.dita_safe_fixer: [SafeFixer] FIXED: starting_the_engine/starting_the_engine.dita — expanded self-closing <conbody/> to explicit open/close tags
2026-05-15 06:28:11,449 [INFO] utils.dita_safe_fixer: [SafeFixer] Complete — 23 fix(es) applied, 0 write failure(s)
2026-05-15 06:28:11,449 [INFO] pipeline.enrich_runner: [EnrichPipeline] Safe fixes applied=23, write_failures=0
2026-05-15 06:28:11,450 [INFO] pipeline.enrich_runner: [EnrichPipeline] Marked 23 empty topic(s) to skip enrichment
2026-05-15 06:28:11,459 [INFO] pipeline.enrich_runner: [EnrichPipeline] ── Extracting document context from DITA files ──
2026-05-15 06:28:11,482 [INFO] utils.document_context_extractor: [DocContext] extract_context_from_dita — 193 files found, stem='after_starting_the_engine_map'
2026-05-15 06:28:11,482 [INFO] utils.document_context_extractor: [DocContext] Extracting document-level context from: /app/output/d85589d0-0895-437e-8214-fa98962ae40e/after_starting_the_engine_map.ditamap
2026-05-15 06:28:11,483 [INFO] utils.document_context_extractor: [DocContext] Aggregated content from 193 files
2026-05-15 06:28:11,828 [INFO] httpx: HTTP Request: POST https://api.anthropic.com/v1/messages "HTTP/1.1 401 Unauthorized"
2026-05-15 06:28:11,829 [WARNING] utils.document_context_extractor: [DocContext] AI extraction failed: Error code: 401 - {'type': 'error', 'error': {'type': 'authentication_error', 'message': 'invalid x-api-key'}, 'request_id': 'req_011Cb3t3mnmtD3UHap9Fqzuy'}
2026-05-15 06:28:11,829 [INFO] utils.document_context_extractor: [DocContext] AI confidence low (0.00), using heuristic for task_type only
2026-05-15 06:28:11,832 [INFO] utils.document_context_extractor: [DocContext] Heuristic task_type: ''
2026-05-15 06:28:11,833 [INFO] utils.document_context_extractor: [DocContext] Final context: {'prodname': 'after_starting_the_engine_map', 'prodname_confirmed': False, 'equipment_name': '', 'task_type': '', 'document_keywords': [], 'extraction_method': 'heuristic', 'confidence': 0.0}
2026-05-15 06:28:11,833 [INFO] pipeline.enrich_runner: [EnrichPipeline] prodname 'after_starting_the_engine_map' is AI-inferred — clearing so DITA gets empty <prodname>
2026-05-15 06:28:11,833 [INFO] pipeline.enrich_runner: [EnrichPipeline] Context — prodname='', equipment='', task_type='', method=heuristic, confidence=0.00
2026-05-15 06:28:11,834 [INFO] utils.core_log_parser: [CoreLogParser] Using most recent report: m_CD100120140160S-7_XSB2386E07NA_T-4_OMM_Final_prep-POST CLEANUP_report.txt
2026-05-15 06:28:11,838 [INFO] utils.core_log_parser: [CoreLogParser] Parsed core report 'm_CD100120140160S-7_XSB2386E07NA_T-4_OMM_Final_prep-POST CLEANUP_report.txt' — 209 topics, 0 errors
2026-05-15 06:28:11,838 [INFO] utils.core_log_parser: [CoreLogParser] Using most recent report: m_CD100120140160S-7_XSB2386E07NA_T-4_OMM_Final_prep-POST CLEANUP_report.txt
2026-05-15 06:28:11,840 [INFO] pipeline.enrich_runner: [EnrichPipeline] ── Backend Report (core _report.txt) ──────────────
2026-05-15 06:28:11,841 [INFO] pipeline.enrich_runner: [BackendReport] [Core Engine] total=209, passed=209, failed=0, root_map=after_starting_the_engine_map.ditamap, images=328
2026-05-15 06:28:11,841 [INFO] pipeline.enrich_runner: [BackendReport] [Core Files]
2026-05-15 06:28:11,841 [INFO] pipeline.enrich_runner: [BackendReport]   after_starting_the_engine/after_starting_the_engine.dita: type=task, status=PASS
2026-05-15 06:28:11,841 [INFO] pipeline.enrich_runner: [BackendReport]   after_starting_the_engine/def_ad_blue_level_inducement_for_europe.dita: type=reference, status=PASS
2026-05-15 06:28:11,841 [INFO] pipeline.enrich_runner: [BackendReport]   after_starting_the_engine/def_ad_blue_level_inducement_for_usa.dita: type=reference, status=PASS
2026-05-15 06:28:11,841 [INFO] pipeline.enrich_runner: [BackendReport]   after_starting_the_engine/def_ad_blue_level_inducement_for_usa_europe.dita: type=concept, status=PASS
2026-05-15 06:28:11,841 [INFO] pipeline.enrich_runner: [BackendReport]   after_starting_the_engine/def_ad_blue_quality_failure_for_europe.dita: type=reference, status=PASS
2026-05-15 06:28:11,841 [INFO] pipeline.enrich_runner: [BackendReport]   after_starting_the_engine/def_ad_blue_quality_failure_for_usa.dita: type=reference, status=PASS
2026-05-15 06:28:11,841 [INFO] pipeline.enrich_runner: [BackendReport]   after_starting_the_engine/def_ad_blue_quality_failure_for_usa_europe.dita: type=concept, status=PASS
2026-05-15 06:28:11,841 [INFO] pipeline.enrich_runner: [BackendReport]   after_starting_the_engine/detecting_control_failure.dita: type=reference, status=PASS
2026-05-15 06:28:11,841 [INFO] pipeline.enrich_runner: [BackendReport]   after_starting_the_engine/diesel_engine.dita: type=concept, status=PASS
2026-05-15 06:28:11,841 [INFO] pipeline.enrich_runner: [BackendReport]   after_starting_the_engine/display_of_detecting_control_failure.dita: type=reference, status=PASS
2026-05-15 06:28:11,842 [INFO] pipeline.enrich_runner: [BackendReport]   after_starting_the_engine/engine_and_after_treatment_system.dita: type=concept, status=PASS
2026-05-15 06:28:11,842 [INFO] pipeline.enrich_runner: [BackendReport]   after_starting_the_engine/impeded_egr_for_europe.dita: type=reference, status=PASS
2026-05-15 06:28:11,842 [INFO] pipeline.enrich_runner: [BackendReport]   after_starting_the_engine/impeded_egr_interruption_of_dosing_for_europe_only.dita: type=concept, status=PASS
2026-05-15 06:28:11,842 [INFO] pipeline.enrich_runner: [BackendReport]   after_starting_the_engine/interruption_of_dosing_for_europe.dita: type=reference, status=PASS
2026-05-15 06:28:11,842 [INFO] pipeline.enrich_runner: [BackendReport]   after_starting_the_engine/introduction.dita: type=concept, status=PASS
2026-05-15 06:28:11,842 [INFO] pipeline.enrich_runner: [BackendReport]   after_starting_the_engine/scr_system_tampering_for_europe.dita: type=reference, status=PASS
2026-05-15 06:28:11,842 [INFO] pipeline.enrich_runner: [BackendReport]   after_starting_the_engine/scr_system_tampering_for_usa.dita: type=reference, status=PASS
2026-05-15 06:28:11,842 [INFO] pipeline.enrich_runner: [BackendReport]   after_starting_the_engine/scr_system_tampering_for_usa_europe.dita: type=concept, status=PASS
2026-05-15 06:28:11,842 [INFO] pipeline.enrich_runner: [BackendReport]   before_starting_the_engine/before_starting_the_engine.dita: type=concept, status=PASS
2026-05-15 06:28:11,842 [INFO] pipeline.enrich_runner: [BackendReport]   before_starting_the_engine/walk_around_inspection.dita: type=task, status=PASS
2026-05-15 06:28:11,842 [INFO] pipeline.enrich_runner: [BackendReport]   capacity_chart/capacity_chart.dita: type=reference, status=PASS
2026-05-15 06:28:11,842 [INFO] pipeline.enrich_runner: [BackendReport]   important_safety_information/important_safety_information.dita: type=concept, status=PASS
2026-05-15 06:28:11,842 [INFO] pipeline.enrich_runner: [BackendReport]   lift_truck_controls/cabin_tilting.dita: type=concept, status=PASS
2026-05-15 06:28:11,842 [INFO] pipeline.enrich_runner: [BackendReport]   lift_truck_controls/def_ad_blue_replenishment.dita: type=task, status=PASS
2026-05-15 06:28:11,843 [INFO] pipeline.enrich_runner: [BackendReport]   lift_truck_controls/direction_control_lever.dita: type=topic, status=PASS
2026-05-15 06:28:11,843 [INFO] pipeline.enrich_runner: [BackendReport]   lift_truck_controls/forward_reverse_lever.dita: type=concept, status=PASS
2026-05-15 06:28:11,843 [INFO] pipeline.enrich_runner: [BackendReport]   lift_truck_controls/how_to_fill_the_hydraulic_oil.dita: type=task, status=PASS
2026-05-15 06:28:11,843 [INFO] pipeline.enrich_runner: [BackendReport]   lift_truck_controls/how_to_operate_the_power_pack_for_manual_tilting.dita: type=task, status=PASS
2026-05-15 06:28:11,843 [INFO] pipeline.enrich_runner: [BackendReport]   lift_truck_controls/lift_truck_controls.dita: type=concept, status=PASS
2026-05-15 06:28:11,843 [INFO] pipeline.enrich_runner: [BackendReport]   lift_truck_controls/location_of_power_pack.dita: type=topic, status=PASS
2026-05-15 06:28:11,843 [INFO] pipeline.enrich_runner: [BackendReport]   lift_truck_controls/neutral_lever_lock.dita: type=concept, status=PASS
2026-05-15 06:28:11,843 [INFO] pipeline.enrich_runner: [BackendReport]   lift_truck_controls/refueling.dita: type=task, status=PASS
2026-05-15 06:28:11,843 [INFO] pipeline.enrich_runner: [BackendReport]   lift_truck_controls/scr_cleaning_desox_switch.dita: type=task, status=PASS
2026-05-15 06:28:11,843 [INFO] pipeline.enrich_runner: [BackendReport]   lift_truck_controls/speed_selection.dita: type=concept, status=PASS
2026-05-15 06:28:11,843 [INFO] pipeline.enrich_runner: [BackendReport]   lift_truck_controls/transmission_display.dita: type=task, status=PASS
2026-05-15 06:28:11,843 [INFO] pipeline.enrich_runner: [BackendReport]   lift_truck_operation/inching.dita: type=task, status=PASS
2026-05-15 06:28:11,843 [INFO] pipeline.enrich_runner: [BackendReport]   lift_truck_operation/lift_truck_operation.dita: type=concept, status=PASS
2026-05-15 06:28:11,843 [INFO] pipeline.enrich_runner: [BackendReport]   lift_truck_operation/moving_and_stopping_the_lift_truck.dita: type=task, status=PASS
2026-05-15 06:28:11,844 [INFO] pipeline.enrich_runner: [BackendReport]   lift_truck_operation/steering_knob_if_equipped.dita: type=topic, status=PASS
2026-05-15 06:28:11,844 [INFO] pipeline.enrich_runner: [BackendReport]   noise_and_vibration/noise.dita: type=reference, status=PASS
2026-05-15 06:28:11,844 [INFO] pipeline.enrich_runner: [BackendReport]   noise_and_vibration/noise_and_vibration.dita: type=concept, status=PASS
2026-05-15 06:28:11,844 [INFO] pipeline.enrich_runner: [BackendReport]   noise_and_vibration/vibration_weighted_overall_value.dita: type=reference, status=PASS
2026-05-15 06:28:11,844 [INFO] pipeline.enrich_runner: [BackendReport]   operating_techniques/inching_into_loads.dita: type=task, status=PASS
2026-05-15 06:28:11,844 [INFO] pipeline.enrich_runner: [BackendReport]   operating_techniques/lifting_drums_or_round_objects.dita: type=task, status=PASS
2026-05-15 06:28:11,844 [INFO] pipeline.enrich_runner: [BackendReport]   operating_techniques/lifting_the_load.dita: type=task, status=PASS
2026-05-15 06:28:11,844 [INFO] pipeline.enrich_runner: [BackendReport]   operating_techniques/load_lateral_centre_of_gravity.dita: type=concept, status=PASS
2026-05-15 06:28:11,844 [INFO] pipeline.enrich_runner: [BackendReport]   operating_techniques/load_shift.dita: type=concept, status=PASS
2026-05-15 06:28:11,844 [INFO] pipeline.enrich_runner: [BackendReport]   operating_techniques/load_stability.dita: type=concept, status=PASS
2026-05-15 06:28:11,844 [INFO] pipeline.enrich_runner: [BackendReport]   operating_techniques/load_swing.dita: type=concept, status=PASS
2026-05-15 06:28:11,844 [INFO] pipeline.enrich_runner: [BackendReport]   operating_techniques/operating_in_hot_weather.dita: type=task, status=PASS
2026-05-15 06:28:11,844 [INFO] pipeline.enrich_runner: [BackendReport]   operating_techniques/operating_techniques.dita: type=concept, status=PASS
2026-05-15 06:28:11,844 [INFO] pipeline.enrich_runner: [BackendReport]   operating_techniques/safety_instructions_for_attachments_when_transporting_suspended_load.dita: type=task, status=PASS
2026-05-15 06:28:11,845 [INFO] pipeline.enrich_runner: [BackendReport]   operating_techniques/safety_instructions_for_attachments_when_transporting_wide_loads.dita: type=task, status=PASS
2026-05-15 06:28:11,845 [INFO] pipeline.enrich_runner: [BackendReport]   operating_techniques/traveling_with_the_load.dita: type=task, status=PASS
2026-05-15 06:28:11,845 [INFO] pipeline.enrich_runner: [BackendReport]   operating_techniques/turning.dita: type=task, status=PASS
2026-05-15 06:28:11,845 [INFO] pipeline.enrich_runner: [BackendReport]   operating_techniques/unloading.dita: type=task, status=PASS
2026-05-15 06:28:11,845 [INFO] pipeline.enrich_runner: [BackendReport]   operating_techniques/visibility.dita: type=concept, status=PASS
2026-05-15 06:28:11,845 [INFO] pipeline.enrich_runner: [BackendReport]   operator_s_station_and_monitoring_systems/12v_socket.dita: type=concept, status=PASS
2026-05-15 06:28:11,845 [INFO] pipeline.enrich_runner: [BackendReport]   operator_s_station_and_monitoring_systems/1_the_right_side_dash_board_cabin.dita: type=topic, status=PASS
2026-05-15 06:28:11,845 [INFO] pipeline.enrich_runner: [BackendReport]   operator_s_station_and_monitoring_systems/2_the_left_side_dash_board_cabin.dita: type=reference, status=PASS
2026-05-15 06:28:11,845 [INFO] pipeline.enrich_runner: [BackendReport]   operator_s_station_and_monitoring_systems/3_the_operator_switches.dita: type=task, status=PASS
2026-05-15 06:28:11,845 [INFO] pipeline.enrich_runner: [BackendReport]   operator_s_station_and_monitoring_systems/4_the_left_side_dash_board_ovhd_guard.dita: type=task, status=PASS
2026-05-15 06:28:11,845 [INFO] pipeline.enrich_runner: [BackendReport]   operator_s_station_and_monitoring_systems/5_pedal_configuration.dita: type=reference, status=PASS
2026-05-15 06:28:11,845 [INFO] pipeline.enrich_runner: [BackendReport]   operator_s_station_and_monitoring_systems/6_steering_wheel.dita: type=reference, status=PASS
2026-05-15 06:28:11,845 [INFO] pipeline.enrich_runner: [BackendReport]   operator_s_station_and_monitoring_systems/a_description_of_the_buttons_basic_operation.dita: type=task, status=PASS
2026-05-15 06:28:11,846 [INFO] pipeline.enrich_runner: [BackendReport]   operator_s_station_and_monitoring_systems/a_front_display_basic_operation_menu.dita: type=task, status=PASS
2026-05-15 06:28:11,846 [INFO] pipeline.enrich_runner: [BackendReport]   operator_s_station_and_monitoring_systems/a_instrument_panel.dita: type=task, status=PASS
2026-05-15 06:28:11,846 [INFO] pipeline.enrich_runner: [BackendReport]   operator_s_station_and_monitoring_systems/about_mp3_wma.dita: type=concept, status=PASS
2026-05-15 06:28:11,846 [INFO] pipeline.enrich_runner: [BackendReport]   operator_s_station_and_monitoring_systems/adjusting_volume_directly.dita: type=task, status=PASS
2026-05-15 06:28:11,846 [INFO] pipeline.enrich_runner: [BackendReport]   operator_s_station_and_monitoring_systems/air_conditioner_controller.dita: type=reference, status=PASS
2026-05-15 06:28:11,846 [INFO] pipeline.enrich_runner: [BackendReport]   operator_s_station_and_monitoring_systems/audio_system_am_fm_tuner_with_usb_aux_player.dita: type=concept, status=PASS
2026-05-15 06:28:11,846 [INFO] pipeline.enrich_runner: [BackendReport]   operator_s_station_and_monitoring_systems/auto_manual_change_switch.dita: type=concept, status=PASS
2026-05-15 06:28:11,846 [INFO] pipeline.enrich_runner: [BackendReport]   operator_s_station_and_monitoring_systems/aux_player.dita: type=concept, status=PASS
2026-05-15 06:28:11,846 [INFO] pipeline.enrich_runner: [BackendReport]   operator_s_station_and_monitoring_systems/auxiliary_operation_lever_option.dita: type=concept, status=PASS
2026-05-15 06:28:11,846 [INFO] pipeline.enrich_runner: [BackendReport]   operator_s_station_and_monitoring_systems/b_operation_method.dita: type=task, status=PASS
2026-05-15 06:28:11,846 [INFO] pipeline.enrich_runner: [BackendReport]   operator_s_station_and_monitoring_systems/b_operation_method_display_menu.dita: type=topic, status=PASS
2026-05-15 06:28:11,846 [INFO] pipeline.enrich_runner: [BackendReport]   operator_s_station_and_monitoring_systems/b_speed_meter.dita: type=topic, status=PASS
2026-05-15 06:28:11,846 [INFO] pipeline.enrich_runner: [BackendReport]   operator_s_station_and_monitoring_systems/before_mp3_wma_usb_playback.dita: type=concept, status=PASS
2026-05-15 06:28:11,846 [INFO] pipeline.enrich_runner: [BackendReport]   operator_s_station_and_monitoring_systems/c_engine_ignition_start_switch.dita: type=task, status=PASS
2026-05-15 06:28:11,847 [INFO] pipeline.enrich_runner: [BackendReport]   operator_s_station_and_monitoring_systems/c_operation_method_setup_menu.dita: type=task, status=PASS
2026-05-15 06:28:11,847 [INFO] pipeline.enrich_runner: [BackendReport]   operator_s_station_and_monitoring_systems/calling_via_handsfree_lf_equipped.dita: type=task, status=PASS
2026-05-15 06:28:11,847 [INFO] pipeline.enrich_runner: [BackendReport]   operator_s_station_and_monitoring_systems/change_the_playback_mode.dita: type=task, status=PASS
2026-05-15 06:28:11,847 [INFO] pipeline.enrich_runner: [BackendReport]   operator_s_station_and_monitoring_systems/cigar_jack.dita: type=concept, status=PASS
2026-05-15 06:28:11,847 [INFO] pipeline.enrich_runner: [BackendReport]   operator_s_station_and_monitoring_systems/controlling_the_playback.dita: type=task, status=PASS
2026-05-15 06:28:11,847 [INFO] pipeline.enrich_runner: [BackendReport]   operator_s_station_and_monitoring_systems/d_console_tilt_angle_control_lever.dita: type=topic, status=PASS
2026-05-15 06:28:11,847 [INFO] pipeline.enrich_runner: [BackendReport]   operator_s_station_and_monitoring_systems/display_window.dita: type=task, status=PASS
2026-05-15 06:28:11,847 [INFO] pipeline.enrich_runner: [BackendReport]   operator_s_station_and_monitoring_systems/e_console_up_down_control_lever_if_installed.dita: type=task, status=PASS
2026-05-15 06:28:11,847 [INFO] pipeline.enrich_runner: [BackendReport]   operator_s_station_and_monitoring_systems/economic_fuel_saving_switch.dita: type=topic, status=PASS
2026-05-15 06:28:11,847 [INFO] pipeline.enrich_runner: [BackendReport]   operator_s_station_and_monitoring_systems/emergency_lamp_switch.dita: type=concept, status=PASS
2026-05-15 06:28:11,847 [INFO] pipeline.enrich_runner: [BackendReport]   operator_s_station_and_monitoring_systems/engine_diagnostic_switch.dita: type=concept, status=PASS
2026-05-15 06:28:11,847 [INFO] pipeline.enrich_runner: [BackendReport]   operator_s_station_and_monitoring_systems/engine_stop_switch.dita: type=task, status=PASS
2026-05-15 06:28:11,847 [INFO] pipeline.enrich_runner: [BackendReport]   operator_s_station_and_monitoring_systems/getting_started.dita: type=concept, status=PASS
2026-05-15 06:28:11,847 [INFO] pipeline.enrich_runner: [BackendReport]   operator_s_station_and_monitoring_systems/handling_precautions_for_usb_device.dita: type=concept, status=PASS
2026-05-15 06:28:11,848 [INFO] pipeline.enrich_runner: [BackendReport]   operator_s_station_and_monitoring_systems/heater_flow_control_valve.dita: type=topic, status=PASS
2026-05-15 06:28:11,848 [INFO] pipeline.enrich_runner: [BackendReport]   operator_s_station_and_monitoring_systems/idle_select_switch.dita: type=task, status=PASS
2026-05-15 06:28:11,848 [INFO] pipeline.enrich_runner: [BackendReport]   operator_s_station_and_monitoring_systems/left_fork_operation_lever.dita: type=concept, status=PASS
2026-05-15 06:28:11,848 [INFO] pipeline.enrich_runner: [BackendReport]   operator_s_station_and_monitoring_systems/lift_lever.dita: type=concept, status=PASS
2026-05-15 06:28:11,848 [INFO] pipeline.enrich_runner: [BackendReport]   operator_s_station_and_monitoring_systems/listening_to_a_preset_station.dita: type=task, status=PASS
2026-05-15 06:28:11,848 [INFO] pipeline.enrich_runner: [BackendReport]   operator_s_station_and_monitoring_systems/listening_to_auxiliary_audio_equipment.dita: type=task, status=PASS
2026-05-15 06:28:11,848 [INFO] pipeline.enrich_runner: [BackendReport]   operator_s_station_and_monitoring_systems/listening_to_dmb_sound_lf_equipped.dita: type=task, status=PASS
2026-05-15 06:28:11,848 [INFO] pipeline.enrich_runner: [BackendReport]   operator_s_station_and_monitoring_systems/location_of_controls.dita: type=task, status=PASS
2026-05-15 06:28:11,848 [INFO] pipeline.enrich_runner: [BackendReport]   operator_s_station_and_monitoring_systems/operator_s_station_and_monitoring_systems.dita: type=topic, status=PASS
2026-05-15 06:28:11,848 [INFO] pipeline.enrich_runner: [BackendReport]   operator_s_station_and_monitoring_systems/parking_brake_switch.dita: type=task, status=PASS
2026-05-15 06:28:11,848 [INFO] pipeline.enrich_runner: [BackendReport]   operator_s_station_and_monitoring_systems/playing_a_usb_device.dita: type=task, status=PASS
2026-05-15 06:28:11,848 [INFO] pipeline.enrich_runner: [BackendReport]   operator_s_station_and_monitoring_systems/radio.dita: type=concept, status=PASS
2026-05-15 06:28:11,848 [INFO] pipeline.enrich_runner: [BackendReport]   operator_s_station_and_monitoring_systems/radio_2.dita: type=concept, status=PASS
2026-05-15 06:28:11,848 [INFO] pipeline.enrich_runner: [BackendReport]   operator_s_station_and_monitoring_systems/rear_camera_only_rear_view_option.dita: type=concept, status=PASS
2026-05-15 06:28:11,849 [INFO] pipeline.enrich_runner: [BackendReport]   operator_s_station_and_monitoring_systems/rear_camera_rear_view_with_steer_angle_option.dita: type=concept, status=PASS
2026-05-15 06:28:11,849 [INFO] pipeline.enrich_runner: [BackendReport]   operator_s_station_and_monitoring_systems/rear_view_connectors.dita: type=task, status=PASS
2026-05-15 06:28:11,849 [INFO] pipeline.enrich_runner: [BackendReport]   operator_s_station_and_monitoring_systems/right_fork_operation_lever.dita: type=concept, status=PASS
2026-05-15 06:28:11,849 [INFO] pipeline.enrich_runner: [BackendReport]   operator_s_station_and_monitoring_systems/saving_radio_stations_automatically.dita: type=task, status=PASS
2026-05-15 06:28:11,849 [INFO] pipeline.enrich_runner: [BackendReport]   operator_s_station_and_monitoring_systems/saving_radio_stations_manually.dita: type=task, status=PASS
2026-05-15 06:28:11,849 [INFO] pipeline.enrich_runner: [BackendReport]   operator_s_station_and_monitoring_systems/seat_heater_switch_if_equipped.dita: type=concept, status=PASS
2026-05-15 06:28:11,849 [INFO] pipeline.enrich_runner: [BackendReport]   operator_s_station_and_monitoring_systems/setting_the_region_of_radio_reception.dita: type=task, status=PASS
2026-05-15 06:28:11,849 [INFO] pipeline.enrich_runner: [BackendReport]   operator_s_station_and_monitoring_systems/tilt_lever.dita: type=concept, status=PASS
2026-05-15 06:28:11,849 [INFO] pipeline.enrich_runner: [BackendReport]   operator_s_station_and_monitoring_systems/tuning_in_a_station.dita: type=task, status=PASS
2026-05-15 06:28:11,850 [INFO] pipeline.enrich_runner: [BackendReport]   operator_s_station_and_monitoring_systems/turning_the_unit_on_off.dita: type=task, status=PASS
2026-05-15 06:28:11,850 [INFO] pipeline.enrich_runner: [BackendReport]   operator_s_station_and_monitoring_systems/upper_rear_wipers_and_washer_switch.dita: type=concept, status=PASS
2026-05-15 06:28:11,850 [INFO] pipeline.enrich_runner: [BackendReport]   operator_s_station_and_monitoring_systems/usb_player.dita: type=concept, status=PASS
2026-05-15 06:28:11,850 [INFO] pipeline.enrich_runner: [BackendReport]   operator_s_station_and_monitoring_systems/weight_scale_mode_option_hydraulic_type.dita: type=concept, status=PASS
2026-05-15 06:28:11,850 [INFO] pipeline.enrich_runner: [BackendReport]   operator_s_station_and_monitoring_systems/wired_remote_controller.dita: type=task, status=PASS
2026-05-15 06:28:11,850 [INFO] pipeline.enrich_runner: [BackendReport]   operator_s_warning_and_identification_plate/attachment_abbreviations_includes_special_forks.dita: type=concept, status=PASS
2026-05-15 06:28:11,850 [INFO] pipeline.enrich_runner: [BackendReport]   operator_s_warning_and_identification_plate/identification_lift_capacity_and_attachment_plate.dita: type=topic, status=PASS
2026-05-15 06:28:11,850 [INFO] pipeline.enrich_runner: [BackendReport]   operator_s_warning_and_identification_plate/lift_truck_capacity_rating.dita: type=concept, status=PASS
2026-05-15 06:28:11,850 [INFO] pipeline.enrich_runner: [BackendReport]   operator_s_warning_and_identification_plate/mast_abbreviations.dita: type=concept, status=PASS
2026-05-15 06:28:11,850 [INFO] pipeline.enrich_runner: [BackendReport]   operator_s_warning_and_identification_plate/operator_s_warning_and_identification_plate.dita: type=concept, status=PASS
2026-05-15 06:28:11,850 [INFO] pipeline.enrich_runner: [BackendReport]   operator_s_warning_and_identification_plate/operator_s_warning_plate.dita: type=topic, status=PASS
2026-05-15 06:28:11,850 [INFO] pipeline.enrich_runner: [BackendReport]   safety/avoiding_lift_truck_tipover.dita: type=concept, status=PASS
2026-05-15 06:28:11,850 [INFO] pipeline.enrich_runner: [BackendReport]   safety/batteries.dita: type=concept, status=PASS
2026-05-15 06:28:11,850 [INFO] pipeline.enrich_runner: [BackendReport]   safety/before_operating_the_lift_truck.dita: type=concept, status=PASS
2026-05-15 06:28:11,851 [INFO] pipeline.enrich_runner: [BackendReport]   safety/before_starting_the_lift_truck.dita: type=concept, status=PASS
2026-05-15 06:28:11,851 [INFO] pipeline.enrich_runner: [BackendReport]   safety/burn_prevention.dita: type=concept, status=PASS
2026-05-15 06:28:11,851 [INFO] pipeline.enrich_runner: [BackendReport]   safety/capacity_load_weight_and_load_centre.dita: type=task, status=PASS
2026-05-15 06:28:11,851 [INFO] pipeline.enrich_runner: [BackendReport]   safety/centre_of_gravity_cg.dita: type=topic, status=PASS
2026-05-15 06:28:11,851 [INFO] pipeline.enrich_runner: [BackendReport]   safety/coolant.dita: type=concept, status=PASS
2026-05-15 06:28:11,851 [INFO] pipeline.enrich_runner: [BackendReport]   safety/crushing_or_cutting_prevention.dita: type=concept, status=PASS
2026-05-15 06:28:11,851 [INFO] pipeline.enrich_runner: [BackendReport]   safety/emergency_lowering_guide.dita: type=task, status=PASS
2026-05-15 06:28:11,851 [INFO] pipeline.enrich_runner: [BackendReport]   safety/falling_objects_protective_structure_fops.dita: type=concept, status=PASS
2026-05-15 06:28:11,851 [INFO] pipeline.enrich_runner: [BackendReport]   safety/fasten_the_seat_belt.dita: type=task, status=PASS
2026-05-15 06:28:11,851 [INFO] pipeline.enrich_runner: [BackendReport]   safety/fire_extinguisher.dita: type=concept, status=PASS
2026-05-15 06:28:11,851 [INFO] pipeline.enrich_runner: [BackendReport]   safety/fire_or_explosion_prevention.dita: type=concept, status=PASS
2026-05-15 06:28:11,851 [INFO] pipeline.enrich_runner: [BackendReport]   safety/fluid_penetration.dita: type=concept, status=PASS
2026-05-15 06:28:11,851 [INFO] pipeline.enrich_runner: [BackendReport]   safety/general_hazard_information.dita: type=concept, status=PASS
2026-05-15 06:28:11,852 [INFO] pipeline.enrich_runner: [BackendReport]   safety/general_warnings_to_operator.dita: type=task, status=PASS
2026-05-15 06:28:11,852 [INFO] pipeline.enrich_runner: [BackendReport]   safety/hand_placement_warning.dita: type=topic, status=PASS
2026-05-15 06:28:11,852 [INFO] pipeline.enrich_runner: [BackendReport]   safety/how_to_survive_in_a_tipover.dita: type=task, status=PASS
2026-05-15 06:28:11,852 [INFO] pipeline.enrich_runner: [BackendReport]   safety/inspection.dita: type=task, status=PASS
2026-05-15 06:28:11,852 [INFO] pipeline.enrich_runner: [BackendReport]   safety/lift_truck_parking.dita: type=concept, status=PASS
2026-05-15 06:28:11,852 [INFO] pipeline.enrich_runner: [BackendReport]   safety/lift_truck_stability.dita: type=topic, status=PASS
2026-05-15 06:28:11,852 [INFO] pipeline.enrich_runner: [BackendReport]   safety/lift_truck_stability_base.dita: type=topic, status=PASS
2026-05-15 06:28:11,852 [INFO] pipeline.enrich_runner: [BackendReport]   safety/lines_tubes_and_hoses.dita: type=concept, status=PASS
2026-05-15 06:28:11,852 [INFO] pipeline.enrich_runner: [BackendReport]   safety/loading_or_unloading_trucks_trailers.dita: type=concept, status=PASS
2026-05-15 06:28:11,852 [INFO] pipeline.enrich_runner: [BackendReport]   safety/lpg.dita: type=concept, status=PASS
2026-05-15 06:28:11,852 [INFO] pipeline.enrich_runner: [BackendReport]   safety/maintenance_information.dita: type=concept, status=PASS
2026-05-15 06:28:11,852 [INFO] pipeline.enrich_runner: [BackendReport]   safety/mounting_and_dismounting.dita: type=concept, status=PASS
2026-05-15 06:28:11,852 [INFO] pipeline.enrich_runner: [BackendReport]   safety/moving_fan_warning.dita: type=topic, status=PASS
2026-05-15 06:28:11,852 [INFO] pipeline.enrich_runner: [BackendReport]   safety/no_riders_warning.dita: type=topic, status=PASS
2026-05-15 06:28:11,853 [INFO] pipeline.enrich_runner: [BackendReport]   safety/oils.dita: type=concept, status=PASS
2026-05-15 06:28:11,853 [INFO] pipeline.enrich_runner: [BackendReport]   safety/operating_the_lift_truck.dita: type=concept, status=PASS
2026-05-15 06:28:11,853 [INFO] pipeline.enrich_runner: [BackendReport]   safety/operation_information.dita: type=concept, status=PASS
2026-05-15 06:28:11,853 [INFO] pipeline.enrich_runner: [BackendReport]   safety/operator_restraint_system.dita: type=concept, status=PASS
2026-05-15 06:28:11,853 [INFO] pipeline.enrich_runner: [BackendReport]   safety/pressure_warning.dita: type=topic, status=PASS
2026-05-15 06:28:11,853 [INFO] pipeline.enrich_runner: [BackendReport]   safety/release_the_seat_belt.dita: type=topic, status=PASS
2026-05-15 06:28:11,853 [INFO] pipeline.enrich_runner: [BackendReport]   safety/safety.dita: type=concept, status=PASS
2026-05-15 06:28:11,853 [INFO] pipeline.enrich_runner: [BackendReport]   safety/safety_rules.dita: type=task, status=PASS
2026-05-15 06:28:11,853 [INFO] pipeline.enrich_runner: [BackendReport]   safety/seat_adjustment.dita: type=topic, status=PASS
2026-05-15 06:28:11,853 [INFO] pipeline.enrich_runner: [BackendReport]   safety/seat_belt.dita: type=concept, status=PASS
2026-05-15 06:28:11,853 [INFO] pipeline.enrich_runner: [BackendReport]   safety/stability_and_centre_of_gravity.dita: type=concept, status=PASS
2026-05-15 06:28:11,853 [INFO] pipeline.enrich_runner: [BackendReport]   safety/starting_the_lift_truck.dita: type=task, status=PASS
2026-05-15 06:28:11,853 [INFO] pipeline.enrich_runner: [BackendReport]   safety/tilting_cabin_operation_warning.dita: type=topic, status=PASS
2026-05-15 06:28:11,853 [INFO] pipeline.enrich_runner: [BackendReport]   safety/training_required_to_operate_or_service.dita: type=concept, status=PASS
2026-05-15 06:28:11,854 [INFO] pipeline.enrich_runner: [BackendReport]   safety/tyre_information.dita: type=task, status=PASS
2026-05-15 06:28:11,854 [INFO] pipeline.enrich_runner: [BackendReport]   safety/tyre_warning.dita: type=task, status=PASS
2026-05-15 06:28:11,854 [INFO] pipeline.enrich_runner: [BackendReport]   safety/warning_signs_and_labels.dita: type=concept, status=PASS
2026-05-15 06:28:11,854 [INFO] pipeline.enrich_runner: [BackendReport]   safety/warning_signs_and_labels_2.dita: type=task, status=PASS
2026-05-15 06:28:11,854 [INFO] pipeline.enrich_runner: [BackendReport]   seat_switch_system/air_suspension_seat_option_grammer.dita: type=task, status=PASS
2026-05-15 06:28:11,854 [INFO] pipeline.enrich_runner: [BackendReport]   seat_switch_system/circuit_breaker.dita: type=topic, status=PASS
2026-05-15 06:28:11,854 [INFO] pipeline.enrich_runner: [BackendReport]   seat_switch_system/fuse_box.dita: type=topic, status=PASS
2026-05-15 06:28:11,854 [INFO] pipeline.enrich_runner: [BackendReport]   seat_switch_system/seat.dita: type=concept, status=PASS
2026-05-15 06:28:11,854 [INFO] pipeline.enrich_runner: [BackendReport]   seat_switch_system/seat_adjustment_2.dita: type=topic, status=PASS
2026-05-15 06:28:11,854 [INFO] pipeline.enrich_runner: [BackendReport]   seat_switch_system/seat_switch_system.dita: type=task, status=PASS
2026-05-15 06:28:11,854 [INFO] pipeline.enrich_runner: [BackendReport]   seat_switch_system/steering_column_tilting_angle_adjustment.dita: type=topic, status=PASS
2026-05-15 06:28:11,854 [INFO] pipeline.enrich_runner: [BackendReport]   seat_switch_system/tow_eye.dita: type=task, status=PASS
2026-05-15 06:28:11,854 [INFO] pipeline.enrich_runner: [BackendReport]   serial_number/serial_number.dita: type=concept, status=PASS
2026-05-15 06:28:11,854 [INFO] pipeline.enrich_runner: [BackendReport]   serial_number/serial_number_locations.dita: type=reference, status=PASS
2026-05-15 06:28:11,855 [INFO] pipeline.enrich_runner: [BackendReport]   specifications/specifications.dita: type=reference, status=PASS
2026-05-15 06:28:11,855 [INFO] pipeline.enrich_runner: [BackendReport]   starting_the_engine/prestart_conditions.dita: type=task, status=PASS
2026-05-15 06:28:11,855 [INFO] pipeline.enrich_runner: [BackendReport]   starting_the_engine/starting_diesel_engine_at_cold.dita: type=task, status=PASS
2026-05-15 06:28:11,855 [INFO] pipeline.enrich_runner: [BackendReport]   starting_the_engine/starting_diesel_engine_at_warm_mechanical_engine.dita: type=task, status=PASS
2026-05-15 06:28:11,855 [INFO] pipeline.enrich_runner: [BackendReport]   starting_the_engine/starting_from_a_24_12_volt_external_source.dita: type=task, status=PASS
2026-05-15 06:28:11,855 [INFO] pipeline.enrich_runner: [BackendReport]   starting_the_engine/starting_the_engine.dita: type=concept, status=PASS
2026-05-15 06:28:11,855 [INFO] pipeline.enrich_runner: [BackendReport]   starting_the_engine/starting_with_jumper_cables.dita: type=concept, status=PASS
2026-05-15 06:28:11,855 [INFO] pipeline.enrich_runner: [BackendReport]   starting_the_engine/use_of_jumper_cables.dita: type=task, status=PASS
2026-05-15 06:28:11,855 [INFO] pipeline.enrich_runner: [BackendReport] [Core DTD] all files passed
2026-05-15 06:28:11,855 [INFO] pipeline.enrich_runner: [BackendReport] [Core Errors] none
2026-05-15 06:28:11,855 [INFO] pipeline.enrich_runner: [BackendReport] [Core Headings] After Starting The Engine(18) | Before Starting The Engine(2) | Capacity Chart(1) | Important Safety Information(1) | Lift Truck Controls(13) | Lift Truck Operation(4) | Noise And Vibration(3) | Operating Techniques(15) | Operator S Station And Monitoring Systems(64) | Operator S Warning And Identification Plate(6) | Safety(48) | Seat Switch System(8) | Serial Number(2) | Specifications(1) | Starting The Engine(7)
2026-05-15 06:28:11,855 [INFO] pipeline.enrich_runner: [BackendReport] DTD validation: all files passed
2026-05-15 06:28:11,855 [INFO] pipeline.enrich_runner: [EnrichPipeline] ────────────────────────────────────────────────────
2026-05-15 06:28:11,856 [INFO] pipeline.enrich_runner: [EnrichPipeline] ── Layers 1+2+3: Classify + Shortdesc + Keywords ──
2026-05-15 06:28:11,859 [INFO] layers.layer123_enrichment: L123 › 'After Starting the Engine' after_starting_the_engine/after_starting_the_engine.dita
2026-05-15 06:28:11,862 [INFO] layers.layer123_enrichment: L123 › 'DEF/Ad-Blue Level Inducement for Europe' after_starting_the_engine/def_ad_blue_level_inducement_for_europe.dita
2026-05-15 06:28:11,865 [INFO] layers.layer123_enrichment: L123 › 'DEF/Ad-Blue Level Inducement for USA' after_starting_the_engine/def_ad_blue_level_inducement_for_usa.dita
2026-05-15 06:28:11,868 [INFO] layers.layer123_enrichment: L123 › 'DEF/Ad-Blue Level inducement for USA / Europe' after_starting_the_engine/def_ad_blue_level_inducement_for_usa_europe.dita
2026-05-15 06:28:11,871 [INFO] layers.layer123_enrichment: L123 › 'DEF/Ad-Blue Quality Failure for Europe' after_starting_the_engine/def_ad_blue_quality_failure_for_europe.dita
2026-05-15 06:28:11,874 [INFO] layers.layer123_enrichment: L123 › 'DEF/Ad-Blue Quality Failure for USA' after_starting_the_engine/def_ad_blue_quality_failure_for_usa.dita
2026-05-15 06:28:11,876 [INFO] layers.layer123_enrichment: L123 › 'DEF/Ad-Blue Quality Failure for USA / Europe' after_starting_the_engine/def_ad_blue_quality_failure_for_usa_europe.dita
2026-05-15 06:28:11,878 [INFO] layers.layer123_enrichment: L123 › 'Detecting Control Failure' after_starting_the_engine/detecting_control_failure.dita
2026-05-15 06:28:11,878 [INFO] pipeline.enrich_runner: [EnrichPipeline] SKIPPED 'after_starting_the_engine/diesel_engine.dita' — empty topic
2026-05-15 06:28:11,880 [INFO] layers.layer123_enrichment: L123 › 'Display of Detecting Control Failure' after_starting_the_engine/display_of_detecting_control_failure.dita
2026-05-15 06:28:11,880 [INFO] pipeline.enrich_runner: [EnrichPipeline] SKIPPED 'after_starting_the_engine/engine_and_after_treatment_system.dita' — empty topic
2026-05-15 06:28:11,881 [INFO] layers.layer123_enrichment: L123 › 'Impeded EGR for Europe' after_starting_the_engine/impeded_egr_for_europe.dita
2026-05-15 06:28:11,883 [INFO] layers.layer123_enrichment: L123 › 'Impeded EGR / Interruption of Dosing for Europe only' after_starting_the_engine/impeded_egr_interruption_of_dosing_for_europe_only.dita
2026-05-15 06:28:11,885 [INFO] layers.layer123_enrichment: L123 › 'Interruption of Dosing for Europe' after_starting_the_engine/interruption_of_dosing_for_europe.dita
2026-05-15 06:28:11,887 [INFO] layers.layer123_enrichment: L123 › 'Introduction' after_starting_the_engine/introduction.dita
2026-05-15 06:28:11,888 [INFO] layers.layer123_enrichment: L123 › 'SCR system Tampering for Europe' after_starting_the_engine/scr_system_tampering_for_europe.dita
2026-05-15 06:28:11,890 [INFO] layers.layer123_enrichment: L123 › 'SCR system Tampering for USA' after_starting_the_engine/scr_system_tampering_for_usa.dita
2026-05-15 06:28:11,891 [INFO] layers.layer123_enrichment: L123 › 'SCR system tampering for USA / Europe' after_starting_the_engine/scr_system_tampering_for_usa_europe.dita
2026-05-15 06:28:11,891 [INFO] pipeline.enrich_runner: [EnrichPipeline] SKIPPED 'before_starting_the_engine/before_starting_the_engine.dita' — empty topic
2026-05-15 06:28:11,893 [INFO] layers.layer123_enrichment: L123 › 'Walk-Around Inspection' before_starting_the_engine/walk_around_inspection.dita
2026-05-15 06:28:11,895 [INFO] layers.layer123_enrichment: L123 › 'Capacity Chart' capacity_chart/capacity_chart.dita
2026-05-15 06:28:11,897 [INFO] layers.layer123_enrichment: L123 › 'Important Safety Information' important_safety_information/important_safety_information.dita
2026-05-15 06:28:11,897 [INFO] pipeline.enrich_runner: [EnrichPipeline] SKIPPED 'lift_truck_controls/cabin_tilting.dita' — empty topic
2026-05-15 06:28:11,899 [INFO] layers.layer123_enrichment: L123 › 'DEF/Ad-Blue Replenishment' lift_truck_controls/def_ad_blue_replenishment.dita
2026-05-15 06:28:11,900 [INFO] layers.layer123_enrichment: L123 › 'Direction Control Lever' lift_truck_controls/direction_control_lever.dita
2026-05-15 06:28:11,902 [INFO] layers.layer123_enrichment: L123 › 'Forward - Reverse Lever' lift_truck_controls/forward_reverse_lever.dita
2026-05-15 06:28:11,903 [INFO] layers.layer123_enrichment: L123 › 'How to fill the hydraulic oil' lift_truck_controls/how_to_fill_the_hydraulic_oil.dita
2026-05-15 06:28:11,904 [INFO] layers.layer123_enrichment: L123 › 'How to operate the power pack for manual tilting' lift_truck_controls/how_to_operate_the_power_pack_for_manual_tilting.dita
2026-05-15 06:28:11,904 [INFO] pipeline.enrich_runner: [EnrichPipeline] SKIPPED 'lift_truck_controls/lift_truck_controls.dita' — empty topic
2026-05-15 06:28:11,906 [INFO] layers.layer123_enrichment: L123 › 'Location of power pack' lift_truck_controls/location_of_power_pack.dita
2026-05-15 06:28:11,907 [INFO] layers.layer123_enrichment: L123 › 'Neutral Lever Lock' lift_truck_controls/neutral_lever_lock.dita
2026-05-15 06:28:11,909 [INFO] layers.layer123_enrichment: L123 › 'Refueling' lift_truck_controls/refueling.dita
2026-05-15 06:28:11,910 [INFO] layers.layer123_enrichment: L123 › 'SCR Cleaning - DeSOx Switch' lift_truck_controls/scr_cleaning_desox_switch.dita
2026-05-15 06:28:11,912 [INFO] layers.layer123_enrichment: L123 › 'Speed Selection' lift_truck_controls/speed_selection.dita
2026-05-15 06:28:11,913 [INFO] layers.layer123_enrichment: L123 › 'Transmission Display' lift_truck_controls/transmission_display.dita
2026-05-15 06:28:11,915 [INFO] layers.layer123_enrichment: L123 › 'Inching' lift_truck_operation/inching.dita
2026-05-15 06:28:11,915 [INFO] pipeline.enrich_runner: [EnrichPipeline] SKIPPED 'lift_truck_operation/lift_truck_operation.dita' — empty topic
2026-05-15 06:28:11,917 [INFO] layers.layer123_enrichment: L123 › 'Moving and Stopping the Lift Truck' lift_truck_operation/moving_and_stopping_the_lift_truck.dita
2026-05-15 06:28:11,919 [INFO] layers.layer123_enrichment: L123 › 'Steering Knob (If Equipped)' lift_truck_operation/steering_knob_if_equipped.dita
2026-05-15 06:28:11,920 [INFO] layers.layer123_enrichment: L123 › 'Noise' noise_and_vibration/noise.dita
2026-05-15 06:28:11,920 [INFO] pipeline.enrich_runner: [EnrichPipeline] SKIPPED 'noise_and_vibration/noise_and_vibration.dita' — empty topic
2026-05-15 06:28:11,922 [INFO] layers.layer123_enrichment: L123 › 'Vibration (weighted overall value)' noise_and_vibration/vibration_weighted_overall_value.dita
2026-05-15 06:28:11,923 [INFO] layers.layer123_enrichment: L123 › 'Inching into Loads' operating_techniques/inching_into_loads.dita
2026-05-15 06:28:11,924 [INFO] layers.layer123_enrichment: L123 › 'Lifting Drums or Round Objects' operating_techniques/lifting_drums_or_round_objects.dita
2026-05-15 06:28:11,926 [INFO] layers.layer123_enrichment: L123 › 'Lifting the Load' operating_techniques/lifting_the_load.dita
2026-05-15 06:28:11,927 [INFO] layers.layer123_enrichment: L123 › 'Load lateral centre of gravity' operating_techniques/load_lateral_centre_of_gravity.dita
2026-05-15 06:28:11,928 [INFO] layers.layer123_enrichment: L123 › 'Load Shift' operating_techniques/load_shift.dita
2026-05-15 06:28:11,929 [INFO] layers.layer123_enrichment: L123 › 'Load Stability' operating_techniques/load_stability.dita
2026-05-15 06:28:11,931 [INFO] layers.layer123_enrichment: L123 › 'Load Swing' operating_techniques/load_swing.dita
2026-05-15 06:28:11,933 [INFO] layers.layer123_enrichment: L123 › 'Operating in Hot Weather' operating_techniques/operating_in_hot_weather.dita
2026-05-15 06:28:11,933 [INFO] pipeline.enrich_runner: [EnrichPipeline] SKIPPED 'operating_techniques/operating_techniques.dita' — empty topic
2026-05-15 06:28:11,934 [INFO] layers.layer123_enrichment: L123 › 'Safety instructions for attachments when transporting suspended load' operating_techniques/safety_instructions_for_attachments_when_transporting_suspended_load.dita
2026-05-15 06:28:11,936 [INFO] layers.layer123_enrichment: L123 › 'Safety instructions for attachments when transporting wide loads' operating_techniques/safety_instructions_for_attachments_when_transporting_wide_loads.dita
2026-05-15 06:28:11,937 [INFO] layers.layer123_enrichment: L123 › 'Traveling with the Load' operating_techniques/traveling_with_the_load.dita
2026-05-15 06:28:11,938 [INFO] layers.layer123_enrichment: L123 › 'Turning' operating_techniques/turning.dita
2026-05-15 06:28:11,939 [INFO] layers.layer123_enrichment: L123 › 'Unloading' operating_techniques/unloading.dita
2026-05-15 06:28:11,941 [INFO] layers.layer123_enrichment: L123 › 'Visibility' operating_techniques/visibility.dita
2026-05-15 06:28:11,942 [INFO] layers.layer123_enrichment: L123 › '12V socket' operator_s_station_and_monitoring_systems/12v_socket.dita
2026-05-15 06:28:11,943 [INFO] layers.layer123_enrichment: L123 › '1 The Right Side Dash Board (Cabin)' operator_s_station_and_monitoring_systems/1_the_right_side_dash_board_cabin.dita
2026-05-15 06:28:11,946 [INFO] layers.layer123_enrichment: L123 › '2 The Left Side Dash Board (Cabin)' operator_s_station_and_monitoring_systems/2_the_left_side_dash_board_cabin.dita
2026-05-15 06:28:11,948 [INFO] layers.layer123_enrichment: L123 › '3 The Operator & Switches' operator_s_station_and_monitoring_systems/3_the_operator_switches.dita
2026-05-15 06:28:11,949 [INFO] layers.layer123_enrichment: L123 › '4 The Left Side Dash Board (OVHD Guard)' operator_s_station_and_monitoring_systems/4_the_left_side_dash_board_ovhd_guard.dita
2026-05-15 06:28:11,951 [INFO] layers.layer123_enrichment: L123 › '5 Pedal Configuration' operator_s_station_and_monitoring_systems/5_pedal_configuration.dita
2026-05-15 06:28:11,953 [INFO] layers.layer123_enrichment: L123 › '6 Steering Wheel' operator_s_station_and_monitoring_systems/6_steering_wheel.dita
2026-05-15 06:28:11,954 [INFO] layers.layer123_enrichment: L123 › 'a. Description of the Buttons (Basic Operation)' operator_s_station_and_monitoring_systems/a_description_of_the_buttons_basic_operation.dita
2026-05-15 06:28:11,956 [INFO] layers.layer123_enrichment: L123 › 'a. Front Display (basic operation menu)' operator_s_station_and_monitoring_systems/a_front_display_basic_operation_menu.dita
2026-05-15 06:28:11,959 [INFO] layers.layer123_enrichment: L123 › 'A- Instrument Panel' operator_s_station_and_monitoring_systems/a_instrument_panel.dita
2026-05-15 06:28:11,961 [INFO] layers.layer123_enrichment: L123 › 'About MP3/WMA' operator_s_station_and_monitoring_systems/about_mp3_wma.dita
2026-05-15 06:28:11,962 [INFO] layers.layer123_enrichment: L123 › 'Adjusting volume directly' operator_s_station_and_monitoring_systems/adjusting_volume_directly.dita
2026-05-15 06:28:11,964 [INFO] layers.layer123_enrichment: L123 › 'Air Conditioner Controller' operator_s_station_and_monitoring_systems/air_conditioner_controller.dita
2026-05-15 06:28:11,964 [INFO] pipeline.enrich_runner: [EnrichPipeline] SKIPPED 'operator_s_station_and_monitoring_systems/audio_system_am_fm_tuner_with_usb_aux_player.dita' — empty topic
2026-05-15 06:28:11,966 [INFO] layers.layer123_enrichment: L123 › 'Auto/Manual Change Switch' operator_s_station_and_monitoring_systems/auto_manual_change_switch.dita
2026-05-15 06:28:11,966 [INFO] pipeline.enrich_runner: [EnrichPipeline] SKIPPED 'operator_s_station_and_monitoring_systems/aux_player.dita' — empty topic
2026-05-15 06:28:11,967 [INFO] layers.layer123_enrichment: L123 › 'Auxiliary operation lever (option)' operator_s_station_and_monitoring_systems/auxiliary_operation_lever_option.dita
2026-05-15 06:28:11,969 [INFO] layers.layer123_enrichment: L123 › 'b. Operation Method' operator_s_station_and_monitoring_systems/b_operation_method.dita
2026-05-15 06:28:11,970 [INFO] layers.layer123_enrichment: L123 › 'b. Operation Method (Display Menu)' operator_s_station_and_monitoring_systems/b_operation_method_display_menu.dita
2026-05-15 06:28:11,971 [INFO] layers.layer123_enrichment: L123 › 'B- Speed Meter' operator_s_station_and_monitoring_systems/b_speed_meter.dita
2026-05-15 06:28:11,972 [INFO] layers.layer123_enrichment: L123 › 'Before MP3 [WMA] USB playback' operator_s_station_and_monitoring_systems/before_mp3_wma_usb_playback.dita
2026-05-15 06:28:11,974 [INFO] layers.layer123_enrichment: L123 › 'C-Engine Ignition Start Switch' operator_s_station_and_monitoring_systems/c_engine_ignition_start_switch.dita
2026-05-15 06:28:11,977 [INFO] layers.layer123_enrichment: L123 › 'c. Operation Method (Setup Menu)' operator_s_station_and_monitoring_systems/c_operation_method_setup_menu.dita
2026-05-15 06:28:11,978 [INFO] layers.layer123_enrichment: L123 › 'Calling via Handsfree (lf Equipped)' operator_s_station_and_monitoring_systems/calling_via_handsfree_lf_equipped.dita
2026-05-15 06:28:11,980 [INFO] layers.layer123_enrichment: L123 › 'Change the playback mode' operator_s_station_and_monitoring_systems/change_the_playback_mode.dita
2026-05-15 06:28:11,981 [INFO] layers.layer123_enrichment: L123 › 'Cigar jack' operator_s_station_and_monitoring_systems/cigar_jack.dita
2026-05-15 06:28:11,983 [INFO] layers.layer123_enrichment: L123 › 'Controlling the playback' operator_s_station_and_monitoring_systems/controlling_the_playback.dita
2026-05-15 06:28:11,984 [INFO] layers.layer123_enrichment: L123 › 'D-Console Tilt Angle Control Lever' operator_s_station_and_monitoring_systems/d_console_tilt_angle_control_lever.dita
2026-05-15 06:28:11,985 [INFO] layers.layer123_enrichment: L123 › 'Display window' operator_s_station_and_monitoring_systems/display_window.dita
2026-05-15 06:28:11,987 [INFO] layers.layer123_enrichment: L123 › 'E-Console Up/Down Control Lever (if installed)' operator_s_station_and_monitoring_systems/e_console_up_down_control_lever_if_installed.dita
2026-05-15 06:28:11,988 [INFO] layers.layer123_enrichment: L123 › 'Economic(Fuel saving) switch' operator_s_station_and_monitoring_systems/economic_fuel_saving_switch.dita
2026-05-15 06:28:11,990 [INFO] layers.layer123_enrichment: L123 › 'Emergency lamp switch' operator_s_station_and_monitoring_systems/emergency_lamp_switch.dita
2026-05-15 06:28:11,991 [INFO] layers.layer123_enrichment: L123 › 'Engine Diagnostic Switch' operator_s_station_and_monitoring_systems/engine_diagnostic_switch.dita
2026-05-15 06:28:11,992 [INFO] layers.layer123_enrichment: L123 › 'Engine stop switch' operator_s_station_and_monitoring_systems/engine_stop_switch.dita
2026-05-15 06:28:11,992 [INFO] pipeline.enrich_runner: [EnrichPipeline] SKIPPED 'operator_s_station_and_monitoring_systems/getting_started.dita' — empty topic
2026-05-15 06:28:11,994 [INFO] layers.layer123_enrichment: L123 › 'Handling precautions for USB device' operator_s_station_and_monitoring_systems/handling_precautions_for_usb_device.dita
2026-05-15 06:28:11,995 [INFO] layers.layer123_enrichment: L123 › 'HEATER FLOW CONTROL VALVE' operator_s_station_and_monitoring_systems/heater_flow_control_valve.dita
2026-05-15 06:28:11,997 [INFO] layers.layer123_enrichment: L123 › 'IDLE select switch' operator_s_station_and_monitoring_systems/idle_select_switch.dita
2026-05-15 06:28:11,999 [INFO] layers.layer123_enrichment: L123 › 'Left fork operation lever' operator_s_station_and_monitoring_systems/left_fork_operation_lever.dita
2026-05-15 06:28:12,000 [INFO] layers.layer123_enrichment: L123 › 'Lift Lever' operator_s_station_and_monitoring_systems/lift_lever.dita
2026-05-15 06:28:12,002 [INFO] layers.layer123_enrichment: L123 › 'Listening to a preset station' operator_s_station_and_monitoring_systems/listening_to_a_preset_station.dita
2026-05-15 06:28:12,003 [INFO] layers.layer123_enrichment: L123 › 'Listening to auxiliary audio equipment' operator_s_station_and_monitoring_systems/listening_to_auxiliary_audio_equipment.dita
2026-05-15 06:28:12,005 [INFO] layers.layer123_enrichment: L123 › 'Listening to DMB sound (lf Equipped)' operator_s_station_and_monitoring_systems/listening_to_dmb_sound_lf_equipped.dita
2026-05-15 06:28:12,006 [INFO] layers.layer123_enrichment: L123 › 'Location of controls' operator_s_station_and_monitoring_systems/location_of_controls.dita
2026-05-15 06:28:12,008 [INFO] layers.layer123_enrichment: L123 › 'Operator’s Station and Monitoring Systems' operator_s_station_and_monitoring_systems/operator_s_station_and_monitoring_systems.dita
2026-05-15 06:28:12,009 [INFO] layers.layer123_enrichment: L123 › 'Parking Brake Switch' operator_s_station_and_monitoring_systems/parking_brake_switch.dita
2026-05-15 06:28:12,011 [INFO] layers.layer123_enrichment: L123 › 'Playing a USB device' operator_s_station_and_monitoring_systems/playing_a_usb_device.dita
2026-05-15 06:28:12,011 [INFO] pipeline.enrich_runner: [EnrichPipeline] SKIPPED 'operator_s_station_and_monitoring_systems/radio.dita' — empty topic
2026-05-15 06:28:12,011 [INFO] pipeline.enrich_runner: [EnrichPipeline] SKIPPED 'operator_s_station_and_monitoring_systems/radio_2.dita' — empty topic
2026-05-15 06:28:12,011 [INFO] pipeline.enrich_runner: [EnrichPipeline] SKIPPED 'operator_s_station_and_monitoring_systems/rear_camera_only_rear_view_option.dita' — empty topic
2026-05-15 06:28:12,011 [INFO] pipeline.enrich_runner: [EnrichPipeline] SKIPPED 'operator_s_station_and_monitoring_systems/rear_camera_rear_view_with_steer_angle_option.dita' — empty topic
2026-05-15 06:28:12,013 [INFO] layers.layer123_enrichment: L123 › 'Rear view/Connectors' operator_s_station_and_monitoring_systems/rear_view_connectors.dita
2026-05-15 06:28:12,014 [INFO] layers.layer123_enrichment: L123 › 'Right fork operation lever' operator_s_station_and_monitoring_systems/right_fork_operation_lever.dita
2026-05-15 06:28:12,016 [INFO] layers.layer123_enrichment: L123 › 'Saving radio stations automatically' operator_s_station_and_monitoring_systems/saving_radio_stations_automatically.dita
2026-05-15 06:28:12,017 [INFO] layers.layer123_enrichment: L123 › 'Saving radio stations manually' operator_s_station_and_monitoring_systems/saving_radio_stations_manually.dita
2026-05-15 06:28:12,018 [INFO] layers.layer123_enrichment: L123 › 'Seat heater switch (If equipped)' operator_s_station_and_monitoring_systems/seat_heater_switch_if_equipped.dita
2026-05-15 06:28:12,020 [INFO] layers.layer123_enrichment: L123 › 'Setting the region of radio reception' operator_s_station_and_monitoring_systems/setting_the_region_of_radio_reception.dita
2026-05-15 06:28:12,021 [INFO] layers.layer123_enrichment: L123 › 'Tilt Lever' operator_s_station_and_monitoring_systems/tilt_lever.dita
2026-05-15 06:28:12,023 [INFO] layers.layer123_enrichment: L123 › 'Tuning in a station' operator_s_station_and_monitoring_systems/tuning_in_a_station.dita
2026-05-15 06:28:12,024 [INFO] layers.layer123_enrichment: L123 › 'Turning the unit on/off' operator_s_station_and_monitoring_systems/turning_the_unit_on_off.dita
2026-05-15 06:28:12,025 [INFO] layers.layer123_enrichment: L123 › 'Upper, rear wipers and washer switch' operator_s_station_and_monitoring_systems/upper_rear_wipers_and_washer_switch.dita
2026-05-15 06:28:12,026 [INFO] pipeline.enrich_runner: [EnrichPipeline] SKIPPED 'operator_s_station_and_monitoring_systems/usb_player.dita' — empty topic
2026-05-15 06:28:12,028 [INFO] layers.layer123_enrichment: L123 › 'Weight Scale Mode (Option - Hydraulic Type)' operator_s_station_and_monitoring_systems/weight_scale_mode_option_hydraulic_type.dita
2026-05-15 06:28:12,029 [INFO] layers.layer123_enrichment: L123 › 'Wired remote controller' operator_s_station_and_monitoring_systems/wired_remote_controller.dita
2026-05-15 06:28:12,031 [INFO] layers.layer123_enrichment: L123 › 'Attachment Abbreviations (includes Special Forks)' operator_s_warning_and_identification_plate/attachment_abbreviations_includes_special_forks.dita
2026-05-15 06:28:12,032 [INFO] layers.layer123_enrichment: L123 › 'Identification, Lift Capacity and Attachment Plate' operator_s_warning_and_identification_plate/identification_lift_capacity_and_attachment_plate.dita
2026-05-15 06:28:12,034 [INFO] layers.layer123_enrichment: L123 › 'Lift Truck Capacity Rating' operator_s_warning_and_identification_plate/lift_truck_capacity_rating.dita
2026-05-15 06:28:12,035 [INFO] layers.layer123_enrichment: L123 › 'Mast Abbreviations' operator_s_warning_and_identification_plate/mast_abbreviations.dita
2026-05-15 06:28:12,036 [INFO] layers.layer123_enrichment: L123 › 'Operator’s Warning and Identification Plate' operator_s_warning_and_identification_plate/operator_s_warning_and_identification_plate.dita
2026-05-15 06:28:12,038 [INFO] layers.layer123_enrichment: L123 › 'Operator's Warning Plate' operator_s_warning_and_identification_plate/operator_s_warning_plate.dita
2026-05-15 06:28:12,038 [INFO] pipeline.enrich_runner: [EnrichPipeline] SKIPPED 'safety/avoiding_lift_truck_tipover.dita' — empty topic
2026-05-15 06:28:12,039 [INFO] layers.layer123_enrichment: L123 › 'Batteries' safety/batteries.dita
2026-05-15 06:28:12,041 [INFO] layers.layer123_enrichment: L123 › 'Before Operating the Lift Truck' safety/before_operating_the_lift_truck.dita
2026-05-15 06:28:12,043 [INFO] layers.layer123_enrichment: L123 › 'Before Starting the Lift Truck' safety/before_starting_the_lift_truck.dita
2026-05-15 06:28:12,043 [INFO] pipeline.enrich_runner: [EnrichPipeline] SKIPPED 'safety/burn_prevention.dita' — empty topic
2026-05-15 06:28:12,045 [INFO] layers.layer123_enrichment: L123 › 'Capacity Load (Weight and Load Centre)' safety/capacity_load_weight_and_load_centre.dita
2026-05-15 06:28:12,046 [INFO] layers.layer123_enrichment: L123 › 'Centre of Gravity (CG)' safety/centre_of_gravity_cg.dita
2026-05-15 06:28:12,047 [INFO] layers.layer123_enrichment: L123 › 'Coolant' safety/coolant.dita
2026-05-15 06:28:12,049 [INFO] layers.layer123_enrichment: L123 › 'Crushing or Cutting Prevention' safety/crushing_or_cutting_prevention.dita
2026-05-15 06:28:12,050 [INFO] layers.layer123_enrichment: L123 › 'Emergency Lowering Guide' safety/emergency_lowering_guide.dita
2026-05-15 06:28:12,052 [INFO] layers.layer123_enrichment: L123 › 'Falling Objects Protective Structure (FOPS)' safety/falling_objects_protective_structure_fops.dita
2026-05-15 06:28:12,053 [INFO] layers.layer123_enrichment: L123 › 'Fasten the Seat Belt' safety/fasten_the_seat_belt.dita
2026-05-15 06:28:12,055 [INFO] layers.layer123_enrichment: L123 › 'Fire Extinguisher' safety/fire_extinguisher.dita
2026-05-15 06:28:12,056 [INFO] layers.layer123_enrichment: L123 › 'Fire or Explosion Prevention' safety/fire_or_explosion_prevention.dita
2026-05-15 06:28:12,058 [INFO] layers.layer123_enrichment: L123 › 'Fluid Penetration' safety/fluid_penetration.dita
2026-05-15 06:28:12,061 [INFO] layers.layer123_enrichment: L123 › 'General Hazard Information' safety/general_hazard_information.dita
2026-05-15 06:28:12,063 [INFO] layers.layer123_enrichment: L123 › 'General Warnings to Operator' safety/general_warnings_to_operator.dita
2026-05-15 06:28:12,065 [INFO] layers.layer123_enrichment: L123 › 'Hand Placement Warning' safety/hand_placement_warning.dita
2026-05-15 06:28:12,066 [INFO] layers.layer123_enrichment: L123 › 'How to Survive in a Tipover' safety/how_to_survive_in_a_tipover.dita
2026-05-15 06:28:12,068 [INFO] layers.layer123_enrichment: L123 › 'Inspection' safety/inspection.dita
2026-05-15 06:28:12,070 [INFO] layers.layer123_enrichment: L123 › 'Lift Truck Parking' safety/lift_truck_parking.dita
2026-05-15 06:28:12,071 [INFO] layers.layer123_enrichment: L123 › 'Lift Truck Stability' safety/lift_truck_stability.dita
2026-05-15 06:28:12,072 [INFO] layers.layer123_enrichment: L123 › 'Lift Truck Stability Base' safety/lift_truck_stability_base.dita
2026-05-15 06:28:12,074 [INFO] layers.layer123_enrichment: L123 › 'Lines, Tubes and Hoses' safety/lines_tubes_and_hoses.dita
2026-05-15 06:28:12,075 [INFO] layers.layer123_enrichment: L123 › 'Loading or Unloading Trucks/Trailers' safety/loading_or_unloading_trucks_trailers.dita
2026-05-15 06:28:12,077 [INFO] layers.layer123_enrichment: L123 › 'LPG' safety/lpg.dita
2026-05-15 06:28:12,078 [INFO] layers.layer123_enrichment: L123 › 'Maintenance Information' safety/maintenance_information.dita
2026-05-15 06:28:12,079 [INFO] layers.layer123_enrichment: L123 › 'Mounting and Dismounting' safety/mounting_and_dismounting.dita
2026-05-15 06:28:12,081 [INFO] layers.layer123_enrichment: L123 › 'Moving Fan Warning' safety/moving_fan_warning.dita
2026-05-15 06:28:12,082 [INFO] layers.layer123_enrichment: L123 › 'No Riders Warning' safety/no_riders_warning.dita
2026-05-15 06:28:12,083 [INFO] layers.layer123_enrichment: L123 › 'Oils' safety/oils.dita
2026-05-15 06:28:12,085 [INFO] layers.layer123_enrichment: L123 › 'Operating the Lift Truck' safety/operating_the_lift_truck.dita
2026-05-15 06:28:12,086 [INFO] pipeline.enrich_runner: [EnrichPipeline] SKIPPED 'safety/operation_information.dita' — empty topic
2026-05-15 06:28:12,086 [INFO] pipeline.enrich_runner: [EnrichPipeline] SKIPPED 'safety/operator_restraint_system.dita' — empty topic
2026-05-15 06:28:12,087 [INFO] layers.layer123_enrichment: L123 › 'Pressure Warning' safety/pressure_warning.dita
2026-05-15 06:28:12,088 [INFO] layers.layer123_enrichment: L123 › 'Release the Seat Belt' safety/release_the_seat_belt.dita
2026-05-15 06:28:12,090 [INFO] layers.layer123_enrichment: L123 › 'Safety' safety/safety.dita
2026-05-15 06:28:12,094 [INFO] layers.layer123_enrichment: L123 › 'Safety Rules' safety/safety_rules.dita
2026-05-15 06:28:12,096 [INFO] layers.layer123_enrichment: L123 › 'Seat Adjustment' safety/seat_adjustment.dita
2026-05-15 06:28:12,098 [INFO] layers.layer123_enrichment: L123 › 'Seat Belt' safety/seat_belt.dita
2026-05-15 06:28:12,099 [INFO] layers.layer123_enrichment: L123 › 'Stability and Centre of Gravity' safety/stability_and_centre_of_gravity.dita
2026-05-15 06:28:12,101 [INFO] layers.layer123_enrichment: L123 › 'Starting the Lift Truck' safety/starting_the_lift_truck.dita
2026-05-15 06:28:12,102 [INFO] layers.layer123_enrichment: L123 › 'Tilting Cabin Operation Warning' safety/tilting_cabin_operation_warning.dita
2026-05-15 06:28:12,103 [INFO] layers.layer123_enrichment: L123 › 'Training Required To Operate or Service' safety/training_required_to_operate_or_service.dita
2026-05-15 06:28:12,105 [INFO] layers.layer123_enrichment: L123 › 'Tyre Information' safety/tyre_information.dita
2026-05-15 06:28:12,107 [INFO] layers.layer123_enrichment: L123 › 'Tyre Warning' safety/tyre_warning.dita
2026-05-15 06:28:12,108 [INFO] layers.layer123_enrichment: L123 › 'Warning Signs and Labels' safety/warning_signs_and_labels.dita
2026-05-15 06:28:12,110 [INFO] layers.layer123_enrichment: L123 › 'Warning Signs and Labels' safety/warning_signs_and_labels_2.dita
2026-05-15 06:28:12,111 [INFO] layers.layer123_enrichment: L123 › 'AIR SUSPENSION SEAT(Option - GRAMMER)' seat_switch_system/air_suspension_seat_option_grammer.dita
2026-05-15 06:28:12,113 [INFO] layers.layer123_enrichment: L123 › 'Circuit Breaker' seat_switch_system/circuit_breaker.dita
2026-05-15 06:28:12,114 [INFO] layers.layer123_enrichment: L123 › 'Fuse Box' seat_switch_system/fuse_box.dita
2026-05-15 06:28:12,114 [INFO] pipeline.enrich_runner: [EnrichPipeline] SKIPPED 'seat_switch_system/seat.dita' — empty topic
2026-05-15 06:28:12,116 [INFO] layers.layer123_enrichment: L123 › 'Seat Adjustment' seat_switch_system/seat_adjustment_2.dita
2026-05-15 06:28:12,118 [INFO] layers.layer123_enrichment: L123 › 'Seat Switch System' seat_switch_system/seat_switch_system.dita
2026-05-15 06:28:12,119 [INFO] layers.layer123_enrichment: L123 › 'Steering Column Tilting Angle Adjustment' seat_switch_system/steering_column_tilting_angle_adjustment.dita
2026-05-15 06:28:12,120 [INFO] layers.layer123_enrichment: L123 › 'Tow Eye' seat_switch_system/tow_eye.dita
2026-05-15 06:28:12,120 [INFO] pipeline.enrich_runner: [EnrichPipeline] SKIPPED 'serial_number/serial_number.dita' — empty topic
2026-05-15 06:28:12,122 [INFO] layers.layer123_enrichment: L123 › 'Serial Number Locations' serial_number/serial_number_locations.dita
2026-05-15 06:28:12,124 [INFO] layers.layer123_enrichment: L123 › 'Specifications' specifications/specifications.dita
2026-05-15 06:28:12,126 [INFO] layers.layer123_enrichment: L123 › 'Prestart Conditions' starting_the_engine/prestart_conditions.dita
2026-05-15 06:28:12,127 [INFO] layers.layer123_enrichment: L123 › 'Starting Diesel Engine at Cold' starting_the_engine/starting_diesel_engine_at_cold.dita
2026-05-15 06:28:12,129 [INFO] layers.layer123_enrichment: L123 › 'Starting Diesel Engine at Warm (Mechanical engine)' starting_the_engine/starting_diesel_engine_at_warm_mechanical_engine.dita
2026-05-15 06:28:12,130 [INFO] layers.layer123_enrichment: L123 › 'Starting From a 24/12 Volt External Source' starting_the_engine/starting_from_a_24_12_volt_external_source.dita
2026-05-15 06:28:12,130 [INFO] pipeline.enrich_runner: [EnrichPipeline] SKIPPED 'starting_the_engine/starting_the_engine.dita' — empty topic
2026-05-15 06:28:12,132 [INFO] layers.layer123_enrichment: L123 › 'Starting with Jumper Cables' starting_the_engine/starting_with_jumper_cables.dita
2026-05-15 06:28:12,134 [INFO] layers.layer123_enrichment: L123 › 'Use of Jumper Cables' starting_the_engine/use_of_jumper_cables.dita
2026-05-15 06:28:12,474 [INFO] httpx: HTTP Request: POST https://api.anthropic.com/v1/messages "HTTP/1.1 401 Unauthorized"
2026-05-15 06:28:12,475 [ERROR] layers.layer123_enrichment: L123 ✗ error: Error code: 401 - {'type': 'error', 'error': {'type': 'authentication_error', 'message': 'invalid x-api-key'}, 'request_id': 'req_011Cb3t3pbwsqfBMQ8TKSm4y'}
2026-05-15 06:28:12,475 [WARNING] layers.layer123_enrichment: L123 ⊘ fallback 'DEF/Ad-Blue Level Inducement for USA'
2026-05-15 06:28:12,480 [INFO] layers.layer1_topic_classifier: L1 ✓ reference→task def_ad_blue_level_inducement_for_usa.dita
2026-05-15 06:28:12,481 [INFO] utils.body_preserver: [BodyPreserver] Successfully merged: DOCTYPE preserved, body preserved, AI enrichment applied
2026-05-15 06:28:12,481 [INFO] layers.layer2_shortdesc_generator: L2 ✓ shortdesc def_ad_blue_level_inducement_for_usa.dita
2026-05-15 06:28:12,485 [INFO] utils.body_preserver: [BodyPreserver] Successfully merged: DOCTYPE preserved, body preserved, AI enrichment applied
2026-05-15 06:28:12,486 [INFO] layers.layer3_keywords_indexterms: L3 ✓ prolog def_ad_blue_level_inducement_for_usa.dita
2026-05-15 06:28:12,487 [INFO] pipeline.enrich_runner: [EnrichPipeline] Enriched 'DEF/Ad-Blue Level Inducement for USA' → type=task, confidence=low
2026-05-15 06:28:12,491 [INFO] httpx: HTTP Request: POST https://api.anthropic.com/v1/messages "HTTP/1.1 401 Unauthorized"
2026-05-15 06:28:12,492 [INFO] httpx: HTTP Request: POST https://api.anthropic.com/v1/messages "HTTP/1.1 401 Unauthorized"
2026-05-15 06:28:12,492 [INFO] httpx: HTTP Request: POST https://api.anthropic.com/v1/messages "HTTP/1.1 401 Unauthorized"
2026-05-15 06:28:12,494 [ERROR] layers.layer123_enrichment: L123 ✗ error: Error code: 401 - {'type': 'error', 'error': {'type': 'authentication_error', 'message': 'invalid x-api-key'}, 'request_id': 'req_011Cb3t3pYEGMhZtE19ximHm'}
2026-05-15 06:28:12,494 [WARNING] layers.layer123_enrichment: L123 ⊘ fallback 'After Starting the Engine'
2026-05-15 06:28:12,496 [INFO] layers.layer1_topic_classifier: L1 ✓ task→concept after_starting_the_engine.dita
2026-05-15 06:28:12,496 [INFO] utils.body_preserver: [BodyPreserver] Successfully merged: DOCTYPE preserved, body preserved, AI enrichment applied
2026-05-15 06:28:12,497 [INFO] layers.layer2_shortdesc_generator: L2 ✓ shortdesc after_starting_the_engine.dita
2026-05-15 06:28:12,499 [INFO] utils.body_preserver: [BodyPreserver] Successfully merged: DOCTYPE preserved, body preserved, AI enrichment applied
2026-05-15 06:28:12,500 [INFO] layers.layer3_keywords_indexterms: L3 ✓ prolog after_starting_the_engine.dita
2026-05-15 06:28:12,501 [INFO] pipeline.enrich_runner: [EnrichPipeline] Enriched 'After Starting the Engine' → type=concept, confidence=low
2026-05-15 06:28:12,501 [ERROR] layers.layer123_enrichment: L123 ✗ error: Error code: 401 - {'type': 'error', 'error': {'type': 'authentication_error', 'message': 'invalid x-api-key'}, 'request_id': 'req_011Cb3t3pdvnje6Wv7p8jtiU'}
2026-05-15 06:28:12,502 [WARNING] layers.layer123_enrichment: L123 ⊘ fallback 'DEF/Ad-Blue Quality Failure for Europe'
2026-05-15 06:28:12,504 [INFO] utils.body_preserver: [BodyPreserver] Successfully merged: DOCTYPE preserved, body preserved, AI enrichment applied
2026-05-15 06:28:12,505 [INFO] layers.layer2_shortdesc_generator: L2 ✓ shortdesc def_ad_blue_quality_failure_for_europe.dita
2026-05-15 06:28:12,507 [INFO] utils.body_preserver: [BodyPreserver] Successfully merged: DOCTYPE preserved, body preserved, AI enrichment applied
2026-05-15 06:28:12,508 [INFO] layers.layer3_keywords_indexterms: L3 ✓ prolog def_ad_blue_quality_failure_for_europe.dita
2026-05-15 06:28:12,509 [INFO] pipeline.enrich_runner: [EnrichPipeline] Enriched 'DEF/Ad-Blue Quality Failure for Europe' → type=reference, confidence=low
2026-05-15 06:28:12,509 [ERROR] layers.layer123_enrichment: L123 ✗ error: Error code: 401 - {'type': 'error', 'error': {'type': 'authentication_error', 'message': 'invalid x-api-key'}, 'request_id': 'req_011Cb3t3pdvsjrvrFExCcTUr'}
2026-05-15 06:28:12,509 [WARNING] layers.layer123_enrichment: L123 ⊘ fallback 'DEF/Ad-Blue Level inducement for USA / Europe'
2026-05-15 06:28:12,511 [INFO] utils.body_preserver: [BodyPreserver] Successfully merged: DOCTYPE preserved, body preserved, AI enrichment applied
2026-05-15 06:28:12,511 [INFO] layers.layer2_shortdesc_generator: L2 ✓ shortdesc def_ad_blue_level_inducement_for_usa_europe.dita
2026-05-15 06:28:12,513 [INFO] utils.body_preserver: [BodyPreserver] Successfully merged: DOCTYPE preserved, body preserved, AI enrichment applied
2026-05-15 06:28:12,514 [INFO] layers.layer3_keywords_indexterms: L3 ✓ prolog def_ad_blue_level_inducement_for_usa_europe.dita
2026-05-15 06:28:12,514 [INFO] pipeline.enrich_runner: [EnrichPipeline] Enriched 'DEF/Ad-Blue Level inducement for USA / Europe' → type=concept, confidence=low
2026-05-15 06:28:12,625 [INFO] httpx: HTTP Request: POST https://api.anthropic.com/v1/messages "HTTP/1.1 401 Unauthorized"
2026-05-15 06:28:12,626 [ERROR] layers.layer123_enrichment: L123 ✗ error: Error code: 401 - {'type': 'error', 'error': {'type': 'authentication_error', 'message': 'invalid x-api-key'}, 'request_id': 'req_011Cb3t3ps5BZjmzFXsmgfD8'}
2026-05-15 06:28:12,626 [WARNING] layers.layer123_enrichment: L123 ⊘ fallback 'DEF/Ad-Blue Level Inducement for Europe'
2026-05-15 06:28:12,628 [INFO] utils.body_preserver: [BodyPreserver] Successfully merged: DOCTYPE preserved, body preserved, AI enrichment applied
2026-05-15 06:28:12,629 [INFO] layers.layer2_shortdesc_generator: L2 ✓ shortdesc def_ad_blue_level_inducement_for_europe.dita
2026-05-15 06:28:12,632 [INFO] utils.body_preserver: [BodyPreserver] Successfully merged: DOCTYPE preserved, body preserved, AI enrichment applied
2026-05-15 06:28:12,632 [INFO] layers.layer3_keywords_indexterms: L3 ✓ prolog def_ad_blue_level_inducement_for_europe.dita
2026-05-15 06:28:12,633 [INFO] pipeline.enrich_runner: [EnrichPipeline] Enriched 'DEF/Ad-Blue Level Inducement for Europe' → type=reference, confidence=low
2026-05-15 06:28:12,844 [INFO] httpx: HTTP Request: POST https://api.anthropic.com/v1/messages "HTTP/1.1 401 Unauthorized"
2026-05-15 06:28:12,845 [ERROR] layers.layer123_enrichment: L123 ✗ error: Error code: 401 - {'type': 'error', 'error': {'type': 'authentication_error', 'message': 'invalid x-api-key'}, 'request_id': 'req_011Cb3t3rCC1n4aifE1sXTih'}
2026-05-15 06:28:12,845 [WARNING] layers.layer123_enrichment: L123 ⊘ fallback 'Display of Detecting Control Failure'
2026-05-15 06:28:12,849 [INFO] layers.layer1_topic_classifier: L1 ✓ reference→task display_of_detecting_control_failure.dita
2026-05-15 06:28:12,850 [INFO] utils.body_preserver: [BodyPreserver] Successfully merged: DOCTYPE preserved, body preserved, AI enrichment applied
2026-05-15 06:28:12,850 [INFO] layers.layer2_shortdesc_generator: L2 ✓ shortdesc display_of_detecting_control_failure.dita
2026-05-15 06:28:12,853 [INFO] utils.body_preserver: [BodyPreserver] Successfully merged: DOCTYPE preserved, body preserved, AI enrichment applied
2026-05-15 06:28:12,853 [INFO] layers.layer3_keywords_indexterms: L3 ✓ prolog display_of_detecting_control_failure.dita
2026-05-15 06:28:12,854 [INFO] pipeline.enrich_runner: [EnrichPipeline] Enriched 'Display of Detecting Control Failure' → type=task, confidence=low
2026-05-15 06:28:12,857 [INFO] httpx: HTTP Request: POST https://api.anthropic.com/v1/messages "HTTP/1.1 401 Unauthorized"
2026-05-15 06:28:12,858 [ERROR] layers.layer123_enrichment: L123 ✗ error: Error code: 401 - {'type': 'error', 'error': {'type': 'authentication_error', 'message': 'invalid x-api-key'}, 'request_id': 'req_011Cb3t3rBT1qth1xr9LnmHv'}
2026-05-15 06:28:12,858 [WARNING] layers.layer123_enrichment: L123 ⊘ fallback 'DEF/Ad-Blue Quality Failure for USA'
2026-05-15 06:28:12,861 [INFO] layers.layer1_topic_classifier: L1 ✓ reference→task def_ad_blue_quality_failure_for_usa.dita
2026-05-15 06:28:12,862 [INFO] utils.body_preserver: [BodyPreserver] Successfully merged: DOCTYPE preserved, body preserved, AI enrichment applied
2026-05-15 06:28:12,862 [INFO] layers.layer2_shortdesc_generator: L2 ✓ shortdesc def_ad_blue_quality_failure_for_usa.dita
2026-05-15 06:28:12,865 [INFO] utils.body_preserver: [BodyPreserver] Successfully merged: DOCTYPE preserved, body preserved, AI enrichment applied
2026-05-15 06:28:12,866 [INFO] layers.layer3_keywords_indexterms: L3 ✓ prolog def_ad_blue_quality_failure_for_usa.dita
2026-05-15 06:28:12,867 [INFO] pipeline.enrich_runner: [EnrichPipeline] Enriched 'DEF/Ad-Blue Quality Failure for USA' → type=task, confidence=low
2026-05-15 06:28:12,870 [INFO] httpx: HTTP Request: POST https://api.anthropic.com/v1/messages "HTTP/1.1 401 Unauthorized"
2026-05-15 06:28:12,871 [ERROR] layers.layer123_enrichment: L123 ✗ error: Error code: 401 - {'type': 'error', 'error': {'type': 'authentication_error', 'message': 'invalid x-api-key'}, 'request_id': 'req_011Cb3t3rFfNihzfK5kzLkdL'}
2026-05-15 06:28:12,871 [WARNING] layers.layer123_enrichment: L123 ⊘ fallback 'Detecting Control Failure'
2026-05-15 06:28:12,876 [INFO] layers.layer1_topic_classifier: L1 ✓ reference→task detecting_control_failure.dita
2026-05-15 06:28:12,877 [INFO] utils.body_preserver: [BodyPreserver] Successfully merged: DOCTYPE preserved, body preserved, AI enrichment applied
2026-05-15 06:28:12,878 [INFO] layers.layer2_shortdesc_generator: L2 ✓ shortdesc detecting_control_failure.dita
2026-05-15 06:28:12,881 [INFO] utils.body_preserver: [BodyPreserver] Successfully merged: DOCTYPE preserved, body preserved, AI enrichment applied
2026-05-15 06:28:12,881 [INFO] layers.layer3_keywords_indexterms: L3 ✓ prolog detecting_control_failure.dita
2026-05-15 06:28:12,883 [INFO] pipeline.enrich_runner: [EnrichPipeline] Enriched 'Detecting Control Failure' → type=task, confidence=low
2026-05-15 06:28:12,914 [INFO] httpx: HTTP Request: POST https://api.anthropic.com/v1/messages "HTTP/1.1 401 Unauthorized"
2026-05-15 06:28:12,915 [ERROR] layers.layer123_enrichment: L123 ✗ error: Error code: 401 - {'type': 'error', 'error': {'type': 'authentication_error', 'message': 'invalid x-api-key'}, 'request_id': 'req_011Cb3t3rGAHEKj992db2XFB'}
2026-05-15 06:28:12,915 [WARNING] layers.layer123_enrichment: L123 ⊘ fallback 'DEF/Ad-Blue Quality Failure for USA / Europe'
2026-05-15 06:28:12,917 [INFO] utils.body_preserver: [BodyPreserver] Successfully merged: DOCTYPE preserved, body preserved, AI enrichment applied
2026-05-15 06:28:12,917 [INFO] layers.layer2_shortdesc_generator: L2 ✓ shortdesc def_ad_blue_quality_failure_for_usa_europe.dita
2026-05-15 06:28:12,920 [INFO] utils.body_preserver: [BodyPreserver] Successfully merged: DOCTYPE preserved, body preserved, AI enrichment applied
2026-05-15 06:28:12,920 [INFO] layers.layer3_keywords_indexterms: L3 ✓ prolog def_ad_blue_quality_failure_for_usa_europe.dita
2026-05-15 06:28:12,921 [INFO] pipeline.enrich_runner: [EnrichPipeline] Enriched 'DEF/Ad-Blue Quality Failure for USA / Europe' → type=concept, confidence=low
2026-05-15 06:28:12,974 [INFO] httpx: HTTP Request: POST https://api.anthropic.com/v1/messages "HTTP/1.1 401 Unauthorized"
2026-05-15 06:28:12,975 [ERROR] layers.layer123_enrichment: L123 ✗ error: Error code: 401 - {'type': 'error', 'error': {'type': 'authentication_error', 'message': 'invalid x-api-key'}, 'request_id': 'req_011Cb3t3rfy4JoQsuUjT2tXR'}
2026-05-15 06:28:12,975 [WARNING] layers.layer123_enrichment: L123 ⊘ fallback 'Impeded EGR for Europe'
2026-05-15 06:28:12,978 [INFO] layers.layer1_topic_classifier: L1 ✓ reference→concept impeded_egr_for_europe.dita
2026-05-15 06:28:12,979 [INFO] utils.body_preserver: [BodyPreserver] Successfully merged: DOCTYPE preserved, body preserved, AI enrichment applied
2026-05-15 06:28:12,979 [INFO] layers.layer2_shortdesc_generator: L2 ✓ shortdesc impeded_egr_for_europe.dita
2026-05-15 06:28:12,982 [INFO] utils.body_preserver: [BodyPreserver] Successfully merged: DOCTYPE preserved, body preserved, AI enrichment applied
2026-05-15 06:28:12,982 [INFO] layers.layer3_keywords_indexterms: L3 ✓ prolog impeded_egr_for_europe.dita
2026-05-15 06:28:12,984 [INFO] pipeline.enrich_runner: [EnrichPipeline] Enriched 'Impeded EGR for Europe' → type=concept, confidence=low
2026-05-15 06:28:13,212 [INFO] httpx: HTTP Request: POST https://api.anthropic.com/v1/messages "HTTP/1.1 401 Unauthorized"
2026-05-15 06:28:13,213 [ERROR] layers.layer123_enrichment: L123 ✗ error: Error code: 401 - {'type': 'error', 'error': {'type': 'authentication_error', 'message': 'invalid x-api-key'}, 'request_id': 'req_011Cb3t3smCZdure8oSZwn2J'}
2026-05-15 06:28:13,213 [WARNING] layers.layer123_enrichment: L123 ⊘ fallback 'Introduction'
2026-05-15 06:28:13,215 [INFO] utils.body_preserver: [BodyPreserver] Successfully merged: DOCTYPE preserved, body preserved, AI enrichment applied
2026-05-15 06:28:13,216 [INFO] layers.layer2_shortdesc_generator: L2 ✓ shortdesc introduction.dita
2026-05-15 06:28:13,218 [INFO] utils.body_preserver: [BodyPreserver] Successfully merged: DOCTYPE preserved, body preserved, AI enrichment applied
2026-05-15 06:28:13,218 [INFO] layers.layer3_keywords_indexterms: L3 ✓ prolog introduction.dita
2026-05-15 06:28:13,220 [INFO] pipeline.enrich_runner: [EnrichPipeline] Enriched 'Introduction' → type=concept, confidence=low
2026-05-15 06:28:13,223 [INFO] httpx: HTTP Request: POST https://api.anthropic.com/v1/messages "HTTP/1.1 401 Unauthorized"
2026-05-15 06:28:13,223 [INFO] httpx: HTTP Request: POST https://api.anthropic.com/v1/messages "HTTP/1.1 401 Unauthorized"
2026-05-15 06:28:13,224 [ERROR] layers.layer123_enrichment: L123 ✗ error: Error code: 401 - {'type': 'error', 'error': {'type': 'authentication_error', 'message': 'invalid x-api-key'}, 'request_id': 'req_011Cb3t3smh7bCLFa48aK65p'}
2026-05-15 06:28:13,225 [WARNING] layers.layer123_enrichment: L123 ⊘ fallback 'Impeded EGR / Interruption of Dosing for Europe only'
2026-05-15 06:28:13,226 [INFO] utils.body_preserver: [BodyPreserver] Successfully merged: DOCTYPE preserved, body preserved, AI enrichment applied
2026-05-15 06:28:13,227 [INFO] layers.layer2_shortdesc_generator: L2 ✓ shortdesc impeded_egr_interruption_of_dosing_for_europe_only.dita
2026-05-15 06:28:13,229 [INFO] utils.body_preserver: [BodyPreserver] Successfully merged: DOCTYPE preserved, body preserved, AI enrichment applied
2026-05-15 06:28:13,229 [INFO] layers.layer3_keywords_indexterms: L3 ✓ prolog impeded_egr_interruption_of_dosing_for_europe_only.dita
2026-05-15 06:28:13,231 [INFO] pipeline.enrich_runner: [EnrichPipeline] Enriched 'Impeded EGR / Interruption of Dosing for Europe only' → type=concept, confidence=low
2026-05-15 06:28:13,231 [ERROR] layers.layer123_enrichment: L123 ✗ error: Error code: 401 - {'type': 'error', 'error': {'type': 'authentication_error', 'message': 'invalid x-api-key'}, 'request_id': 'req_011Cb3t3sjxNkSLca8ikNi4i'}
2026-05-15 06:28:13,231 [WARNING] layers.layer123_enrichment: L123 ⊘ fallback 'Interruption of Dosing for Europe'
2026-05-15 06:28:13,234 [INFO] layers.layer1_topic_classifier: L1 ✓ reference→concept interruption_of_dosing_for_europe.dita
2026-05-15 06:28:13,235 [INFO] utils.body_preserver: [BodyPreserver] Successfully merged: DOCTYPE preserved, body preserved, AI enrichment applied
2026-05-15 06:28:13,235 [INFO] layers.layer2_shortdesc_generator: L2 ✓ shortdesc interruption_of_dosing_for_europe.dita
2026-05-15 06:28:13,238 [INFO] utils.body_preserver: [BodyPreserver] Successfully merged: DOCTYPE preserved, body preserved, AI enrichment applied
2026-05-15 06:28:13,238 [INFO] layers.layer3_keywords_indexterms: L3 ✓ prolog interruption_of_dosing_for_europe.dita
2026-05-15 06:28:13,240 [INFO] pipeline.enrich_runner: [EnrichPipeline] Enriched 'Interruption of Dosing for Europe' → type=concept, confidence=low
2026-05-15 06:28:13,255 [INFO] httpx: HTTP Request: POST https://api.anthropic.com/v1/messages "HTTP/1.1 401 Unauthorized"
2026-05-15 06:28:13,257 [ERROR] layers.layer123_enrichment: L123 ✗ error: Error code: 401 - {'type': 'error', 'error': {'type': 'authentication_error', 'message': 'invalid x-api-key'}, 'request_id': 'req_011Cb3t3svNrNKERvgRUpW6Q'}
2026-05-15 06:28:13,257 [WARNING] layers.layer123_enrichment: L123 ⊘ fallback 'SCR system Tampering for Europe'
2026-05-15 06:28:13,260 [INFO] layers.layer1_topic_classifier: L1 ✓ reference→concept scr_system_tampering_for_europe.dita
2026-05-15 06:28:13,260 [INFO] utils.body_preserver: [BodyPreserver] Successfully merged: DOCTYPE preserved, body preserved, AI enrichment applied
2026-05-15 06:28:13,261 [INFO] layers.layer2_shortdesc_generator: L2 ✓ shortdesc scr_system_tampering_for_europe.dita
2026-05-15 06:28:13,264 [INFO] utils.body_preserver: [BodyPreserver] Successfully merged: DOCTYPE preserved, body preserved, AI enrichment applied
2026-05-15 06:28:13,264 [INFO] layers.layer3_keywords_indexterms: L3 ✓ prolog scr_system_tampering_for_europe.dita
2026-05-15 06:28:13,266 [INFO] pipeline.enrich_runner: [EnrichPipeline] Enriched 'SCR system Tampering for Europe' → type=concept, confidence=low
2026-05-15 06:28:13,315 [INFO] httpx: HTTP Request: POST https://api.anthropic.com/v1/messages "HTTP/1.1 401 Unauthorized"
2026-05-15 06:28:13,316 [ERROR] layers.layer123_enrichment: L123 ✗ error: Error code: 401 - {'type': 'error', 'error': {'type': 'authentication_error', 'message': 'invalid x-api-key'}, 'request_id': 'req_011Cb3t3tAknqfdMiDTcmcym'}
2026-05-15 06:28:13,317 [WARNING] layers.layer123_enrichment: L123 ⊘ fallback 'SCR system Tampering for USA'
2026-05-15 06:28:13,321 [INFO] layers.layer1_topic_classifier: L1 ✓ reference→concept scr_system_tampering_for_usa.dita
2026-05-15 06:28:13,322 [INFO] utils.body_preserver: [BodyPreserver] Successfully merged: DOCTYPE preserved, body preserved, AI enrichment applied
2026-05-15 06:28:13,322 [INFO] layers.layer2_shortdesc_generator: L2 ✓ shortdesc scr_system_tampering_for_usa.dita
2026-05-15 06:28:13,326 [INFO] utils.body_preserver: [BodyPreserver] Successfully merged: DOCTYPE preserved, body preserved, AI enrichment applied
2026-05-15 06:28:13,327 [INFO] layers.layer3_keywords_indexterms: L3 ✓ prolog scr_system_tampering_for_usa.dita
2026-05-15 06:28:13,330 [INFO] pipeline.enrich_runner: [EnrichPipeline] Enriched 'SCR system Tampering for USA' → type=concept, confidence=low
2026-05-15 06:28:13,576 [INFO] httpx: HTTP Request: POST https://api.anthropic.com/v1/messages "HTTP/1.1 401 Unauthorized"
2026-05-15 06:28:13,577 [INFO] httpx: HTTP Request: POST https://api.anthropic.com/v1/messages "HTTP/1.1 401 Unauthorized"
2026-05-15 06:28:13,578 [ERROR] layers.layer123_enrichment: L123 ✗ error: Error code: 401 - {'type': 'error', 'error': {'type': 'authentication_error', 'message': 'invalid x-api-key'}, 'request_id': 'req_011Cb3t3uKTaSgnqEbDCgsmz'}
2026-05-15 06:28:13,578 [WARNING] layers.layer123_enrichment: L123 ⊘ fallback 'Capacity Chart'
2026-05-15 06:28:13,580 [INFO] layers.layer1_topic_classifier: L1 ✓ reference→concept capacity_chart.dita
2026-05-15 06:28:13,581 [INFO] utils.body_preserver: [BodyPreserver] Successfully merged: DOCTYPE preserved, body preserved, AI enrichment applied
2026-05-15 06:28:13,581 [INFO] layers.layer2_shortdesc_generator: L2 ✓ shortdesc capacity_chart.dita
2026-05-15 06:28:13,585 [INFO] utils.body_preserver: [BodyPreserver] Successfully merged: DOCTYPE preserved, body preserved, AI enrichment applied
2026-05-15 06:28:13,585 [INFO] layers.layer3_keywords_indexterms: L3 ✓ prolog capacity_chart.dita
2026-05-15 06:28:13,587 [INFO] pipeline.enrich_runner: [EnrichPipeline] Enriched 'Capacity Chart' → type=concept, confidence=low
2026-05-15 06:28:13,588 [ERROR] layers.layer123_enrichment: L123 ✗ error: Error code: 401 - {'type': 'error', 'error': {'type': 'authentication_error', 'message': 'invalid x-api-key'}, 'request_id': 'req_011Cb3t3uHEQZ2vsF9yecK5L'}
2026-05-15 06:28:13,588 [WARNING] layers.layer123_enrichment: L123 ⊘ fallback 'SCR system tampering for USA / Europe'
2026-05-15 06:28:13,591 [INFO] utils.body_preserver: [BodyPreserver] Successfully merged: DOCTYPE preserved, body preserved, AI enrichment applied
2026-05-15 06:28:13,591 [INFO] layers.layer2_shortdesc_generator: L2 ✓ shortdesc scr_system_tampering_for_usa_europe.dita
2026-05-15 06:28:13,595 [INFO] utils.body_preserver: [BodyPreserver] Successfully merged: DOCTYPE preserved, body preserved, AI enrichment applied
2026-05-15 06:28:13,595 [INFO] layers.layer3_keywords_indexterms: L3 ✓ prolog scr_system_tampering_for_usa_europe.dita
2026-05-15 06:28:13,597 [INFO] pipeline.enrich_runner: [EnrichPipeline] Enriched 'SCR system tampering for USA / Europe' → type=concept, confidence=low
2026-05-15 06:28:13,602 [INFO] httpx: HTTP Request: POST https://api.anthropic.com/v1/messages "HTTP/1.1 401 Unauthorized"
2026-05-15 06:28:13,604 [ERROR] layers.layer123_enrichment: L123 ✗ error: Error code: 401 - {'type': 'error', 'error': {'type': 'authentication_error', 'message': 'invalid x-api-key'}, 'request_id': 'req_011Cb3t3uHUVSaQ3u2wLpXBG'}
2026-05-15 06:28:13,604 [WARNING] layers.layer123_enrichment: L123 ⊘ fallback 'Walk-Around Inspection'
2026-05-15 06:28:13,607 [INFO] utils.body_preserver: [BodyPreserver] Successfully merged: DOCTYPE preserved, body preserved, AI enrichment applied
2026-05-15 06:28:13,608 [INFO] layers.layer2_shortdesc_generator: L2 ✓ shortdesc walk_around_inspection.dita
2026-05-15 06:28:13,612 [INFO] utils.body_preserver: [BodyPreserver] Successfully merged: DOCTYPE preserved, body preserved, AI enrichment applied
2026-05-15 06:28:13,612 [INFO] layers.layer3_keywords_indexterms: L3 ✓ prolog walk_around_inspection.dita
2026-05-15 06:28:13,615 [INFO] pipeline.enrich_runner: [EnrichPipeline] Enriched 'Walk-Around Inspection' → type=task, confidence=low
2026-05-15 06:28:13,619 [INFO] httpx: HTTP Request: POST https://api.anthropic.com/v1/messages "HTTP/1.1 401 Unauthorized"
2026-05-15 06:28:13,621 [ERROR] layers.layer123_enrichment: L123 ✗ error: Error code: 401 - {'type': 'error', 'error': {'type': 'authentication_error', 'message': 'invalid x-api-key'}, 'request_id': 'req_011Cb3t3uRAgjSe8bh72buyb'}
2026-05-15 06:28:13,621 [WARNING] layers.layer123_enrichment: L123 ⊘ fallback 'Important Safety Information'
2026-05-15 06:28:13,624 [INFO] utils.body_preserver: [BodyPreserver] Successfully merged: DOCTYPE preserved, body preserved, AI enrichment applied
2026-05-15 06:28:13,624 [INFO] layers.layer2_shortdesc_generator: L2 ✓ shortdesc important_safety_information.dita
2026-05-15 06:28:13,628 [INFO] utils.body_preserver: [BodyPreserver] Successfully merged: DOCTYPE preserved, body preserved, AI enrichment applied
2026-05-15 06:28:13,628 [INFO] layers.layer3_keywords_indexterms: L3 ✓ prolog important_safety_information.dita
2026-05-15 06:28:13,632 [INFO] pipeline.enrich_runner: [EnrichPipeline] Enriched 'Important Safety Information' → type=concept, confidence=low
2026-05-15 06:28:13,661 [INFO] httpx: HTTP Request: POST https://api.anthropic.com/v1/messages "HTTP/1.1 401 Unauthorized"
2026-05-15 06:28:13,662 [ERROR] layers.layer123_enrichment: L123 ✗ error: Error code: 401 - {'type': 'error', 'error': {'type': 'authentication_error', 'message': 'invalid x-api-key'}, 'request_id': 'req_011Cb3t3ufYsWgYre53dXhN7'}
2026-05-15 06:28:13,662 [WARNING] layers.layer123_enrichment: L123 ⊘ fallback 'DEF/Ad-Blue Replenishment'
2026-05-15 06:28:13,664 [INFO] utils.body_preserver: [BodyPreserver] Successfully merged: DOCTYPE preserved, body preserved, AI enrichment applied
2026-05-15 06:28:13,665 [INFO] layers.layer2_shortdesc_generator: L2 ✓ shortdesc def_ad_blue_replenishment.dita
2026-05-15 06:28:13,667 [INFO] utils.body_preserver: [BodyPreserver] Successfully merged: DOCTYPE preserved, body preserved, AI enrichment applied
2026-05-15 06:28:13,668 [INFO] layers.layer3_keywords_indexterms: L3 ✓ prolog def_ad_blue_replenishment.dita
2026-05-15 06:28:13,669 [INFO] pipeline.enrich_runner: [EnrichPipeline] Enriched 'DEF/Ad-Blue Replenishment' → type=task, confidence=low
2026-05-15 06:28:13,950 [INFO] httpx: HTTP Request: POST https://api.anthropic.com/v1/messages "HTTP/1.1 401 Unauthorized"
2026-05-15 06:28:13,951 [ERROR] layers.layer123_enrichment: L123 ✗ error: Error code: 401 - {'type': 'error', 'error': {'type': 'authentication_error', 'message': 'invalid x-api-key'}, 'request_id': 'req_011Cb3t3vvxB38fXMusHBZJn'}
2026-05-15 06:28:13,951 [WARNING] layers.layer123_enrichment: L123 ⊘ fallback 'Direction Control Lever'
2026-05-15 06:28:13,953 [INFO] layers.layer1_topic_classifier: L1 ✓ topic→concept direction_control_lever.dita
2026-05-15 06:28:13,953 [INFO] utils.body_preserver: [BodyPreserver] Successfully merged: DOCTYPE preserved, body preserved, AI enrichment applied
2026-05-15 06:28:13,954 [INFO] layers.layer2_shortdesc_generator: L2 ✓ shortdesc direction_control_lever.dita
2026-05-15 06:28:13,956 [INFO] utils.body_preserver: [BodyPreserver] Successfully merged: DOCTYPE preserved, body preserved, AI enrichment applied
2026-05-15 06:28:13,956 [INFO] layers.layer3_keywords_indexterms: L3 ✓ prolog direction_control_lever.dita
2026-05-15 06:28:13,958 [INFO] pipeline.enrich_runner: [EnrichPipeline] Enriched 'Direction Control Lever' → type=concept, confidence=low
2026-05-15 06:28:13,962 [INFO] httpx: HTTP Request: POST https://api.anthropic.com/v1/messages "HTTP/1.1 401 Unauthorized"
2026-05-15 06:28:13,963 [ERROR] layers.layer123_enrichment: L123 ✗ error: Error code: 401 - {'type': 'error', 'error': {'type': 'authentication_error', 'message': 'invalid x-api-key'}, 'request_id': 'req_011Cb3t3vyvahYDfKDurRfRG'}
2026-05-15 06:28:13,963 [WARNING] layers.layer123_enrichment: L123 ⊘ fallback 'How to fill the hydraulic oil'
2026-05-15 06:28:13,965 [INFO] utils.body_preserver: [BodyPreserver] Successfully merged: DOCTYPE preserved, body preserved, AI enrichment applied
2026-05-15 06:28:13,965 [INFO] layers.layer2_shortdesc_generator: L2 ✓ shortdesc how_to_fill_the_hydraulic_oil.dita
2026-05-15 06:28:13,968 [INFO] utils.body_preserver: [BodyPreserver] Successfully merged: DOCTYPE preserved, body preserved, AI enrichment applied
2026-05-15 06:28:13,968 [INFO] layers.layer3_keywords_indexterms: L3 ✓ prolog how_to_fill_the_hydraulic_oil.dita
2026-05-15 06:28:13,970 [INFO] pipeline.enrich_runner: [EnrichPipeline] Enriched 'How to fill the hydraulic oil' → type=task, confidence=low
2026-05-15 06:28:13,972 [INFO] httpx: HTTP Request: POST https://api.anthropic.com/v1/messages "HTTP/1.1 401 Unauthorized"
2026-05-15 06:28:13,973 [ERROR] layers.layer123_enrichment: L123 ✗ error: Error code: 401 - {'type': 'error', 'error': {'type': 'authentication_error', 'message': 'invalid x-api-key'}, 'request_id': 'req_011Cb3t3vxw88uYRCcARMy4F'}
2026-05-15 06:28:13,973 [WARNING] layers.layer123_enrichment: L123 ⊘ fallback 'Forward - Reverse Lever'
2026-05-15 06:28:13,974 [INFO] utils.body_preserver: [BodyPreserver] Successfully merged: DOCTYPE preserved, body preserved, AI enrichment applied
2026-05-15 06:28:13,975 [INFO] layers.layer2_shortdesc_generator: L2 ✓ shortdesc forward_reverse_lever.dita
2026-05-15 06:28:13,977 [INFO] utils.body_preserver: [BodyPreserver] Successfully merged: DOCTYPE preserved, body preserved, AI enrichment applied
2026-05-15 06:28:13,977 [INFO] layers.layer3_keywords_indexterms: L3 ✓ prolog forward_reverse_lever.dita
2026-05-15 06:28:13,979 [INFO] pipeline.enrich_runner: [EnrichPipeline] Enriched 'Forward - Reverse Lever' → type=concept, confidence=low
2026-05-15 06:28:13,982 [INFO] httpx: HTTP Request: POST https://api.anthropic.com/v1/messages "HTTP/1.1 401 Unauthorized"
2026-05-15 06:28:13,983 [ERROR] layers.layer123_enrichment: L123 ✗ error: Error code: 401 - {'type': 'error', 'error': {'type': 'authentication_error', 'message': 'invalid x-api-key'}, 'request_id': 'req_011Cb3t3vzfY1cz9wfZPTDKh'}
2026-05-15 06:28:13,983 [WARNING] layers.layer123_enrichment: L123 ⊘ fallback 'How to operate the power pack for manual tilting'
2026-05-15 06:28:13,985 [INFO] layers.layer1_topic_classifier: L1 ✓ task→concept how_to_operate_the_power_pack_for_manual_tilting.dita
2026-05-15 06:28:13,985 [INFO] utils.body_preserver: [BodyPreserver] Successfully merged: DOCTYPE preserved, body preserved, AI enrichment applied
2026-05-15 06:28:13,986 [INFO] layers.layer2_shortdesc_generator: L2 ✓ shortdesc how_to_operate_the_power_pack_for_manual_tilting.dita
2026-05-15 06:28:13,988 [INFO] utils.body_preserver: [BodyPreserver] Successfully merged: DOCTYPE preserved, body preserved, AI enrichment applied
2026-05-15 06:28:13,989 [INFO] layers.layer3_keywords_indexterms: L3 ✓ prolog how_to_operate_the_power_pack_for_manual_tilting.dita
2026-05-15 06:28:13,990 [INFO] pipeline.enrich_runner: [EnrichPipeline] Enriched 'How to operate the power pack for manual tilting' → type=concept, confidence=low
2026-05-15 06:28:14,005 [INFO] httpx: HTTP Request: POST https://api.anthropic.com/v1/messages "HTTP/1.1 401 Unauthorized"
2026-05-15 06:28:14,006 [ERROR] layers.layer123_enrichment: L123 ✗ error: Error code: 401 - {'type': 'error', 'error': {'type': 'authentication_error', 'message': 'invalid x-api-key'}, 'request_id': 'req_011Cb3t3w6s867xvtTjrokBg'}
2026-05-15 06:28:14,006 [WARNING] layers.layer123_enrichment: L123 ⊘ fallback 'Location of power pack'
2026-05-15 06:28:14,009 [INFO] utils.body_preserver: [BodyPreserver] Successfully merged: DOCTYPE preserved, body preserved, AI enrichment applied
2026-05-15 06:28:14,009 [INFO] layers.layer2_shortdesc_generator: L2 ✓ shortdesc location_of_power_pack.dita
2026-05-15 06:28:14,013 [INFO] utils.body_preserver: [BodyPreserver] Successfully merged: DOCTYPE preserved, body preserved, AI enrichment applied
2026-05-15 06:28:14,013 [INFO] layers.layer3_keywords_indexterms: L3 ✓ prolog location_of_power_pack.dita
2026-05-15 06:28:14,016 [INFO] pipeline.enrich_runner: [EnrichPipeline] Enriched 'Location of power pack' → type=topic, confidence=low
2026-05-15 06:28:14,312 [INFO] httpx: HTTP Request: POST https://api.anthropic.com/v1/messages "HTTP/1.1 401 Unauthorized"
2026-05-15 06:28:14,314 [ERROR] layers.layer123_enrichment: L123 ✗ error: Error code: 401 - {'type': 'error', 'error': {'type': 'authentication_error', 'message': 'invalid x-api-key'}, 'request_id': 'req_011Cb3t3xTj21eo79MWut85d'}
2026-05-15 06:28:14,314 [WARNING] layers.layer123_enrichment: L123 ⊘ fallback 'Refueling'
2026-05-15 06:28:14,316 [INFO] utils.body_preserver: [BodyPreserver] Successfully merged: DOCTYPE preserved, body preserved, AI enrichment applied
2026-05-15 06:28:14,316 [INFO] layers.layer2_shortdesc_generator: L2 ✓ shortdesc refueling.dita
2026-05-15 06:28:14,318 [INFO] utils.body_preserver: [BodyPreserver] Successfully merged: DOCTYPE preserved, body preserved, AI enrichment applied
2026-05-15 06:28:14,319 [INFO] layers.layer3_keywords_indexterms: L3 ✓ prolog refueling.dita
2026-05-15 06:28:14,321 [INFO] pipeline.enrich_runner: [EnrichPipeline] Enriched 'Refueling' → type=task, confidence=low
2026-05-15 06:28:14,327 [INFO] httpx: HTTP Request: POST https://api.anthropic.com/v1/messages "HTTP/1.1 401 Unauthorized"
2026-05-15 06:28:14,328 [ERROR] layers.layer123_enrichment: L123 ✗ error: Error code: 401 - {'type': 'error', 'error': {'type': 'authentication_error', 'message': 'invalid x-api-key'}, 'request_id': 'req_011Cb3t3xUDhWfYQUFLnEUAJ'}
2026-05-15 06:28:14,328 [WARNING] layers.layer123_enrichment: L123 ⊘ fallback 'Speed Selection'
2026-05-15 06:28:14,330 [INFO] utils.body_preserver: [BodyPreserver] Successfully merged: DOCTYPE preserved, body preserved, AI enrichment applied
2026-05-15 06:28:14,330 [INFO] layers.layer2_shortdesc_generator: L2 ✓ shortdesc speed_selection.dita
2026-05-15 06:28:14,332 [INFO] utils.body_preserver: [BodyPreserver] Successfully merged: DOCTYPE preserved, body preserved, AI enrichment applied
2026-05-15 06:28:14,333 [INFO] layers.layer3_keywords_indexterms: L3 ✓ prolog speed_selection.dita
2026-05-15 06:28:14,334 [INFO] pipeline.enrich_runner: [EnrichPipeline] Enriched 'Speed Selection' → type=concept, confidence=low
2026-05-15 06:28:14,338 [INFO] httpx: HTTP Request: POST https://api.anthropic.com/v1/messages "HTTP/1.1 401 Unauthorized"
2026-05-15 06:28:14,339 [ERROR] layers.layer123_enrichment: L123 ✗ error: Error code: 401 - {'type': 'error', 'error': {'type': 'authentication_error', 'message': 'invalid x-api-key'}, 'request_id': 'req_011Cb3t3xPkus7CLfjRCc44a'}
2026-05-15 06:28:14,339 [WARNING] layers.layer123_enrichment: L123 ⊘ fallback 'Neutral Lever Lock'
2026-05-15 06:28:14,341 [INFO] utils.body_preserver: [BodyPreserver] Successfully merged: DOCTYPE preserved, body preserved, AI enrichment applied
2026-05-15 06:28:14,341 [INFO] layers.layer2_shortdesc_generator: L2 ✓ shortdesc neutral_lever_lock.dita
2026-05-15 06:28:14,343 [INFO] utils.body_preserver: [BodyPreserver] Successfully merged: DOCTYPE preserved, body preserved, AI enrichment applied
2026-05-15 06:28:14,344 [INFO] layers.layer3_keywords_indexterms: L3 ✓ prolog neutral_lever_lock.dita
2026-05-15 06:28:14,346 [INFO] pipeline.enrich_runner: [EnrichPipeline] Enriched 'Neutral Lever Lock' → type=concept, confidence=low
2026-05-15 06:28:14,367 [INFO] httpx: HTTP Request: POST https://api.anthropic.com/v1/messages "HTTP/1.1 401 Unauthorized"
2026-05-15 06:28:14,369 [ERROR] layers.layer123_enrichment: L123 ✗ error: Error code: 401 - {'type': 'error', 'error': {'type': 'authentication_error', 'message': 'invalid x-api-key'}, 'request_id': 'req_011Cb3t3xaR3YxUwB4XGanW9'}
2026-05-15 06:28:14,369 [WARNING] layers.layer123_enrichment: L123 ⊘ fallback 'Transmission Display'
2026-05-15 06:28:14,372 [INFO] layers.layer1_topic_classifier: L1 ✓ task→concept transmission_display.dita
2026-05-15 06:28:14,373 [INFO] utils.body_preserver: [BodyPreserver] Successfully merged: DOCTYPE preserved, body preserved, AI enrichment applied
2026-05-15 06:28:14,373 [INFO] layers.layer2_shortdesc_generator: L2 ✓ shortdesc transmission_display.dita
2026-05-15 06:28:14,377 [INFO] utils.body_preserver: [BodyPreserver] Successfully merged: DOCTYPE preserved, body preserved, AI enrichment applied
2026-05-15 06:28:14,377 [INFO] layers.layer3_keywords_indexterms: L3 ✓ prolog transmission_display.dita
2026-05-15 06:28:14,380 [INFO] pipeline.enrich_runner: [EnrichPipeline] Enriched 'Transmission Display' → type=concept, confidence=low
2026-05-15 06:28:14,645 [INFO] httpx: HTTP Request: POST https://api.anthropic.com/v1/messages "HTTP/1.1 401 Unauthorized"
2026-05-15 06:28:14,646 [ERROR] layers.layer123_enrichment: L123 ✗ error: Error code: 401 - {'type': 'error', 'error': {'type': 'authentication_error', 'message': 'invalid x-api-key'}, 'request_id': 'req_011Cb3t3ytYXCyTGtiqZnryK'}
2026-05-15 06:28:14,647 [WARNING] layers.layer123_enrichment: L123 ⊘ fallback 'Inching'
2026-05-15 06:28:14,649 [INFO] utils.body_preserver: [BodyPreserver] Successfully merged: DOCTYPE preserved, body preserved, AI enrichment applied
2026-05-15 06:28:14,649 [INFO] layers.layer2_shortdesc_generator: L2 ✓ shortdesc inching.dita
2026-05-15 06:28:14,651 [INFO] utils.body_preserver: [BodyPreserver] Successfully merged: DOCTYPE preserved, body preserved, AI enrichment applied
2026-05-15 06:28:14,652 [INFO] layers.layer3_keywords_indexterms: L3 ✓ prolog inching.dita
2026-05-15 06:28:14,654 [INFO] pipeline.enrich_runner: [EnrichPipeline] Enriched 'Inching' → type=task, confidence=low
2026-05-15 06:28:14,676 [INFO] httpx: HTTP Request: POST https://api.anthropic.com/v1/messages "HTTP/1.1 401 Unauthorized"
2026-05-15 06:28:14,677 [ERROR] layers.layer123_enrichment: L123 ✗ error: Error code: 401 - {'type': 'error', 'error': {'type': 'authentication_error', 'message': 'invalid x-api-key'}, 'request_id': 'req_011Cb3t3yy1WeHbKHAW1twG7'}
2026-05-15 06:28:14,677 [WARNING] layers.layer123_enrichment: L123 ⊘ fallback 'Moving and Stopping the Lift Truck'
2026-05-15 06:28:14,679 [INFO] utils.body_preserver: [BodyPreserver] Successfully merged: DOCTYPE preserved, body preserved, AI enrichment applied
2026-05-15 06:28:14,679 [INFO] layers.layer2_shortdesc_generator: L2 ✓ shortdesc moving_and_stopping_the_lift_truck.dita
2026-05-15 06:28:14,682 [INFO] utils.body_preserver: [BodyPreserver] Successfully merged: DOCTYPE preserved, body preserved, AI enrichment applied
2026-05-15 06:28:14,682 [INFO] layers.layer3_keywords_indexterms: L3 ✓ prolog moving_and_stopping_the_lift_truck.dita
2026-05-15 06:28:14,685 [INFO] pipeline.enrich_runner: [EnrichPipeline] Enriched 'Moving and Stopping the Lift Truck' → type=task, confidence=low
2026-05-15 06:28:14,711 [INFO] httpx: HTTP Request: POST https://api.anthropic.com/v1/messages "HTTP/1.1 401 Unauthorized"
2026-05-15 06:28:14,712 [ERROR] layers.layer123_enrichment: L123 ✗ error: Error code: 401 - {'type': 'error', 'error': {'type': 'authentication_error', 'message': 'invalid x-api-key'}, 'request_id': 'req_011Cb3t3z8BhFU34mHG3JLd3'}
2026-05-15 06:28:14,712 [WARNING] layers.layer123_enrichment: L123 ⊘ fallback 'SCR Cleaning - DeSOx Switch'
2026-05-15 06:28:14,716 [INFO] layers.layer1_topic_classifier: L1 ✓ task→concept scr_cleaning_desox_switch.dita
2026-05-15 06:28:14,716 [ERROR] utils.body_preserver: [BodyPreserver] XML parsing error: Specification mandates value for attribute for, line 5, column 26 (<string>, line 5) — returning raw DITA unchanged
2026-05-15 06:28:14,717 [INFO] layers.layer2_shortdesc_generator: L2 ✓ shortdesc scr_cleaning_desox_switch.dita
2026-05-15 06:28:14,719 [INFO] utils.body_preserver: [BodyPreserver] Successfully merged: DOCTYPE preserved, body preserved, AI enrichment applied
2026-05-15 06:28:14,720 [INFO] layers.layer3_keywords_indexterms: L3 ✓ prolog scr_cleaning_desox_switch.dita
2026-05-15 06:28:14,722 [INFO] pipeline.enrich_runner: [EnrichPipeline] Enriched 'SCR Cleaning - DeSOx Switch' → type=concept, confidence=low
2026-05-15 06:28:14,774 [INFO] httpx: HTTP Request: POST https://api.anthropic.com/v1/messages "HTTP/1.1 401 Unauthorized"
2026-05-15 06:28:14,775 [ERROR] layers.layer123_enrichment: L123 ✗ error: Error code: 401 - {'type': 'error', 'error': {'type': 'authentication_error', 'message': 'invalid x-api-key'}, 'request_id': 'req_011Cb3t3zAfb3oKAoDGijgpe'}
2026-05-15 06:28:14,775 [WARNING] layers.layer123_enrichment: L123 ⊘ fallback 'Noise'
2026-05-15 06:28:14,778 [INFO] layers.layer1_topic_classifier: L1 ✓ reference→task noise.dita
2026-05-15 06:28:14,778 [INFO] utils.body_preserver: [BodyPreserver] Successfully merged: DOCTYPE preserved, body preserved, AI enrichment applied
2026-05-15 06:28:14,779 [INFO] layers.layer2_shortdesc_generator: L2 ✓ shortdesc noise.dita
2026-05-15 06:28:14,781 [INFO] utils.body_preserver: [BodyPreserver] Successfully merged: DOCTYPE preserved, body preserved, AI enrichment applied
2026-05-15 06:28:14,782 [INFO] layers.layer3_keywords_indexterms: L3 ✓ prolog noise.dita
2026-05-15 06:28:14,784 [INFO] pipeline.enrich_runner: [EnrichPipeline] Enriched 'Noise' → type=task, confidence=low
2026-05-15 06:28:14,790 [INFO] httpx: HTTP Request: POST https://api.anthropic.com/v1/messages "HTTP/1.1 401 Unauthorized"
2026-05-15 06:28:14,791 [ERROR] layers.layer123_enrichment: L123 ✗ error: Error code: 401 - {'type': 'error', 'error': {'type': 'authentication_error', 'message': 'invalid x-api-key'}, 'request_id': 'req_011Cb3t3zFsNifNEdSHL3UuY'}
2026-05-15 06:28:14,791 [WARNING] layers.layer123_enrichment: L123 ⊘ fallback 'Steering Knob (If Equipped)'
2026-05-15 06:28:14,793 [INFO] layers.layer1_topic_classifier: L1 ✓ topic→concept steering_knob_if_equipped.dita
2026-05-15 06:28:14,793 [INFO] utils.body_preserver: [BodyPreserver] Successfully merged: DOCTYPE preserved, body preserved, AI enrichment applied
2026-05-15 06:28:14,794 [INFO] layers.layer2_shortdesc_generator: L2 ✓ shortdesc steering_knob_if_equipped.dita
2026-05-15 06:28:14,796 [INFO] utils.body_preserver: [BodyPreserver] Successfully merged: DOCTYPE preserved, body preserved, AI enrichment applied
2026-05-15 06:28:14,796 [INFO] layers.layer3_keywords_indexterms: L3 ✓ prolog steering_knob_if_equipped.dita
2026-05-15 06:28:14,798 [INFO] pipeline.enrich_runner: [EnrichPipeline] Enriched 'Steering Knob (If Equipped)' → type=concept, confidence=low
2026-05-15 06:28:14,992 [INFO] httpx: HTTP Request: POST https://api.anthropic.com/v1/messages "HTTP/1.1 401 Unauthorized"
2026-05-15 06:28:14,993 [ERROR] layers.layer123_enrichment: L123 ✗ error: Error code: 401 - {'type': 'error', 'error': {'type': 'authentication_error', 'message': 'invalid x-api-key'}, 'request_id': 'req_011Cb3t41N6bADMBG121eYaj'}
2026-05-15 06:28:14,993 [WARNING] layers.layer123_enrichment: L123 ⊘ fallback 'Vibration (weighted overall value)'
2026-05-15 06:28:14,996 [INFO] layers.layer1_topic_classifier: L1 ✓ reference→task vibration_weighted_overall_value.dita
2026-05-15 06:28:14,996 [INFO] utils.body_preserver: [BodyPreserver] Successfully merged: DOCTYPE preserved, body preserved, AI enrichment applied
2026-05-15 06:28:14,997 [INFO] layers.layer2_shortdesc_generator: L2 ✓ shortdesc vibration_weighted_overall_value.dita
2026-05-15 06:28:15,000 [INFO] utils.body_preserver: [BodyPreserver] Successfully merged: DOCTYPE preserved, body preserved, AI enrichment applied
2026-05-15 06:28:15,000 [INFO] layers.layer3_keywords_indexterms: L3 ✓ prolog vibration_weighted_overall_value.dita
2026-05-15 06:28:15,002 [INFO] pipeline.enrich_runner: [EnrichPipeline] Enriched 'Vibration (weighted overall value)' → type=task, confidence=low
2026-05-15 06:28:15,024 [INFO] httpx: HTTP Request: POST https://api.anthropic.com/v1/messages "HTTP/1.1 401 Unauthorized"
2026-05-15 06:28:15,025 [ERROR] layers.layer123_enrichment: L123 ✗ error: Error code: 401 - {'type': 'error', 'error': {'type': 'authentication_error', 'message': 'invalid x-api-key'}, 'request_id': 'req_011Cb3t41T47Gxf8VDHnLjwn'}
2026-05-15 06:28:15,025 [WARNING] layers.layer123_enrichment: L123 ⊘ fallback 'Inching into Loads'
2026-05-15 06:28:15,028 [INFO] layers.layer1_topic_classifier: L1 ✓ task→topic inching_into_loads.dita
2026-05-15 06:28:15,028 [INFO] utils.body_preserver: [BodyPreserver] Successfully merged: DOCTYPE preserved, body preserved, AI enrichment applied
2026-05-15 06:28:15,029 [INFO] layers.layer2_shortdesc_generator: L2 ✓ shortdesc inching_into_loads.dita
2026-05-15 06:28:15,031 [INFO] utils.body_preserver: [BodyPreserver] Successfully merged: DOCTYPE preserved, body preserved, AI enrichment applied
2026-05-15 06:28:15,032 [INFO] layers.layer3_keywords_indexterms: L3 ✓ prolog inching_into_loads.dita
2026-05-15 06:28:15,034 [INFO] pipeline.enrich_runner: [EnrichPipeline] Enriched 'Inching into Loads' → type=topic, confidence=low
2026-05-15 06:28:15,043 [INFO] httpx: HTTP Request: POST https://api.anthropic.com/v1/messages "HTTP/1.1 401 Unauthorized"
2026-05-15 06:28:15,044 [ERROR] layers.layer123_enrichment: L123 ✗ error: Error code: 401 - {'type': 'error', 'error': {'type': 'authentication_error', 'message': 'invalid x-api-key'}, 'request_id': 'req_011Cb3t41byrYFxcfq65UxFP'}
2026-05-15 06:28:15,044 [WARNING] layers.layer123_enrichment: L123 ⊘ fallback 'Lifting Drums or Round Objects'
2026-05-15 06:28:15,046 [INFO] layers.layer1_topic_classifier: L1 ✓ task→concept lifting_drums_or_round_objects.dita
2026-05-15 06:28:15,047 [INFO] utils.body_preserver: [BodyPreserver] Successfully merged: DOCTYPE preserved, body preserved, AI enrichment applied
2026-05-15 06:28:15,047 [INFO] layers.layer2_shortdesc_generator: L2 ✓ shortdesc lifting_drums_or_round_objects.dita
2026-05-15 06:28:15,050 [INFO] utils.body_preserver: [BodyPreserver] Successfully merged: DOCTYPE preserved, body preserved, AI enrichment applied
2026-05-15 06:28:15,050 [INFO] layers.layer3_keywords_indexterms: L3 ✓ prolog lifting_drums_or_round_objects.dita
2026-05-15 06:28:15,053 [INFO] pipeline.enrich_runner: [EnrichPipeline] Enriched 'Lifting Drums or Round Objects' → type=concept, confidence=low
2026-05-15 06:28:15,123 [INFO] httpx: HTTP Request: POST https://api.anthropic.com/v1/messages "HTTP/1.1 401 Unauthorized"
2026-05-15 06:28:15,125 [ERROR] layers.layer123_enrichment: L123 ✗ error: Error code: 401 - {'type': 'error', 'error': {'type': 'authentication_error', 'message': 'invalid x-api-key'}, 'request_id': 'req_011Cb3t41wKhMKEtcwNy17tc'}
2026-05-15 06:28:15,125 [WARNING] layers.layer123_enrichment: L123 ⊘ fallback 'Load lateral centre of gravity'
2026-05-15 06:28:15,127 [INFO] utils.body_preserver: [BodyPreserver] Successfully merged: DOCTYPE preserved, body preserved, AI enrichment applied
2026-05-15 06:28:15,128 [INFO] layers.layer2_shortdesc_generator: L2 ✓ shortdesc load_lateral_centre_of_gravity.dita
2026-05-15 06:28:15,131 [INFO] utils.body_preserver: [BodyPreserver] Successfully merged: DOCTYPE preserved, body preserved, AI enrichment applied
2026-05-15 06:28:15,132 [INFO] layers.layer3_keywords_indexterms: L3 ✓ prolog load_lateral_centre_of_gravity.dita
2026-05-15 06:28:15,136 [INFO] pipeline.enrich_runner: [EnrichPipeline] Enriched 'Load lateral centre of gravity' → type=concept, confidence=low
2026-05-15 06:28:15,186 [INFO] httpx: HTTP Request: POST https://api.anthropic.com/v1/messages "HTTP/1.1 401 Unauthorized"
2026-05-15 06:28:15,187 [ERROR] layers.layer123_enrichment: L123 ✗ error: Error code: 401 - {'type': 'error', 'error': {'type': 'authentication_error', 'message': 'invalid x-api-key'}, 'request_id': 'req_011Cb3t41wKtZ2wdCHhmLjmz'}
2026-05-15 06:28:15,188 [WARNING] layers.layer123_enrichment: L123 ⊘ fallback 'Lifting the Load'
2026-05-15 06:28:15,190 [INFO] layers.layer1_topic_classifier: L1 ✓ task→concept lifting_the_load.dita
2026-05-15 06:28:15,191 [INFO] utils.body_preserver: [BodyPreserver] Successfully merged: DOCTYPE preserved, body preserved, AI enrichment applied
2026-05-15 06:28:15,191 [INFO] layers.layer2_shortdesc_generator: L2 ✓ shortdesc lifting_the_load.dita
2026-05-15 06:28:15,195 [INFO] utils.body_preserver: [BodyPreserver] Successfully merged: DOCTYPE preserved, body preserved, AI enrichment applied
2026-05-15 06:28:15,195 [INFO] layers.layer3_keywords_indexterms: L3 ✓ prolog lifting_the_load.dita
2026-05-15 06:28:15,200 [INFO] pipeline.enrich_runner: [EnrichPipeline] Enriched 'Lifting the Load' → type=concept, confidence=low
2026-05-15 06:28:15,330 [INFO] httpx: HTTP Request: POST https://api.anthropic.com/v1/messages "HTTP/1.1 401 Unauthorized"
2026-05-15 06:28:15,332 [ERROR] layers.layer123_enrichment: L123 ✗ error: Error code: 401 - {'type': 'error', 'error': {'type': 'authentication_error', 'message': 'invalid x-api-key'}, 'request_id': 'req_011Cb3t42pABbyRXrk1VzVEA'}
2026-05-15 06:28:15,332 [WARNING] layers.layer123_enrichment: L123 ⊘ fallback 'Load Shift'
2026-05-15 06:28:15,334 [INFO] layers.layer1_topic_classifier: L1 ✓ concept→topic load_shift.dita
2026-05-15 06:28:15,335 [INFO] utils.body_preserver: [BodyPreserver] Successfully merged: DOCTYPE preserved, body preserved, AI enrichment applied
2026-05-15 06:28:15,335 [INFO] layers.layer2_shortdesc_generator: L2 ✓ shortdesc load_shift.dita
2026-05-15 06:28:15,339 [INFO] utils.body_preserver: [BodyPreserver] Successfully merged: DOCTYPE preserved, body preserved, AI enrichment applied
2026-05-15 06:28:15,339 [INFO] layers.layer3_keywords_indexterms: L3 ✓ prolog load_shift.dita
2026-05-15 06:28:15,343 [INFO] pipeline.enrich_runner: [EnrichPipeline] Enriched 'Load Shift' → type=topic, confidence=low
2026-05-15 06:28:15,371 [INFO] httpx: HTTP Request: POST https://api.anthropic.com/v1/messages "HTTP/1.1 401 Unauthorized"
2026-05-15 06:28:15,373 [ERROR] layers.layer123_enrichment: L123 ✗ error: Error code: 401 - {'type': 'error', 'error': {'type': 'authentication_error', 'message': 'invalid x-api-key'}, 'request_id': 'req_011Cb3t42wMXciSSMeaCEq6k'}
2026-05-15 06:28:15,373 [WARNING] layers.layer123_enrichment: L123 ⊘ fallback 'Load Stability'
2026-05-15 06:28:15,375 [INFO] layers.layer1_topic_classifier: L1 ✓ concept→topic load_stability.dita
2026-05-15 06:28:15,376 [INFO] utils.body_preserver: [BodyPreserver] Successfully merged: DOCTYPE preserved, body preserved, AI enrichment applied
2026-05-15 06:28:15,376 [INFO] layers.layer2_shortdesc_generator: L2 ✓ shortdesc load_stability.dita
2026-05-15 06:28:15,380 [INFO] utils.body_preserver: [BodyPreserver] Successfully merged: DOCTYPE preserved, body preserved, AI enrichment applied
2026-05-15 06:28:15,380 [INFO] layers.layer3_keywords_indexterms: L3 ✓ prolog load_stability.dita
2026-05-15 06:28:15,384 [INFO] pipeline.enrich_runner: [EnrichPipeline] Enriched 'Load Stability' → type=topic, confidence=low
2026-05-15 06:28:15,386 [INFO] httpx: HTTP Request: POST https://api.anthropic.com/v1/messages "HTTP/1.1 401 Unauthorized"
2026-05-15 06:28:15,387 [ERROR] layers.layer123_enrichment: L123 ✗ error: Error code: 401 - {'type': 'error', 'error': {'type': 'authentication_error', 'message': 'invalid x-api-key'}, 'request_id': 'req_011Cb3t433JiLQgYwQbWaHey'}
2026-05-15 06:28:15,387 [WARNING] layers.layer123_enrichment: L123 ⊘ fallback 'Load Swing'
2026-05-15 06:28:15,389 [INFO] layers.layer1_topic_classifier: L1 ✓ concept→topic load_swing.dita
2026-05-15 06:28:15,389 [INFO] utils.body_preserver: [BodyPreserver] Successfully merged: DOCTYPE preserved, body preserved, AI enrichment applied
2026-05-15 06:28:15,390 [INFO] layers.layer2_shortdesc_generator: L2 ✓ shortdesc load_swing.dita
2026-05-15 06:28:15,392 [INFO] utils.body_preserver: [BodyPreserver] Successfully merged: DOCTYPE preserved, body preserved, AI enrichment applied
2026-05-15 06:28:15,392 [INFO] layers.layer3_keywords_indexterms: L3 ✓ prolog load_swing.dita
2026-05-15 06:28:15,395 [INFO] pipeline.enrich_runner: [EnrichPipeline] Enriched 'Load Swing' → type=topic, confidence=low
2026-05-15 06:28:15,489 [INFO] httpx: HTTP Request: POST https://api.anthropic.com/v1/messages "HTTP/1.1 401 Unauthorized"
2026-05-15 06:28:15,490 [ERROR] layers.layer123_enrichment: L123 ✗ error: Error code: 401 - {'type': 'error', 'error': {'type': 'authentication_error', 'message': 'invalid x-api-key'}, 'request_id': 'req_011Cb3t43RNsQeiEDAFDFw7k'}
2026-05-15 06:28:15,490 [WARNING] layers.layer123_enrichment: L123 ⊘ fallback 'Operating in Hot Weather'
2026-05-15 06:28:15,492 [INFO] layers.layer1_topic_classifier: L1 ✓ task→concept operating_in_hot_weather.dita
2026-05-15 06:28:15,492 [INFO] utils.body_preserver: [BodyPreserver] Successfully merged: DOCTYPE preserved, body preserved, AI enrichment applied
2026-05-15 06:28:15,493 [INFO] layers.layer2_shortdesc_generator: L2 ✓ shortdesc operating_in_hot_weather.dita
2026-05-15 06:28:15,495 [INFO] utils.body_preserver: [BodyPreserver] Successfully merged: DOCTYPE preserved, body preserved, AI enrichment applied
2026-05-15 06:28:15,496 [INFO] layers.layer3_keywords_indexterms: L3 ✓ prolog operating_in_hot_weather.dita
2026-05-15 06:28:15,498 [INFO] pipeline.enrich_runner: [EnrichPipeline] Enriched 'Operating in Hot Weather' → type=concept, confidence=low
2026-05-15 06:28:15,534 [INFO] httpx: HTTP Request: POST https://api.anthropic.com/v1/messages "HTTP/1.1 401 Unauthorized"
2026-05-15 06:28:15,535 [ERROR] layers.layer123_enrichment: L123 ✗ error: Error code: 401 - {'type': 'error', 'error': {'type': 'authentication_error', 'message': 'invalid x-api-key'}, 'request_id': 'req_011Cb3t43eGeUq5V14r99agy'}
2026-05-15 06:28:15,535 [WARNING] layers.layer123_enrichment: L123 ⊘ fallback 'Safety instructions for attachments when transporting suspended load'
2026-05-15 06:28:15,538 [INFO] layers.layer1_topic_classifier: L1 ✓ task→concept safety_instructions_for_attachments_when_transporting_suspended_load.dita
2026-05-15 06:28:15,538 [INFO] utils.body_preserver: [BodyPreserver] Successfully merged: DOCTYPE preserved, body preserved, AI enrichment applied
2026-05-15 06:28:15,539 [INFO] layers.layer2_shortdesc_generator: L2 ✓ shortdesc safety_instructions_for_attachments_when_transporting_suspended_load.dita
2026-05-15 06:28:15,542 [INFO] utils.body_preserver: [BodyPreserver] Successfully merged: DOCTYPE preserved, body preserved, AI enrichment applied
2026-05-15 06:28:15,543 [INFO] layers.layer3_keywords_indexterms: L3 ✓ prolog safety_instructions_for_attachments_when_transporting_suspended_load.dita
2026-05-15 06:28:15,545 [INFO] pipeline.enrich_runner: [EnrichPipeline] Enriched 'Safety instructions for attachments when transporting suspended load' → type=concept, confidence=low
2026-05-15 06:28:15,670 [INFO] httpx: HTTP Request: POST https://api.anthropic.com/v1/messages "HTTP/1.1 401 Unauthorized"
2026-05-15 06:28:15,671 [ERROR] layers.layer123_enrichment: L123 ✗ error: Error code: 401 - {'type': 'error', 'error': {'type': 'authentication_error', 'message': 'invalid x-api-key'}, 'request_id': 'req_011Cb3t44GUC2UKrVAw5B1h8'}
2026-05-15 06:28:15,672 [WARNING] layers.layer123_enrichment: L123 ⊘ fallback 'Safety instructions for attachments when transporting wide loads'
2026-05-15 06:28:15,673 [INFO] layers.layer1_topic_classifier: L1 ✓ task→topic safety_instructions_for_attachments_when_transporting_wide_loads.dita
2026-05-15 06:28:15,674 [INFO] utils.body_preserver: [BodyPreserver] Successfully merged: DOCTYPE preserved, body preserved, AI enrichment applied
2026-05-15 06:28:15,674 [INFO] layers.layer2_shortdesc_generator: L2 ✓ shortdesc safety_instructions_for_attachments_when_transporting_wide_loads.dita
2026-05-15 06:28:15,677 [INFO] utils.body_preserver: [BodyPreserver] Successfully merged: DOCTYPE preserved, body preserved, AI enrichment applied
2026-05-15 06:28:15,677 [INFO] layers.layer3_keywords_indexterms: L3 ✓ prolog safety_instructions_for_attachments_when_transporting_wide_loads.dita
2026-05-15 06:28:15,680 [INFO] pipeline.enrich_runner: [EnrichPipeline] Enriched 'Safety instructions for attachments when transporting wide loads' → type=topic, confidence=low
2026-05-15 06:28:15,723 [INFO] httpx: HTTP Request: POST https://api.anthropic.com/v1/messages "HTTP/1.1 401 Unauthorized"
2026-05-15 06:28:15,724 [ERROR] layers.layer123_enrichment: L123 ✗ error: Error code: 401 - {'type': 'error', 'error': {'type': 'authentication_error', 'message': 'invalid x-api-key'}, 'request_id': 'req_011Cb3t44VcUGD7hnSD7JABb'}
2026-05-15 06:28:15,724 [WARNING] layers.layer123_enrichment: L123 ⊘ fallback 'Turning'
2026-05-15 06:28:15,727 [INFO] utils.body_preserver: [BodyPreserver] Successfully merged: DOCTYPE preserved, body preserved, AI enrichment applied
2026-05-15 06:28:15,727 [INFO] layers.layer2_shortdesc_generator: L2 ✓ shortdesc turning.dita
2026-05-15 06:28:15,730 [INFO] utils.body_preserver: [BodyPreserver] Successfully merged: DOCTYPE preserved, body preserved, AI enrichment applied
2026-05-15 06:28:15,731 [INFO] layers.layer3_keywords_indexterms: L3 ✓ prolog turning.dita
2026-05-15 06:28:15,734 [INFO] pipeline.enrich_runner: [EnrichPipeline] Enriched 'Turning' → type=task, confidence=low
2026-05-15 06:28:15,737 [INFO] httpx: HTTP Request: POST https://api.anthropic.com/v1/messages "HTTP/1.1 401 Unauthorized"
2026-05-15 06:28:15,738 [ERROR] layers.layer123_enrichment: L123 ✗ error: Error code: 401 - {'type': 'error', 'error': {'type': 'authentication_error', 'message': 'invalid x-api-key'}, 'request_id': 'req_011Cb3t44Ucw9CMMfP6Y48oX'}
2026-05-15 06:28:15,738 [WARNING] layers.layer123_enrichment: L123 ⊘ fallback 'Traveling with the Load'
2026-05-15 06:28:15,740 [INFO] layers.layer1_topic_classifier: L1 ✓ task→concept traveling_with_the_load.dita
2026-05-15 06:28:15,741 [INFO] utils.body_preserver: [BodyPreserver] Successfully merged: DOCTYPE preserved, body preserved, AI enrichment applied
2026-05-15 06:28:15,741 [INFO] layers.layer2_shortdesc_generator: L2 ✓ shortdesc traveling_with_the_load.dita
2026-05-15 06:28:15,744 [INFO] utils.body_preserver: [BodyPreserver] Successfully merged: DOCTYPE preserved, body preserved, AI enrichment applied
2026-05-15 06:28:15,744 [INFO] layers.layer3_keywords_indexterms: L3 ✓ prolog traveling_with_the_load.dita
2026-05-15 06:28:15,747 [INFO] pipeline.enrich_runner: [EnrichPipeline] Enriched 'Traveling with the Load' → type=concept, confidence=low
2026-05-15 06:28:15,827 [INFO] httpx: HTTP Request: POST https://api.anthropic.com/v1/messages "HTTP/1.1 401 Unauthorized"
2026-05-15 06:28:15,828 [ERROR] layers.layer123_enrichment: L123 ✗ error: Error code: 401 - {'type': 'error', 'error': {'type': 'authentication_error', 'message': 'invalid x-api-key'}, 'request_id': 'req_011Cb3t44wQfb46gFMxdkMkk'}
2026-05-15 06:28:15,828 [WARNING] layers.layer123_enrichment: L123 ⊘ fallback 'Unloading'
2026-05-15 06:28:15,830 [INFO] layers.layer1_topic_classifier: L1 ✓ task→concept unloading.dita
2026-05-15 06:28:15,831 [INFO] utils.body_preserver: [BodyPreserver] Successfully merged: DOCTYPE preserved, body preserved, AI enrichment applied
2026-05-15 06:28:15,831 [INFO] layers.layer2_shortdesc_generator: L2 ✓ shortdesc unloading.dita
2026-05-15 06:28:15,833 [INFO] utils.body_preserver: [BodyPreserver] Successfully merged: DOCTYPE preserved, body preserved, AI enrichment applied
2026-05-15 06:28:15,834 [INFO] layers.layer3_keywords_indexterms: L3 ✓ prolog unloading.dita
2026-05-15 06:28:15,837 [INFO] pipeline.enrich_runner: [EnrichPipeline] Enriched 'Unloading' → type=concept, confidence=low
2026-05-15 06:28:15,886 [INFO] httpx: HTTP Request: POST https://api.anthropic.com/v1/messages "HTTP/1.1 401 Unauthorized"
2026-05-15 06:28:15,887 [ERROR] layers.layer123_enrichment: L123 ✗ error: Error code: 401 - {'type': 'error', 'error': {'type': 'authentication_error', 'message': 'invalid x-api-key'}, 'request_id': 'req_011Cb3t45AJWyYDRZ5E3b9NJ'}
2026-05-15 06:28:15,887 [WARNING] layers.layer123_enrichment: L123 ⊘ fallback 'Visibility'
2026-05-15 06:28:15,890 [INFO] layers.layer1_topic_classifier: L1 ✓ concept→topic visibility.dita
2026-05-15 06:28:15,890 [INFO] utils.body_preserver: [BodyPreserver] Successfully merged: DOCTYPE preserved, body preserved, AI enrichment applied
2026-05-15 06:28:15,891 [INFO] layers.layer2_shortdesc_generator: L2 ✓ shortdesc visibility.dita
2026-05-15 06:28:15,894 [INFO] utils.body_preserver: [BodyPreserver] Successfully merged: DOCTYPE preserved, body preserved, AI enrichment applied
2026-05-15 06:28:15,895 [INFO] layers.layer3_keywords_indexterms: L3 ✓ prolog visibility.dita
2026-05-15 06:28:15,900 [INFO] pipeline.enrich_runner: [EnrichPipeline] Enriched 'Visibility' → type=topic, confidence=low
2026-05-15 06:28:16,006 [INFO] httpx: HTTP Request: POST https://api.anthropic.com/v1/messages "HTTP/1.1 401 Unauthorized"
2026-05-15 06:28:16,008 [ERROR] layers.layer123_enrichment: L123 ✗ error: Error code: 401 - {'type': 'error', 'error': {'type': 'authentication_error', 'message': 'invalid x-api-key'}, 'request_id': 'req_011Cb3t45i3UAGB4i9sFiwh3'}
2026-05-15 06:28:16,008 [WARNING] layers.layer123_enrichment: L123 ⊘ fallback '12V socket'
2026-05-15 06:28:16,010 [INFO] utils.body_preserver: [BodyPreserver] Successfully merged: DOCTYPE preserved, body preserved, AI enrichment applied
2026-05-15 06:28:16,011 [INFO] layers.layer2_shortdesc_generator: L2 ✓ shortdesc 12v_socket.dita
2026-05-15 06:28:16,014 [INFO] utils.body_preserver: [BodyPreserver] Successfully merged: DOCTYPE preserved, body preserved, AI enrichment applied
2026-05-15 06:28:16,014 [INFO] layers.layer3_keywords_indexterms: L3 ✓ prolog 12v_socket.dita
2026-05-15 06:28:16,018 [INFO] pipeline.enrich_runner: [EnrichPipeline] Enriched '12V socket' → type=concept, confidence=low
2026-05-15 06:28:16,077 [INFO] httpx: HTTP Request: POST https://api.anthropic.com/v1/messages "HTTP/1.1 401 Unauthorized"
2026-05-15 06:28:16,078 [ERROR] layers.layer123_enrichment: L123 ✗ error: Error code: 401 - {'type': 'error', 'error': {'type': 'authentication_error', 'message': 'invalid x-api-key'}, 'request_id': 'req_011Cb3t4619t29asRf7X8K9h'}
2026-05-15 06:28:16,078 [WARNING] layers.layer123_enrichment: L123 ⊘ fallback '1 The Right Side Dash Board (Cabin)'
2026-05-15 06:28:16,080 [INFO] utils.body_preserver: [BodyPreserver] Successfully merged: DOCTYPE preserved, body preserved, AI enrichment applied
2026-05-15 06:28:16,080 [INFO] layers.layer2_shortdesc_generator: L2 ✓ shortdesc 1_the_right_side_dash_board_cabin.dita
2026-05-15 06:28:16,082 [INFO] utils.body_preserver: [BodyPreserver] Successfully merged: DOCTYPE preserved, body preserved, AI enrichment applied
2026-05-15 06:28:16,083 [INFO] layers.layer3_keywords_indexterms: L3 ✓ prolog 1_the_right_side_dash_board_cabin.dita
2026-05-15 06:28:16,086 [INFO] pipeline.enrich_runner: [EnrichPipeline] Enriched '1 The Right Side Dash Board (Cabin)' → type=topic, confidence=low
2026-05-15 06:28:16,089 [INFO] httpx: HTTP Request: POST https://api.anthropic.com/v1/messages "HTTP/1.1 401 Unauthorized"
2026-05-15 06:28:16,090 [ERROR] layers.layer123_enrichment: L123 ✗ error: Error code: 401 - {'type': 'error', 'error': {'type': 'authentication_error', 'message': 'invalid x-api-key'}, 'request_id': 'req_011Cb3t45zQhaGv2s5Pbbw9H'}
2026-05-15 06:28:16,090 [WARNING] layers.layer123_enrichment: L123 ⊘ fallback '2 The Left Side Dash Board (Cabin)'
2026-05-15 06:28:16,093 [INFO] layers.layer1_topic_classifier: L1 ✓ reference→concept 2_the_left_side_dash_board_cabin.dita
2026-05-15 06:28:16,094 [INFO] utils.body_preserver: [BodyPreserver] Successfully merged: DOCTYPE preserved, body preserved, AI enrichment applied
2026-05-15 06:28:16,094 [INFO] layers.layer2_shortdesc_generator: L2 ✓ shortdesc 2_the_left_side_dash_board_cabin.dita
2026-05-15 06:28:16,097 [INFO] utils.body_preserver: [BodyPreserver] Successfully merged: DOCTYPE preserved, body preserved, AI enrichment applied
2026-05-15 06:28:16,097 [INFO] layers.layer3_keywords_indexterms: L3 ✓ prolog 2_the_left_side_dash_board_cabin.dita
2026-05-15 06:28:16,102 [INFO] pipeline.enrich_runner: [EnrichPipeline] Enriched '2 The Left Side Dash Board (Cabin)' → type=concept, confidence=low
2026-05-15 06:28:16,163 [INFO] httpx: HTTP Request: POST https://api.anthropic.com/v1/messages "HTTP/1.1 401 Unauthorized"
2026-05-15 06:28:16,164 [ERROR] layers.layer123_enrichment: L123 ✗ error: Error code: 401 - {'type': 'error', 'error': {'type': 'authentication_error', 'message': 'invalid x-api-key'}, 'request_id': 'req_011Cb3t46Nisrk1jMkJFp1yi'}
2026-05-15 06:28:16,164 [WARNING] layers.layer123_enrichment: L123 ⊘ fallback '3 The Operator & Switches'
2026-05-15 06:28:16,166 [INFO] layers.layer1_topic_classifier: L1 ✓ task→concept 3_the_operator_switches.dita
2026-05-15 06:28:16,167 [INFO] utils.body_preserver: [BodyPreserver] Successfully merged: DOCTYPE preserved, body preserved, AI enrichment applied
2026-05-15 06:28:16,167 [INFO] layers.layer2_shortdesc_generator: L2 ✓ shortdesc 3_the_operator_switches.dita
2026-05-15 06:28:16,170 [INFO] utils.body_preserver: [BodyPreserver] Successfully merged: DOCTYPE preserved, body preserved, AI enrichment applied
2026-05-15 06:28:16,170 [INFO] layers.layer3_keywords_indexterms: L3 ✓ prolog 3_the_operator_switches.dita
2026-05-15 06:28:16,173 [INFO] pipeline.enrich_runner: [EnrichPipeline] Enriched '3 The Operator & Switches' → type=concept, confidence=low
2026-05-15 06:28:16,234 [INFO] httpx: HTTP Request: POST https://api.anthropic.com/v1/messages "HTTP/1.1 401 Unauthorized"
2026-05-15 06:28:16,235 [ERROR] layers.layer123_enrichment: L123 ✗ error: Error code: 401 - {'type': 'error', 'error': {'type': 'authentication_error', 'message': 'invalid x-api-key'}, 'request_id': 'req_011Cb3t46er1wSBfmL5ThwTC'}
2026-05-15 06:28:16,235 [WARNING] layers.layer123_enrichment: L123 ⊘ fallback '4 The Left Side Dash Board (OVHD Guard)'
2026-05-15 06:28:16,237 [INFO] utils.body_preserver: [BodyPreserver] Successfully merged: DOCTYPE preserved, body preserved, AI enrichment applied
2026-05-15 06:28:16,237 [INFO] layers.layer2_shortdesc_generator: L2 ✓ shortdesc 4_the_left_side_dash_board_ovhd_guard.dita
2026-05-15 06:28:16,239 [INFO] utils.body_preserver: [BodyPreserver] Successfully merged: DOCTYPE preserved, body preserved, AI enrichment applied
2026-05-15 06:28:16,240 [INFO] layers.layer3_keywords_indexterms: L3 ✓ prolog 4_the_left_side_dash_board_ovhd_guard.dita
2026-05-15 06:28:16,243 [INFO] pipeline.enrich_runner: [EnrichPipeline] Enriched '4 The Left Side Dash Board (OVHD Guard)' → type=task, confidence=low
2026-05-15 06:28:16,345 [INFO] httpx: HTTP Request: POST https://api.anthropic.com/v1/messages "HTTP/1.1 401 Unauthorized"
2026-05-15 06:28:16,346 [ERROR] layers.layer123_enrichment: L123 ✗ error: Error code: 401 - {'type': 'error', 'error': {'type': 'authentication_error', 'message': 'invalid x-api-key'}, 'request_id': 'req_011Cb3t479MeLBHMvScN5x6V'}
2026-05-15 06:28:16,346 [WARNING] layers.layer123_enrichment: L123 ⊘ fallback '5 Pedal Configuration'
2026-05-15 06:28:16,349 [INFO] layers.layer1_topic_classifier: L1 ✓ reference→concept 5_pedal_configuration.dita
2026-05-15 06:28:16,349 [INFO] utils.body_preserver: [BodyPreserver] Successfully merged: DOCTYPE preserved, body preserved, AI enrichment applied
2026-05-15 06:28:16,350 [INFO] layers.layer2_shortdesc_generator: L2 ✓ shortdesc 5_pedal_configuration.dita
2026-05-15 06:28:16,352 [INFO] utils.body_preserver: [BodyPreserver] Successfully merged: DOCTYPE preserved, body preserved, AI enrichment applied
2026-05-15 06:28:16,352 [INFO] layers.layer3_keywords_indexterms: L3 ✓ prolog 5_pedal_configuration.dita
2026-05-15 06:28:16,356 [INFO] pipeline.enrich_runner: [EnrichPipeline] Enriched '5 Pedal Configuration' → type=concept, confidence=low
2026-05-15 06:28:16,423 [INFO] httpx: HTTP Request: POST https://api.anthropic.com/v1/messages "HTTP/1.1 401 Unauthorized"
2026-05-15 06:28:16,424 [ERROR] layers.layer123_enrichment: L123 ✗ error: Error code: 401 - {'type': 'error', 'error': {'type': 'authentication_error', 'message': 'invalid x-api-key'}, 'request_id': 'req_011Cb3t47VhASxnHQNyizgsb'}
2026-05-15 06:28:16,424 [WARNING] layers.layer123_enrichment: L123 ⊘ fallback '6 Steering Wheel'
2026-05-15 06:28:16,427 [INFO] layers.layer1_topic_classifier: L1 ✓ reference→concept 6_steering_wheel.dita
2026-05-15 06:28:16,427 [INFO] utils.body_preserver: [BodyPreserver] Successfully merged: DOCTYPE preserved, body preserved, AI enrichment applied
2026-05-15 06:28:16,428 [INFO] layers.layer2_shortdesc_generator: L2 ✓ shortdesc 6_steering_wheel.dita
2026-05-15 06:28:16,430 [INFO] utils.body_preserver: [BodyPreserver] Successfully merged: DOCTYPE preserved, body preserved, AI enrichment applied
2026-05-15 06:28:16,431 [INFO] layers.layer3_keywords_indexterms: L3 ✓ prolog 6_steering_wheel.dita
2026-05-15 06:28:16,435 [INFO] pipeline.enrich_runner: [EnrichPipeline] Enriched '6 Steering Wheel' → type=concept, confidence=low
2026-05-15 06:28:16,511 [INFO] httpx: HTTP Request: POST https://api.anthropic.com/v1/messages "HTTP/1.1 401 Unauthorized"
2026-05-15 06:28:16,512 [ERROR] layers.layer123_enrichment: L123 ✗ error: Error code: 401 - {'type': 'error', 'error': {'type': 'authentication_error', 'message': 'invalid x-api-key'}, 'request_id': 'req_011Cb3t47pnYqKza3t28tevj'}
2026-05-15 06:28:16,512 [WARNING] layers.layer123_enrichment: L123 ⊘ fallback 'a. Front Display (basic operation menu)'
2026-05-15 06:28:16,514 [INFO] utils.body_preserver: [BodyPreserver] Successfully merged: DOCTYPE preserved, body preserved, AI enrichment applied
2026-05-15 06:28:16,515 [INFO] layers.layer2_shortdesc_generator: L2 ✓ shortdesc a_front_display_basic_operation_menu.dita
2026-05-15 06:28:16,517 [INFO] utils.body_preserver: [BodyPreserver] Successfully merged: DOCTYPE preserved, body preserved, AI enrichment applied
2026-05-15 06:28:16,518 [INFO] layers.layer3_keywords_indexterms: L3 ✓ prolog a_front_display_basic_operation_menu.dita
2026-05-15 06:28:16,521 [INFO] pipeline.enrich_runner: [EnrichPipeline] Enriched 'a. Front Display (basic operation menu)' → type=task, confidence=low
2026-05-15 06:28:16,572 [INFO] httpx: HTTP Request: POST https://api.anthropic.com/v1/messages "HTTP/1.1 401 Unauthorized"
2026-05-15 06:28:16,574 [ERROR] layers.layer123_enrichment: L123 ✗ error: Error code: 401 - {'type': 'error', 'error': {'type': 'authentication_error', 'message': 'invalid x-api-key'}, 'request_id': 'req_011Cb3t4879qyanYpuZdsbuG'}
2026-05-15 06:28:16,574 [WARNING] layers.layer123_enrichment: L123 ⊘ fallback 'A- Instrument Panel'
2026-05-15 06:28:16,578 [INFO] layers.layer1_topic_classifier: L1 ✓ task→concept a_instrument_panel.dita
2026-05-15 06:28:16,579 [INFO] utils.body_preserver: [BodyPreserver] Successfully merged: DOCTYPE preserved, body preserved, AI enrichment applied
2026-05-15 06:28:16,580 [INFO] layers.layer2_shortdesc_generator: L2 ✓ shortdesc a_instrument_panel.dita
2026-05-15 06:28:16,583 [INFO] utils.body_preserver: [BodyPreserver] Successfully merged: DOCTYPE preserved, body preserved, AI enrichment applied
2026-05-15 06:28:16,584 [INFO] layers.layer3_keywords_indexterms: L3 ✓ prolog a_instrument_panel.dita
2026-05-15 06:28:16,592 [INFO] pipeline.enrich_runner: [EnrichPipeline] Enriched 'A- Instrument Panel' → type=concept, confidence=low
2026-05-15 06:28:16,680 [INFO] httpx: HTTP Request: POST https://api.anthropic.com/v1/messages "HTTP/1.1 401 Unauthorized"
2026-05-15 06:28:16,682 [ERROR] layers.layer123_enrichment: L123 ✗ error: Error code: 401 - {'type': 'error', 'error': {'type': 'authentication_error', 'message': 'invalid x-api-key'}, 'request_id': 'req_011Cb3t48avkETrygFkKVFuC'}
2026-05-15 06:28:16,682 [WARNING] layers.layer123_enrichment: L123 ⊘ fallback 'About MP3/WMA'
2026-05-15 06:28:16,684 [INFO] utils.body_preserver: [BodyPreserver] Successfully merged: DOCTYPE preserved, body preserved, AI enrichment applied
2026-05-15 06:28:16,684 [INFO] layers.layer2_shortdesc_generator: L2 ✓ shortdesc about_mp3_wma.dita
2026-05-15 06:28:16,686 [INFO] utils.body_preserver: [BodyPreserver] Successfully merged: DOCTYPE preserved, body preserved, AI enrichment applied
2026-05-15 06:28:16,687 [INFO] layers.layer3_keywords_indexterms: L3 ✓ prolog about_mp3_wma.dita
2026-05-15 06:28:16,690 [INFO] pipeline.enrich_runner: [EnrichPipeline] Enriched 'About MP3/WMA' → type=concept, confidence=low
2026-05-15 06:28:16,704 [INFO] httpx: HTTP Request: POST https://api.anthropic.com/v1/messages "HTTP/1.1 401 Unauthorized"
2026-05-15 06:28:16,705 [ERROR] layers.layer123_enrichment: L123 ✗ error: Error code: 401 - {'type': 'error', 'error': {'type': 'authentication_error', 'message': 'invalid x-api-key'}, 'request_id': 'req_011Cb3t47Wgc1CD9v9BrkMiZ'}
2026-05-15 06:28:16,705 [WARNING] layers.layer123_enrichment: L123 ⊘ fallback 'a. Description of the Buttons (Basic Operation)'
2026-05-15 06:28:16,707 [INFO] utils.body_preserver: [BodyPreserver] Successfully merged: DOCTYPE preserved, body preserved, AI enrichment applied
2026-05-15 06:28:16,708 [INFO] layers.layer2_shortdesc_generator: L2 ✓ shortdesc a_description_of_the_buttons_basic_operation.dita
2026-05-15 06:28:16,710 [INFO] utils.body_preserver: [BodyPreserver] Successfully merged: DOCTYPE preserved, body preserved, AI enrichment applied
2026-05-15 06:28:16,711 [INFO] layers.layer3_keywords_indexterms: L3 ✓ prolog a_description_of_the_buttons_basic_operation.dita
2026-05-15 06:28:16,714 [INFO] pipeline.enrich_runner: [EnrichPipeline] Enriched 'a. Description of the Buttons (Basic Operation)' → type=task, confidence=low
2026-05-15 06:28:16,766 [INFO] httpx: HTTP Request: POST https://api.anthropic.com/v1/messages "HTTP/1.1 401 Unauthorized"
2026-05-15 06:28:16,767 [ERROR] layers.layer123_enrichment: L123 ✗ error: Error code: 401 - {'type': 'error', 'error': {'type': 'authentication_error', 'message': 'invalid x-api-key'}, 'request_id': 'req_011Cb3t48yF5fmuQvaDYKcTE'}
2026-05-15 06:28:16,767 [WARNING] layers.layer123_enrichment: L123 ⊘ fallback 'Adjusting volume directly'
2026-05-15 06:28:16,769 [INFO] utils.body_preserver: [BodyPreserver] Successfully merged: DOCTYPE preserved, body preserved, AI enrichment applied
2026-05-15 06:28:16,770 [INFO] layers.layer2_shortdesc_generator: L2 ✓ shortdesc adjusting_volume_directly.dita
2026-05-15 06:28:16,772 [INFO] utils.body_preserver: [BodyPreserver] Successfully merged: DOCTYPE preserved, body preserved, AI enrichment applied
2026-05-15 06:28:16,773 [INFO] layers.layer3_keywords_indexterms: L3 ✓ prolog adjusting_volume_directly.dita
2026-05-15 06:28:16,777 [INFO] pipeline.enrich_runner: [EnrichPipeline] Enriched 'Adjusting volume directly' → type=task, confidence=low
2026-05-15 06:28:16,920 [INFO] httpx: HTTP Request: POST https://api.anthropic.com/v1/messages "HTTP/1.1 401 Unauthorized"
2026-05-15 06:28:16,921 [ERROR] layers.layer123_enrichment: L123 ✗ error: Error code: 401 - {'type': 'error', 'error': {'type': 'authentication_error', 'message': 'invalid x-api-key'}, 'request_id': 'req_011Cb3t49bTAwo788zuGXZnr'}
2026-05-15 06:28:16,922 [WARNING] layers.layer123_enrichment: L123 ⊘ fallback 'Auto/Manual Change Switch'
2026-05-15 06:28:16,924 [INFO] utils.body_preserver: [BodyPreserver] Successfully merged: DOCTYPE preserved, body preserved, AI enrichment applied
2026-05-15 06:28:16,925 [INFO] layers.layer2_shortdesc_generator: L2 ✓ shortdesc auto_manual_change_switch.dita
2026-05-15 06:28:16,928 [INFO] utils.body_preserver: [BodyPreserver] Successfully merged: DOCTYPE preserved, body preserved, AI enrichment applied
2026-05-15 06:28:16,929 [INFO] layers.layer3_keywords_indexterms: L3 ✓ prolog auto_manual_change_switch.dita
2026-05-15 06:28:16,935 [INFO] pipeline.enrich_runner: [EnrichPipeline] Enriched 'Auto/Manual Change Switch' → type=concept, confidence=low
2026-05-15 06:28:16,995 [INFO] httpx: HTTP Request: POST https://api.anthropic.com/v1/messages "HTTP/1.1 401 Unauthorized"
2026-05-15 06:28:16,996 [ERROR] layers.layer123_enrichment: L123 ✗ error: Error code: 401 - {'type': 'error', 'error': {'type': 'authentication_error', 'message': 'invalid x-api-key'}, 'request_id': 'req_011Cb3t49i9Q77uP3PBdGGhK'}
2026-05-15 06:28:16,996 [WARNING] layers.layer123_enrichment: L123 ⊘ fallback 'Air Conditioner Controller'
2026-05-15 06:28:17,000 [INFO] layers.layer1_topic_classifier: L1 ✓ reference→concept air_conditioner_controller.dita
2026-05-15 06:28:17,000 [INFO] utils.body_preserver: [BodyPreserver] Successfully merged: DOCTYPE preserved, body preserved, AI enrichment applied
2026-05-15 06:28:17,001 [INFO] layers.layer2_shortdesc_generator: L2 ✓ shortdesc air_conditioner_controller.dita
2026-05-15 06:28:17,003 [INFO] utils.body_preserver: [BodyPreserver] Successfully merged: DOCTYPE preserved, body preserved, AI enrichment applied
2026-05-15 06:28:17,004 [INFO] layers.layer3_keywords_indexterms: L3 ✓ prolog air_conditioner_controller.dita
2026-05-15 06:28:17,008 [INFO] pipeline.enrich_runner: [EnrichPipeline] Enriched 'Air Conditioner Controller' → type=concept, confidence=low
2026-05-15 06:28:17,059 [INFO] httpx: HTTP Request: POST https://api.anthropic.com/v1/messages "HTTP/1.1 401 Unauthorized"
2026-05-15 06:28:17,061 [ERROR] layers.layer123_enrichment: L123 ✗ error: Error code: 401 - {'type': 'error', 'error': {'type': 'authentication_error', 'message': 'invalid x-api-key'}, 'request_id': 'req_011Cb3t4A8CQaLosar5aqBgk'}
2026-05-15 06:28:17,061 [WARNING] layers.layer123_enrichment: L123 ⊘ fallback 'b. Operation Method'
2026-05-15 06:28:17,063 [INFO] utils.body_preserver: [BodyPreserver] Successfully merged: DOCTYPE preserved, body preserved, AI enrichment applied
2026-05-15 06:28:17,064 [INFO] utils.body_preserver: [BodyPreserver] All substeps properly nested under step — validation PASSED
2026-05-15 06:28:17,064 [INFO] layers.layer2_shortdesc_generator: L2 ✓ shortdesc b_operation_method.dita
2026-05-15 06:28:17,066 [INFO] utils.body_preserver: [BodyPreserver] Successfully merged: DOCTYPE preserved, body preserved, AI enrichment applied
2026-05-15 06:28:17,067 [INFO] utils.body_preserver: [BodyPreserver] All substeps properly nested under step — validation PASSED
2026-05-15 06:28:17,067 [INFO] layers.layer3_keywords_indexterms: L3 ✓ prolog b_operation_method.dita
2026-05-15 06:28:17,072 [INFO] pipeline.enrich_runner: [EnrichPipeline] Enriched 'b. Operation Method' → type=task, confidence=low
2026-05-15 06:28:17,105 [INFO] httpx: HTTP Request: POST https://api.anthropic.com/v1/messages "HTTP/1.1 401 Unauthorized"
2026-05-15 06:28:17,106 [ERROR] layers.layer123_enrichment: L123 ✗ error: Error code: 401 - {'type': 'error', 'error': {'type': 'authentication_error', 'message': 'invalid x-api-key'}, 'request_id': 'req_011Cb3t4ARZ5zPbspziQi5Lh'}
2026-05-15 06:28:17,107 [WARNING] layers.layer123_enrichment: L123 ⊘ fallback 'b. Operation Method (Display Menu)'
2026-05-15 06:28:17,109 [INFO] layers.layer1_topic_classifier: L1 ✓ topic→reference b_operation_method_display_menu.dita
2026-05-15 06:28:17,110 [INFO] utils.body_preserver: [BodyPreserver] Successfully merged: DOCTYPE preserved, body preserved, AI enrichment applied
2026-05-15 06:28:17,110 [INFO] layers.layer2_shortdesc_generator: L2 ✓ shortdesc b_operation_method_display_menu.dita
2026-05-15 06:28:17,114 [INFO] utils.body_preserver: [BodyPreserver] Successfully merged: DOCTYPE preserved, body preserved, AI enrichment applied
2026-05-15 06:28:17,114 [INFO] layers.layer3_keywords_indexterms: L3 ✓ prolog b_operation_method_display_menu.dita
2026-05-15 06:28:17,119 [INFO] pipeline.enrich_runner: [EnrichPipeline] Enriched 'b. Operation Method (Display Menu)' → type=reference, confidence=low
2026-05-15 06:28:17,282 [INFO] httpx: HTTP Request: POST https://api.anthropic.com/v1/messages "HTTP/1.1 401 Unauthorized"
2026-05-15 06:28:17,283 [ERROR] layers.layer123_enrichment: L123 ✗ error: Error code: 401 - {'type': 'error', 'error': {'type': 'authentication_error', 'message': 'invalid x-api-key'}, 'request_id': 'req_011Cb3t4B5FcBbY8SZ3y9Bgk'}
2026-05-15 06:28:17,283 [WARNING] layers.layer123_enrichment: L123 ⊘ fallback 'B- Speed Meter'
2026-05-15 06:28:17,285 [INFO] utils.body_preserver: [BodyPreserver] Successfully merged: DOCTYPE preserved, body preserved, AI enrichment applied
2026-05-15 06:28:17,285 [INFO] layers.layer2_shortdesc_generator: L2 ✓ shortdesc b_speed_meter.dita
2026-05-15 06:28:17,287 [INFO] utils.body_preserver: [BodyPreserver] Successfully merged: DOCTYPE preserved, body preserved, AI enrichment applied
2026-05-15 06:28:17,288 [INFO] layers.layer3_keywords_indexterms: L3 ✓ prolog b_speed_meter.dita
2026-05-15 06:28:17,292 [INFO] pipeline.enrich_runner: [EnrichPipeline] Enriched 'B- Speed Meter' → type=topic, confidence=low
2026-05-15 06:28:17,335 [INFO] httpx: HTTP Request: POST https://api.anthropic.com/v1/messages "HTTP/1.1 401 Unauthorized"
2026-05-15 06:28:17,336 [ERROR] layers.layer123_enrichment: L123 ✗ error: Error code: 401 - {'type': 'error', 'error': {'type': 'authentication_error', 'message': 'invalid x-api-key'}, 'request_id': 'req_011Cb3t4BPMGZ3K8ktjEgqoA'}
2026-05-15 06:28:17,337 [WARNING] layers.layer123_enrichment: L123 ⊘ fallback 'Before MP3 [WMA] USB playback'
2026-05-15 06:28:17,339 [INFO] layers.layer1_topic_classifier: L1 ✓ concept→topic before_mp3_wma_usb_playback.dita
2026-05-15 06:28:17,340 [INFO] utils.body_preserver: [BodyPreserver] Successfully merged: DOCTYPE preserved, body preserved, AI enrichment applied
2026-05-15 06:28:17,340 [INFO] layers.layer2_shortdesc_generator: L2 ✓ shortdesc before_mp3_wma_usb_playback.dita
2026-05-15 06:28:17,344 [INFO] utils.body_preserver: [BodyPreserver] Successfully merged: DOCTYPE preserved, body preserved, AI enrichment applied
2026-05-15 06:28:17,344 [INFO] layers.layer3_keywords_indexterms: L3 ✓ prolog before_mp3_wma_usb_playback.dita
2026-05-15 06:28:17,351 [INFO] pipeline.enrich_runner: [EnrichPipeline] Enriched 'Before MP3 [WMA] USB playback' → type=topic, confidence=low
2026-05-15 06:28:17,400 [INFO] httpx: HTTP Request: POST https://api.anthropic.com/v1/messages "HTTP/1.1 401 Unauthorized"
2026-05-15 06:28:17,401 [ERROR] layers.layer123_enrichment: L123 ✗ error: Error code: 401 - {'type': 'error', 'error': {'type': 'authentication_error', 'message': 'invalid x-api-key'}, 'request_id': 'req_011Cb3t4BeyQV5uRk1zsdW1p'}
2026-05-15 06:28:17,401 [WARNING] layers.layer123_enrichment: L123 ⊘ fallback 'C-Engine Ignition Start Switch'
2026-05-15 06:28:17,403 [INFO] utils.body_preserver: [BodyPreserver] Successfully merged: DOCTYPE preserved, body preserved, AI enrichment applied
2026-05-15 06:28:17,404 [INFO] layers.layer2_shortdesc_generator: L2 ✓ shortdesc c_engine_ignition_start_switch.dita
2026-05-15 06:28:17,407 [INFO] utils.body_preserver: [BodyPreserver] Successfully merged: DOCTYPE preserved, body preserved, AI enrichment applied
2026-05-15 06:28:17,408 [INFO] layers.layer3_keywords_indexterms: L3 ✓ prolog c_engine_ignition_start_switch.dita
2026-05-15 06:28:17,413 [INFO] pipeline.enrich_runner: [EnrichPipeline] Enriched 'C-Engine Ignition Start Switch' → type=task, confidence=low
2026-05-15 06:28:17,456 [INFO] httpx: HTTP Request: POST https://api.anthropic.com/v1/messages "HTTP/1.1 401 Unauthorized"
2026-05-15 06:28:17,457 [ERROR] layers.layer123_enrichment: L123 ✗ error: Error code: 401 - {'type': 'error', 'error': {'type': 'authentication_error', 'message': 'invalid x-api-key'}, 'request_id': 'req_011Cb3t4BvMEqbtfCnr9PN7A'}
2026-05-15 06:28:17,458 [WARNING] layers.layer123_enrichment: L123 ⊘ fallback 'c. Operation Method (Setup Menu)'
2026-05-15 06:28:17,462 [INFO] utils.body_preserver: [BodyPreserver] Successfully merged: DOCTYPE preserved, body preserved, AI enrichment applied
2026-05-15 06:28:17,463 [INFO] layers.layer2_shortdesc_generator: L2 ✓ shortdesc c_operation_method_setup_menu.dita
2026-05-15 06:28:17,467 [INFO] utils.body_preserver: [BodyPreserver] Successfully merged: DOCTYPE preserved, body preserved, AI enrichment applied
2026-05-15 06:28:17,468 [INFO] layers.layer3_keywords_indexterms: L3 ✓ prolog c_operation_method_setup_menu.dita
2026-05-15 06:28:17,478 [INFO] pipeline.enrich_runner: [EnrichPipeline] Enriched 'c. Operation Method (Setup Menu)' → type=task, confidence=low
2026-05-15 06:28:17,534 [INFO] httpx: HTTP Request: POST https://api.anthropic.com/v1/messages "HTTP/1.1 401 Unauthorized"
2026-05-15 06:28:17,535 [ERROR] layers.layer123_enrichment: L123 ✗ error: Error code: 401 - {'type': 'error', 'error': {'type': 'authentication_error', 'message': 'invalid x-api-key'}, 'request_id': 'req_011Cb3t4CAUmrzfTXUf9DxZJ'}
2026-05-15 06:28:17,535 [WARNING] layers.layer123_enrichment: L123 ⊘ fallback 'Auxiliary operation lever (option)'
2026-05-15 06:28:17,537 [INFO] layers.layer1_topic_classifier: L1 ✓ concept→topic auxiliary_operation_lever_option.dita
2026-05-15 06:28:17,537 [INFO] utils.body_preserver: [BodyPreserver] Successfully merged: DOCTYPE preserved, body preserved, AI enrichment applied
2026-05-15 06:28:17,538 [INFO] layers.layer2_shortdesc_generator: L2 ✓ shortdesc auxiliary_operation_lever_option.dita
2026-05-15 06:28:17,540 [INFO] utils.body_preserver: [BodyPreserver] Successfully merged: DOCTYPE preserved, body preserved, AI enrichment applied
2026-05-15 06:28:17,541 [INFO] layers.layer3_keywords_indexterms: L3 ✓ prolog auxiliary_operation_lever_option.dita
2026-05-15 06:28:17,545 [INFO] pipeline.enrich_runner: [EnrichPipeline] Enriched 'Auxiliary operation lever (option)' → type=topic, confidence=low
2026-05-15 06:28:17,635 [INFO] httpx: HTTP Request: POST https://api.anthropic.com/v1/messages "HTTP/1.1 401 Unauthorized"
2026-05-15 06:28:17,637 [ERROR] layers.layer123_enrichment: L123 ✗ error: Error code: 401 - {'type': 'error', 'error': {'type': 'authentication_error', 'message': 'invalid x-api-key'}, 'request_id': 'req_011Cb3t4Cbn9mc7wL8x2Q4R1'}
2026-05-15 06:28:17,637 [WARNING] layers.layer123_enrichment: L123 ⊘ fallback 'Calling via Handsfree (lf Equipped)'
2026-05-15 06:28:17,640 [INFO] layers.layer1_topic_classifier: L1 ✓ task→concept calling_via_handsfree_lf_equipped.dita
2026-05-15 06:28:17,640 [INFO] utils.body_preserver: [BodyPreserver] Successfully merged: DOCTYPE preserved, body preserved, AI enrichment applied
2026-05-15 06:28:17,641 [INFO] layers.layer2_shortdesc_generator: L2 ✓ shortdesc calling_via_handsfree_lf_equipped.dita
2026-05-15 06:28:17,643 [INFO] utils.body_preserver: [BodyPreserver] Successfully merged: DOCTYPE preserved, body preserved, AI enrichment applied
2026-05-15 06:28:17,644 [INFO] layers.layer3_keywords_indexterms: L3 ✓ prolog calling_via_handsfree_lf_equipped.dita
2026-05-15 06:28:17,648 [INFO] pipeline.enrich_runner: [EnrichPipeline] Enriched 'Calling via Handsfree (lf Equipped)' → type=concept, confidence=low
2026-05-15 06:28:17,742 [INFO] httpx: HTTP Request: POST https://api.anthropic.com/v1/messages "HTTP/1.1 401 Unauthorized"
2026-05-15 06:28:17,744 [ERROR] layers.layer123_enrichment: L123 ✗ error: Error code: 401 - {'type': 'error', 'error': {'type': 'authentication_error', 'message': 'invalid x-api-key'}, 'request_id': 'req_011Cb3t4D82s8Ea2ZacAgQ4Z'}
2026-05-15 06:28:17,744 [WARNING] layers.layer123_enrichment: L123 ⊘ fallback 'Cigar jack'
2026-05-15 06:28:17,746 [INFO] layers.layer1_topic_classifier: L1 ✓ concept→topic cigar_jack.dita
2026-05-15 06:28:17,746 [INFO] utils.body_preserver: [BodyPreserver] Successfully merged: DOCTYPE preserved, body preserved, AI enrichment applied
2026-05-15 06:28:17,747 [INFO] layers.layer2_shortdesc_generator: L2 ✓ shortdesc cigar_jack.dita
2026-05-15 06:28:17,750 [INFO] utils.body_preserver: [BodyPreserver] Successfully merged: DOCTYPE preserved, body preserved, AI enrichment applied
2026-05-15 06:28:17,751 [INFO] layers.layer3_keywords_indexterms: L3 ✓ prolog cigar_jack.dita
2026-05-15 06:28:17,758 [INFO] pipeline.enrich_runner: [EnrichPipeline] Enriched 'Cigar jack' → type=topic, confidence=low
2026-05-15 06:28:17,822 [INFO] httpx: HTTP Request: POST https://api.anthropic.com/v1/messages "HTTP/1.1 401 Unauthorized"
2026-05-15 06:28:17,824 [ERROR] layers.layer123_enrichment: L123 ✗ error: Error code: 401 - {'type': 'error', 'error': {'type': 'authentication_error', 'message': 'invalid x-api-key'}, 'request_id': 'req_011Cb3t4DUrndHSNHeXPZttJ'}
2026-05-15 06:28:17,824 [WARNING] layers.layer123_enrichment: L123 ⊘ fallback 'Controlling the playback'
2026-05-15 06:28:17,827 [INFO] layers.layer1_topic_classifier: L1 ✓ task→concept controlling_the_playback.dita
2026-05-15 06:28:17,827 [INFO] utils.body_preserver: [BodyPreserver] Successfully merged: DOCTYPE preserved, body preserved, AI enrichment applied
2026-05-15 06:28:17,828 [INFO] layers.layer2_shortdesc_generator: L2 ✓ shortdesc controlling_the_playback.dita
2026-05-15 06:28:17,832 [INFO] utils.body_preserver: [BodyPreserver] Successfully merged: DOCTYPE preserved, body preserved, AI enrichment applied
2026-05-15 06:28:17,832 [INFO] layers.layer3_keywords_indexterms: L3 ✓ prolog controlling_the_playback.dita
2026-05-15 06:28:17,837 [INFO] pipeline.enrich_runner: [EnrichPipeline] Enriched 'Controlling the playback' → type=concept, confidence=low
2026-05-15 06:28:17,838 [INFO] httpx: HTTP Request: POST https://api.anthropic.com/v1/messages "HTTP/1.1 401 Unauthorized"
2026-05-15 06:28:17,840 [ERROR] layers.layer123_enrichment: L123 ✗ error: Error code: 401 - {'type': 'error', 'error': {'type': 'authentication_error', 'message': 'invalid x-api-key'}, 'request_id': 'req_011Cb3t4D6Hs2SBSwpPxdYA9'}
2026-05-15 06:28:17,840 [WARNING] layers.layer123_enrichment: L123 ⊘ fallback 'Change the playback mode'
2026-05-15 06:28:17,842 [INFO] utils.body_preserver: [BodyPreserver] Successfully merged: DOCTYPE preserved, body preserved, AI enrichment applied
2026-05-15 06:28:17,843 [INFO] layers.layer2_shortdesc_generator: L2 ✓ shortdesc change_the_playback_mode.dita
2026-05-15 06:28:17,845 [INFO] utils.body_preserver: [BodyPreserver] Successfully merged: DOCTYPE preserved, body preserved, AI enrichment applied
2026-05-15 06:28:17,846 [INFO] layers.layer3_keywords_indexterms: L3 ✓ prolog change_the_playback_mode.dita
2026-05-15 06:28:17,852 [INFO] pipeline.enrich_runner: [EnrichPipeline] Enriched 'Change the playback mode' → type=task, confidence=low
2026-05-15 06:28:17,880 [INFO] httpx: HTTP Request: POST https://api.anthropic.com/v1/messages "HTTP/1.1 401 Unauthorized"
2026-05-15 06:28:17,882 [ERROR] layers.layer123_enrichment: L123 ✗ error: Error code: 401 - {'type': 'error', 'error': {'type': 'authentication_error', 'message': 'invalid x-api-key'}, 'request_id': 'req_011Cb3t4Di1Eq4UCB6JiSiQe'}
2026-05-15 06:28:17,882 [WARNING] layers.layer123_enrichment: L123 ⊘ fallback 'D-Console Tilt Angle Control Lever'
2026-05-15 06:28:17,884 [INFO] layers.layer1_topic_classifier: L1 ✓ topic→concept d_console_tilt_angle_control_lever.dita
2026-05-15 06:28:17,884 [INFO] utils.body_preserver: [BodyPreserver] Successfully merged: DOCTYPE preserved, body preserved, AI enrichment applied
2026-05-15 06:28:17,884 [INFO] layers.layer2_shortdesc_generator: L2 ✓ shortdesc d_console_tilt_angle_control_lever.dita
2026-05-15 06:28:17,887 [INFO] utils.body_preserver: [BodyPreserver] Successfully merged: DOCTYPE preserved, body preserved, AI enrichment applied
2026-05-15 06:28:17,887 [INFO] layers.layer3_keywords_indexterms: L3 ✓ prolog d_console_tilt_angle_control_lever.dita
2026-05-15 06:28:17,892 [INFO] pipeline.enrich_runner: [EnrichPipeline] Enriched 'D-Console Tilt Angle Control Lever' → type=concept, confidence=low
2026-05-15 06:28:17,979 [INFO] httpx: HTTP Request: POST https://api.anthropic.com/v1/messages "HTTP/1.1 401 Unauthorized"
2026-05-15 06:28:17,980 [ERROR] layers.layer123_enrichment: L123 ✗ error: Error code: 401 - {'type': 'error', 'error': {'type': 'authentication_error', 'message': 'invalid x-api-key'}, 'request_id': 'req_011Cb3t4E7JtTKVDRF3yV5sp'}
2026-05-15 06:28:17,981 [WARNING] layers.layer123_enrichment: L123 ⊘ fallback 'Display window'
2026-05-15 06:28:17,984 [INFO] layers.layer1_topic_classifier: L1 ✓ task→concept display_window.dita
2026-05-15 06:28:17,984 [INFO] utils.body_preserver: [BodyPreserver] Successfully merged: DOCTYPE preserved, body preserved, AI enrichment applied
2026-05-15 06:28:17,985 [INFO] layers.layer2_shortdesc_generator: L2 ✓ shortdesc display_window.dita
2026-05-15 06:28:17,988 [INFO] utils.body_preserver: [BodyPreserver] Successfully merged: DOCTYPE preserved, body preserved, AI enrichment applied
2026-05-15 06:28:17,989 [INFO] layers.layer3_keywords_indexterms: L3 ✓ prolog display_window.dita
2026-05-15 06:28:17,996 [INFO] pipeline.enrich_runner: [EnrichPipeline] Enriched 'Display window' → type=concept, confidence=low
2026-05-15 06:28:18,097 [INFO] httpx: HTTP Request: POST https://api.anthropic.com/v1/messages "HTTP/1.1 401 Unauthorized"
2026-05-15 06:28:18,098 [ERROR] layers.layer123_enrichment: L123 ✗ error: Error code: 401 - {'type': 'error', 'error': {'type': 'authentication_error', 'message': 'invalid x-api-key'}, 'request_id': 'req_011Cb3t4EaqXNNQerXJS3MqZ'}
2026-05-15 06:28:18,098 [WARNING] layers.layer123_enrichment: L123 ⊘ fallback 'E-Console Up/Down Control Lever (if installed)'
2026-05-15 06:28:18,100 [INFO] utils.body_preserver: [BodyPreserver] Successfully merged: DOCTYPE preserved, body preserved, AI enrichment applied
2026-05-15 06:28:18,100 [INFO] layers.layer2_shortdesc_generator: L2 ✓ shortdesc e_console_up_down_control_lever_if_installed.dita
2026-05-15 06:28:18,103 [INFO] utils.body_preserver: [BodyPreserver] Successfully merged: DOCTYPE preserved, body preserved, AI enrichment applied
2026-05-15 06:28:18,103 [INFO] layers.layer3_keywords_indexterms: L3 ✓ prolog e_console_up_down_control_lever_if_installed.dita
2026-05-15 06:28:18,107 [INFO] pipeline.enrich_runner: [EnrichPipeline] Enriched 'E-Console Up/Down Control Lever (if installed)' → type=task, confidence=low
2026-05-15 06:28:18,173 [INFO] httpx: HTTP Request: POST https://api.anthropic.com/v1/messages "HTTP/1.1 401 Unauthorized"
2026-05-15 06:28:18,174 [ERROR] layers.layer123_enrichment: L123 ✗ error: Error code: 401 - {'type': 'error', 'error': {'type': 'authentication_error', 'message': 'invalid x-api-key'}, 'request_id': 'req_011Cb3t4EzeNMfzeD7HpxTAP'}
2026-05-15 06:28:18,175 [WARNING] layers.layer123_enrichment: L123 ⊘ fallback 'Emergency lamp switch'
2026-05-15 06:28:18,177 [INFO] layers.layer1_topic_classifier: L1 ✓ concept→topic emergency_lamp_switch.dita
2026-05-15 06:28:18,177 [INFO] utils.body_preserver: [BodyPreserver] Successfully merged: DOCTYPE preserved, body preserved, AI enrichment applied
2026-05-15 06:28:18,177 [INFO] layers.layer2_shortdesc_generator: L2 ✓ shortdesc emergency_lamp_switch.dita
2026-05-15 06:28:18,180 [INFO] utils.body_preserver: [BodyPreserver] Successfully merged: DOCTYPE preserved, body preserved, AI enrichment applied
2026-05-15 06:28:18,180 [INFO] layers.layer3_keywords_indexterms: L3 ✓ prolog emergency_lamp_switch.dita
2026-05-15 06:28:18,184 [INFO] pipeline.enrich_runner: [EnrichPipeline] Enriched 'Emergency lamp switch' → type=topic, confidence=low
2026-05-15 06:28:18,232 [INFO] httpx: HTTP Request: POST https://api.anthropic.com/v1/messages "HTTP/1.1 401 Unauthorized"
2026-05-15 06:28:18,234 [ERROR] layers.layer123_enrichment: L123 ✗ error: Error code: 401 - {'type': 'error', 'error': {'type': 'authentication_error', 'message': 'invalid x-api-key'}, 'request_id': 'req_011Cb3t4FD3KbEN8xhb5ScFB'}
2026-05-15 06:28:18,234 [WARNING] layers.layer123_enrichment: L123 ⊘ fallback 'Engine Diagnostic Switch'
2026-05-15 06:28:18,237 [INFO] layers.layer1_topic_classifier: L1 ✓ concept→reference engine_diagnostic_switch.dita
2026-05-15 06:28:18,237 [INFO] utils.body_preserver: [BodyPreserver] Successfully merged: DOCTYPE preserved, body preserved, AI enrichment applied
2026-05-15 06:28:18,237 [INFO] layers.layer2_shortdesc_generator: L2 ✓ shortdesc engine_diagnostic_switch.dita
2026-05-15 06:28:18,240 [INFO] utils.body_preserver: [BodyPreserver] Successfully merged: DOCTYPE preserved, body preserved, AI enrichment applied
2026-05-15 06:28:18,240 [INFO] layers.layer3_keywords_indexterms: L3 ✓ prolog engine_diagnostic_switch.dita
2026-05-15 06:28:18,245 [INFO] pipeline.enrich_runner: [EnrichPipeline] Enriched 'Engine Diagnostic Switch' → type=reference, confidence=low
2026-05-15 06:28:18,282 [INFO] httpx: HTTP Request: POST https://api.anthropic.com/v1/messages "HTTP/1.1 401 Unauthorized"
2026-05-15 06:28:18,283 [ERROR] layers.layer123_enrichment: L123 ✗ error: Error code: 401 - {'type': 'error', 'error': {'type': 'authentication_error', 'message': 'invalid x-api-key'}, 'request_id': 'req_011Cb3t4F2NihoWtbzAMqiEX'}
2026-05-15 06:28:18,284 [WARNING] layers.layer123_enrichment: L123 ⊘ fallback 'Economic(Fuel saving) switch'
2026-05-15 06:28:18,286 [INFO] layers.layer1_topic_classifier: L1 ✓ topic→concept economic_fuel_saving_switch.dita
2026-05-15 06:28:18,287 [INFO] utils.body_preserver: [BodyPreserver] Successfully merged: DOCTYPE preserved, body preserved, AI enrichment applied
2026-05-15 06:28:18,287 [INFO] layers.layer2_shortdesc_generator: L2 ✓ shortdesc economic_fuel_saving_switch.dita
2026-05-15 06:28:18,291 [INFO] utils.body_preserver: [BodyPreserver] Successfully merged: DOCTYPE preserved, body preserved, AI enrichment applied
2026-05-15 06:28:18,291 [INFO] layers.layer3_keywords_indexterms: L3 ✓ prolog economic_fuel_saving_switch.dita
2026-05-15 06:28:18,297 [INFO] pipeline.enrich_runner: [EnrichPipeline] Enriched 'Economic(Fuel saving) switch' → type=concept, confidence=low
2026-05-15 06:28:18,339 [INFO] httpx: HTTP Request: POST https://api.anthropic.com/v1/messages "HTTP/1.1 401 Unauthorized"
2026-05-15 06:28:18,340 [ERROR] layers.layer123_enrichment: L123 ✗ error: Error code: 401 - {'type': 'error', 'error': {'type': 'authentication_error', 'message': 'invalid x-api-key'}, 'request_id': 'req_011Cb3t4FcbfeHfCodktGwJB'}
2026-05-15 06:28:18,341 [WARNING] layers.layer123_enrichment: L123 ⊘ fallback 'Engine stop switch'
2026-05-15 06:28:18,343 [INFO] utils.body_preserver: [BodyPreserver] Successfully merged: DOCTYPE preserved, body preserved, AI enrichment applied
2026-05-15 06:28:18,344 [INFO] layers.layer2_shortdesc_generator: L2 ✓ shortdesc engine_stop_switch.dita
2026-05-15 06:28:18,347 [INFO] utils.body_preserver: [BodyPreserver] Successfully merged: DOCTYPE preserved, body preserved, AI enrichment applied
2026-05-15 06:28:18,348 [INFO] layers.layer3_keywords_indexterms: L3 ✓ prolog engine_stop_switch.dita
2026-05-15 06:28:18,354 [INFO] pipeline.enrich_runner: [EnrichPipeline] Enriched 'Engine stop switch' → type=task, confidence=low
2026-05-15 06:28:18,449 [INFO] httpx: HTTP Request: POST https://api.anthropic.com/v1/messages "HTTP/1.1 401 Unauthorized"
2026-05-15 06:28:18,451 [ERROR] layers.layer123_enrichment: L123 ✗ error: Error code: 401 - {'type': 'error', 'error': {'type': 'authentication_error', 'message': 'invalid x-api-key'}, 'request_id': 'req_011Cb3t4G5siUwLYiwpdGqXZ'}
2026-05-15 06:28:18,451 [WARNING] layers.layer123_enrichment: L123 ⊘ fallback 'Handling precautions for USB device'
2026-05-15 06:28:18,454 [INFO] utils.body_preserver: [BodyPreserver] Successfully merged: DOCTYPE preserved, body preserved, AI enrichment applied
2026-05-15 06:28:18,454 [INFO] layers.layer2_shortdesc_generator: L2 ✓ shortdesc handling_precautions_for_usb_device.dita
2026-05-15 06:28:18,458 [INFO] utils.body_preserver: [BodyPreserver] Successfully merged: DOCTYPE preserved, body preserved, AI enrichment applied
2026-05-15 06:28:18,459 [INFO] layers.layer3_keywords_indexterms: L3 ✓ prolog handling_precautions_for_usb_device.dita
2026-05-15 06:28:18,467 [INFO] pipeline.enrich_runner: [EnrichPipeline] Enriched 'Handling precautions for USB device' → type=concept, confidence=low
2026-05-15 06:28:18,514 [INFO] httpx: HTTP Request: POST https://api.anthropic.com/v1/messages "HTTP/1.1 401 Unauthorized"
2026-05-15 06:28:18,515 [ERROR] layers.layer123_enrichment: L123 ✗ error: Error code: 401 - {'type': 'error', 'error': {'type': 'authentication_error', 'message': 'invalid x-api-key'}, 'request_id': 'req_011Cb3t4GRTqb79sY1zeRC3y'}
2026-05-15 06:28:18,515 [WARNING] layers.layer123_enrichment: L123 ⊘ fallback 'HEATER FLOW CONTROL VALVE'
2026-05-15 06:28:18,517 [INFO] utils.body_preserver: [BodyPreserver] Successfully merged: DOCTYPE preserved, body preserved, AI enrichment applied
2026-05-15 06:28:18,517 [INFO] layers.layer2_shortdesc_generator: L2 ✓ shortdesc heater_flow_control_valve.dita
2026-05-15 06:28:18,520 [INFO] utils.body_preserver: [BodyPreserver] Successfully merged: DOCTYPE preserved, body preserved, AI enrichment applied
2026-05-15 06:28:18,520 [INFO] layers.layer3_keywords_indexterms: L3 ✓ prolog heater_flow_control_valve.dita
2026-05-15 06:28:18,525 [INFO] pipeline.enrich_runner: [EnrichPipeline] Enriched 'HEATER FLOW CONTROL VALVE' → type=topic, confidence=low
2026-05-15 06:28:18,658 [INFO] httpx: HTTP Request: POST https://api.anthropic.com/v1/messages "HTTP/1.1 401 Unauthorized"
2026-05-15 06:28:18,660 [ERROR] layers.layer123_enrichment: L123 ✗ error: Error code: 401 - {'type': 'error', 'error': {'type': 'authentication_error', 'message': 'invalid x-api-key'}, 'request_id': 'req_011Cb3t4GtzGACUTmw8GYNQs'}
2026-05-15 06:28:18,660 [WARNING] layers.layer123_enrichment: L123 ⊘ fallback 'Left fork operation lever'
2026-05-15 06:28:18,662 [INFO] utils.body_preserver: [BodyPreserver] Successfully merged: DOCTYPE preserved, body preserved, AI enrichment applied
2026-05-15 06:28:18,662 [INFO] layers.layer2_shortdesc_generator: L2 ✓ shortdesc left_fork_operation_lever.dita
2026-05-15 06:28:18,664 [INFO] utils.body_preserver: [BodyPreserver] Successfully merged: DOCTYPE preserved, body preserved, AI enrichment applied
2026-05-15 06:28:18,665 [INFO] layers.layer3_keywords_indexterms: L3 ✓ prolog left_fork_operation_lever.dita
2026-05-15 06:28:18,669 [INFO] pipeline.enrich_runner: [EnrichPipeline] Enriched 'Left fork operation lever' → type=concept, confidence=low
2026-05-15 06:28:18,689 [INFO] httpx: HTTP Request: POST https://api.anthropic.com/v1/messages "HTTP/1.1 401 Unauthorized"
2026-05-15 06:28:18,690 [ERROR] layers.layer123_enrichment: L123 ✗ error: Error code: 401 - {'type': 'error', 'error': {'type': 'authentication_error', 'message': 'invalid x-api-key'}, 'request_id': 'req_011Cb3t4H1wFaQxewtDJj4HF'}
2026-05-15 06:28:18,690 [WARNING] layers.layer123_enrichment: L123 ⊘ fallback 'IDLE select switch'
2026-05-15 06:28:18,693 [INFO] layers.layer1_topic_classifier: L1 ✓ task→reference idle_select_switch.dita
2026-05-15 06:28:18,693 [INFO] utils.body_preserver: [BodyPreserver] Successfully merged: DOCTYPE preserved, body preserved, AI enrichment applied
2026-05-15 06:28:18,693 [INFO] layers.layer2_shortdesc_generator: L2 ✓ shortdesc idle_select_switch.dita
2026-05-15 06:28:18,696 [INFO] utils.body_preserver: [BodyPreserver] Successfully merged: DOCTYPE preserved, body preserved, AI enrichment applied
2026-05-15 06:28:18,696 [INFO] layers.layer3_keywords_indexterms: L3 ✓ prolog idle_select_switch.dita
2026-05-15 06:28:18,701 [INFO] pipeline.enrich_runner: [EnrichPipeline] Enriched 'IDLE select switch' → type=reference, confidence=low
2026-05-15 06:28:18,797 [INFO] httpx: HTTP Request: POST https://api.anthropic.com/v1/messages "HTTP/1.1 401 Unauthorized"
2026-05-15 06:28:18,798 [ERROR] layers.layer123_enrichment: L123 ✗ error: Error code: 401 - {'type': 'error', 'error': {'type': 'authentication_error', 'message': 'invalid x-api-key'}, 'request_id': 'req_011Cb3t4HcuBarfxhLFK5ukD'}
2026-05-15 06:28:18,798 [WARNING] layers.layer123_enrichment: L123 ⊘ fallback 'Listening to a preset station'
2026-05-15 06:28:18,800 [INFO] utils.body_preserver: [BodyPreserver] Successfully merged: DOCTYPE preserved, body preserved, AI enrichment applied
2026-05-15 06:28:18,800 [INFO] layers.layer2_shortdesc_generator: L2 ✓ shortdesc listening_to_a_preset_station.dita
2026-05-15 06:28:18,803 [INFO] utils.body_preserver: [BodyPreserver] Successfully merged: DOCTYPE preserved, body preserved, AI enrichment applied
2026-05-15 06:28:18,803 [INFO] layers.layer3_keywords_indexterms: L3 ✓ prolog listening_to_a_preset_station.dita
2026-05-15 06:28:18,808 [INFO] pipeline.enrich_runner: [EnrichPipeline] Enriched 'Listening to a preset station' → type=task, confidence=low
2026-05-15 06:28:18,821 [INFO] httpx: HTTP Request: POST https://api.anthropic.com/v1/messages "HTTP/1.1 401 Unauthorized"
2026-05-15 06:28:18,823 [ERROR] layers.layer123_enrichment: L123 ✗ error: Error code: 401 - {'type': 'error', 'error': {'type': 'authentication_error', 'message': 'invalid x-api-key'}, 'request_id': 'req_011Cb3t4H8soXWFpQQBdEiyX'}
2026-05-15 06:28:18,823 [WARNING] layers.layer123_enrichment: L123 ⊘ fallback 'Lift Lever'
2026-05-15 06:28:18,825 [INFO] utils.body_preserver: [BodyPreserver] Successfully merged: DOCTYPE preserved, body preserved, AI enrichment applied
2026-05-15 06:28:18,826 [INFO] layers.layer2_shortdesc_generator: L2 ✓ shortdesc lift_lever.dita
2026-05-15 06:28:18,829 [INFO] utils.body_preserver: [BodyPreserver] Successfully merged: DOCTYPE preserved, body preserved, AI enrichment applied
2026-05-15 06:28:18,829 [INFO] layers.layer3_keywords_indexterms: L3 ✓ prolog lift_lever.dita
2026-05-15 06:28:18,836 [INFO] pipeline.enrich_runner: [EnrichPipeline] Enriched 'Lift Lever' → type=concept, confidence=low
2026-05-15 06:28:18,947 [INFO] httpx: HTTP Request: POST https://api.anthropic.com/v1/messages "HTTP/1.1 401 Unauthorized"
2026-05-15 06:28:18,949 [ERROR] layers.layer123_enrichment: L123 ✗ error: Error code: 401 - {'type': 'error', 'error': {'type': 'authentication_error', 'message': 'invalid x-api-key'}, 'request_id': 'req_011Cb3t4Hvkqp4YQynYGF7aD'}
2026-05-15 06:28:18,949 [WARNING] layers.layer123_enrichment: L123 ⊘ fallback 'Listening to auxiliary audio equipment'
2026-05-15 06:28:18,952 [INFO] utils.body_preserver: [BodyPreserver] Successfully merged: DOCTYPE preserved, body preserved, AI enrichment applied
2026-05-15 06:28:18,952 [INFO] layers.layer2_shortdesc_generator: L2 ✓ shortdesc listening_to_auxiliary_audio_equipment.dita
2026-05-15 06:28:18,956 [INFO] utils.body_preserver: [BodyPreserver] Successfully merged: DOCTYPE preserved, body preserved, AI enrichment applied
2026-05-15 06:28:18,956 [INFO] layers.layer3_keywords_indexterms: L3 ✓ prolog listening_to_auxiliary_audio_equipment.dita
2026-05-15 06:28:18,965 [INFO] pipeline.enrich_runner: [EnrichPipeline] Enriched 'Listening to auxiliary audio equipment' → type=task, confidence=low
2026-05-15 06:28:18,992 [INFO] httpx: HTTP Request: POST https://api.anthropic.com/v1/messages "HTTP/1.1 401 Unauthorized"
2026-05-15 06:28:18,993 [ERROR] layers.layer123_enrichment: L123 ✗ error: Error code: 401 - {'type': 'error', 'error': {'type': 'authentication_error', 'message': 'invalid x-api-key'}, 'request_id': 'req_011Cb3t4JUjnSTc6eZfg8Jy6'}
2026-05-15 06:28:18,993 [WARNING] layers.layer123_enrichment: L123 ⊘ fallback 'Listening to DMB sound (lf Equipped)'
2026-05-15 06:28:18,996 [INFO] layers.layer1_topic_classifier: L1 ✓ task→concept listening_to_dmb_sound_lf_equipped.dita
2026-05-15 06:28:18,997 [INFO] utils.body_preserver: [BodyPreserver] Successfully merged: DOCTYPE preserved, body preserved, AI enrichment applied
2026-05-15 06:28:18,997 [INFO] layers.layer2_shortdesc_generator: L2 ✓ shortdesc listening_to_dmb_sound_lf_equipped.dita
2026-05-15 06:28:19,001 [INFO] utils.body_preserver: [BodyPreserver] Successfully merged: DOCTYPE preserved, body preserved, AI enrichment applied
2026-05-15 06:28:19,003 [INFO] layers.layer3_keywords_indexterms: L3 ✓ prolog listening_to_dmb_sound_lf_equipped.dita
2026-05-15 06:28:19,011 [INFO] pipeline.enrich_runner: [EnrichPipeline] Enriched 'Listening to DMB sound (lf Equipped)' → type=concept, confidence=low
2026-05-15 06:28:19,150 [INFO] httpx: HTTP Request: POST https://api.anthropic.com/v1/messages "HTTP/1.1 401 Unauthorized"
2026-05-15 06:28:19,152 [ERROR] layers.layer123_enrichment: L123 ✗ error: Error code: 401 - {'type': 'error', 'error': {'type': 'authentication_error', 'message': 'invalid x-api-key'}, 'request_id': 'req_011Cb3t4K4xex1kMofkUUCtx'}
2026-05-15 06:28:19,152 [WARNING] layers.layer123_enrichment: L123 ⊘ fallback 'Operator’s Station and Monitoring Systems'
2026-05-15 06:28:19,154 [INFO] utils.body_preserver: [BodyPreserver] Successfully merged: DOCTYPE preserved, body preserved, AI enrichment applied
2026-05-15 06:28:19,155 [INFO] layers.layer2_shortdesc_generator: L2 ✓ shortdesc operator_s_station_and_monitoring_systems.dita
2026-05-15 06:28:19,158 [INFO] utils.body_preserver: [BodyPreserver] Successfully merged: DOCTYPE preserved, body preserved, AI enrichment applied
2026-05-15 06:28:19,159 [INFO] layers.layer3_keywords_indexterms: L3 ✓ prolog operator_s_station_and_monitoring_systems.dita
2026-05-15 06:28:19,165 [INFO] pipeline.enrich_runner: [EnrichPipeline] Enriched 'Operator’s Station and Monitoring Systems' → type=topic, confidence=low
2026-05-15 06:28:19,167 [INFO] httpx: HTTP Request: POST https://api.anthropic.com/v1/messages "HTTP/1.1 401 Unauthorized"
2026-05-15 06:28:19,168 [ERROR] layers.layer123_enrichment: L123 ✗ error: Error code: 401 - {'type': 'error', 'error': {'type': 'authentication_error', 'message': 'invalid x-api-key'}, 'request_id': 'req_011Cb3t4JdB8EzvwDgntbqus'}
2026-05-15 06:28:19,168 [WARNING] layers.layer123_enrichment: L123 ⊘ fallback 'Location of controls'
2026-05-15 06:28:19,171 [INFO] utils.body_preserver: [BodyPreserver] Successfully merged: DOCTYPE preserved, body preserved, AI enrichment applied
2026-05-15 06:28:19,171 [INFO] layers.layer2_shortdesc_generator: L2 ✓ shortdesc location_of_controls.dita
2026-05-15 06:28:19,173 [INFO] utils.body_preserver: [BodyPreserver] Successfully merged: DOCTYPE preserved, body preserved, AI enrichment applied
2026-05-15 06:28:19,174 [INFO] layers.layer3_keywords_indexterms: L3 ✓ prolog location_of_controls.dita
2026-05-15 06:28:19,179 [INFO] pipeline.enrich_runner: [EnrichPipeline] Enriched 'Location of controls' → type=task, confidence=low
2026-05-15 06:28:19,183 [INFO] httpx: HTTP Request: POST https://api.anthropic.com/v1/messages "HTTP/1.1 401 Unauthorized"
2026-05-15 06:28:19,184 [ERROR] layers.layer123_enrichment: L123 ✗ error: Error code: 401 - {'type': 'error', 'error': {'type': 'authentication_error', 'message': 'invalid x-api-key'}, 'request_id': 'req_011Cb3t4KCtxNfZ7LjvvU8pN'}
2026-05-15 06:28:19,184 [WARNING] layers.layer123_enrichment: L123 ⊘ fallback 'Parking Brake Switch'
2026-05-15 06:28:19,186 [INFO] layers.layer1_topic_classifier: L1 ✓ task→concept parking_brake_switch.dita
2026-05-15 06:28:19,187 [INFO] utils.body_preserver: [BodyPreserver] Successfully merged: DOCTYPE preserved, body preserved, AI enrichment applied
2026-05-15 06:28:19,187 [INFO] layers.layer2_shortdesc_generator: L2 ✓ shortdesc parking_brake_switch.dita
2026-05-15 06:28:19,190 [INFO] utils.body_preserver: [BodyPreserver] Successfully merged: DOCTYPE preserved, body preserved, AI enrichment applied
2026-05-15 06:28:19,190 [INFO] layers.layer3_keywords_indexterms: L3 ✓ prolog parking_brake_switch.dita
2026-05-15 06:28:19,195 [INFO] pipeline.enrich_runner: [EnrichPipeline] Enriched 'Parking Brake Switch' → type=concept, confidence=low
2026-05-15 06:28:19,293 [INFO] httpx: HTTP Request: POST https://api.anthropic.com/v1/messages "HTTP/1.1 401 Unauthorized"
2026-05-15 06:28:19,295 [ERROR] layers.layer123_enrichment: L123 ✗ error: Error code: 401 - {'type': 'error', 'error': {'type': 'authentication_error', 'message': 'invalid x-api-key'}, 'request_id': 'req_011Cb3t4KmdNEijooQqAFPj1'}
2026-05-15 06:28:19,295 [WARNING] layers.layer123_enrichment: L123 ⊘ fallback 'Playing a USB device'
2026-05-15 06:28:19,297 [INFO] layers.layer1_topic_classifier: L1 ✓ task→concept playing_a_usb_device.dita
2026-05-15 06:28:19,298 [INFO] utils.body_preserver: [BodyPreserver] Successfully merged: DOCTYPE preserved, body preserved, AI enrichment applied
2026-05-15 06:28:19,298 [INFO] layers.layer2_shortdesc_generator: L2 ✓ shortdesc playing_a_usb_device.dita
2026-05-15 06:28:19,301 [INFO] utils.body_preserver: [BodyPreserver] Successfully merged: DOCTYPE preserved, body preserved, AI enrichment applied
2026-05-15 06:28:19,301 [INFO] layers.layer3_keywords_indexterms: L3 ✓ prolog playing_a_usb_device.dita
2026-05-15 06:28:19,307 [INFO] pipeline.enrich_runner: [EnrichPipeline] Enriched 'Playing a USB device' → type=concept, confidence=low
2026-05-15 06:28:19,343 [INFO] httpx: HTTP Request: POST https://api.anthropic.com/v1/messages "HTTP/1.1 401 Unauthorized"
2026-05-15 06:28:19,345 [ERROR] layers.layer123_enrichment: L123 ✗ error: Error code: 401 - {'type': 'error', 'error': {'type': 'authentication_error', 'message': 'invalid x-api-key'}, 'request_id': 'req_011Cb3t4KyXsQDzuDCFuMrjD'}
2026-05-15 06:28:19,345 [WARNING] layers.layer123_enrichment: L123 ⊘ fallback 'Rear view/Connectors'
2026-05-15 06:28:19,348 [INFO] layers.layer1_topic_classifier: L1 ✓ task→concept rear_view_connectors.dita
2026-05-15 06:28:19,349 [INFO] utils.body_preserver: [BodyPreserver] Successfully merged: DOCTYPE preserved, body preserved, AI enrichment applied
2026-05-15 06:28:19,349 [INFO] layers.layer2_shortdesc_generator: L2 ✓ shortdesc rear_view_connectors.dita
2026-05-15 06:28:19,353 [INFO] utils.body_preserver: [BodyPreserver] Successfully merged: DOCTYPE preserved, body preserved, AI enrichment applied
2026-05-15 06:28:19,354 [INFO] layers.layer3_keywords_indexterms: L3 ✓ prolog rear_view_connectors.dita
2026-05-15 06:28:19,363 [INFO] pipeline.enrich_runner: [EnrichPipeline] Enriched 'Rear view/Connectors' → type=concept, confidence=low
2026-05-15 06:28:19,517 [INFO] httpx: HTTP Request: POST https://api.anthropic.com/v1/messages "HTTP/1.1 401 Unauthorized"
2026-05-15 06:28:19,519 [ERROR] layers.layer123_enrichment: L123 ✗ error: Error code: 401 - {'type': 'error', 'error': {'type': 'authentication_error', 'message': 'invalid x-api-key'}, 'request_id': 'req_011Cb3t4LiS6RnKKUU4aawRm'}
2026-05-15 06:28:19,519 [WARNING] layers.layer123_enrichment: L123 ⊘ fallback 'Saving radio stations automatically'
2026-05-15 06:28:19,522 [INFO] utils.body_preserver: [BodyPreserver] Successfully merged: DOCTYPE preserved, body preserved, AI enrichment applied
2026-05-15 06:28:19,522 [INFO] layers.layer2_shortdesc_generator: L2 ✓ shortdesc saving_radio_stations_automatically.dita
2026-05-15 06:28:19,525 [INFO] utils.body_preserver: [BodyPreserver] Successfully merged: DOCTYPE preserved, body preserved, AI enrichment applied
2026-05-15 06:28:19,526 [INFO] layers.layer3_keywords_indexterms: L3 ✓ prolog saving_radio_stations_automatically.dita
2026-05-15 06:28:19,533 [INFO] pipeline.enrich_runner: [EnrichPipeline] Enriched 'Saving radio stations automatically' → type=task, confidence=low
2026-05-15 06:28:19,535 [INFO] httpx: HTTP Request: POST https://api.anthropic.com/v1/messages "HTTP/1.1 401 Unauthorized"
2026-05-15 06:28:19,536 [ERROR] layers.layer123_enrichment: L123 ✗ error: Error code: 401 - {'type': 'error', 'error': {'type': 'authentication_error', 'message': 'invalid x-api-key'}, 'request_id': 'req_011Cb3t4LfCuBbRmtA3eoBsi'}
2026-05-15 06:28:19,537 [WARNING] layers.layer123_enrichment: L123 ⊘ fallback 'Right fork operation lever'
2026-05-15 06:28:19,538 [INFO] utils.body_preserver: [BodyPreserver] Successfully merged: DOCTYPE preserved, body preserved, AI enrichment applied
2026-05-15 06:28:19,539 [INFO] layers.layer2_shortdesc_generator: L2 ✓ shortdesc right_fork_operation_lever.dita
2026-05-15 06:28:19,541 [INFO] utils.body_preserver: [BodyPreserver] Successfully merged: DOCTYPE preserved, body preserved, AI enrichment applied
2026-05-15 06:28:19,541 [INFO] layers.layer3_keywords_indexterms: L3 ✓ prolog right_fork_operation_lever.dita
2026-05-15 06:28:19,546 [INFO] pipeline.enrich_runner: [EnrichPipeline] Enriched 'Right fork operation lever' → type=concept, confidence=low
2026-05-15 06:28:19,552 [INFO] httpx: HTTP Request: POST https://api.anthropic.com/v1/messages "HTTP/1.1 401 Unauthorized"
2026-05-15 06:28:19,553 [ERROR] layers.layer123_enrichment: L123 ✗ error: Error code: 401 - {'type': 'error', 'error': {'type': 'authentication_error', 'message': 'invalid x-api-key'}, 'request_id': 'req_011Cb3t4LivriSJ9sUAwpaEP'}
2026-05-15 06:28:19,553 [WARNING] layers.layer123_enrichment: L123 ⊘ fallback 'Saving radio stations manually'
2026-05-15 06:28:19,555 [INFO] utils.body_preserver: [BodyPreserver] Successfully merged: DOCTYPE preserved, body preserved, AI enrichment applied
2026-05-15 06:28:19,556 [INFO] layers.layer2_shortdesc_generator: L2 ✓ shortdesc saving_radio_stations_manually.dita
2026-05-15 06:28:19,558 [INFO] utils.body_preserver: [BodyPreserver] Successfully merged: DOCTYPE preserved, body preserved, AI enrichment applied
2026-05-15 06:28:19,558 [INFO] layers.layer3_keywords_indexterms: L3 ✓ prolog saving_radio_stations_manually.dita
2026-05-15 06:28:19,564 [INFO] pipeline.enrich_runner: [EnrichPipeline] Enriched 'Saving radio stations manually' → type=task, confidence=low
2026-05-15 06:28:19,643 [INFO] httpx: HTTP Request: POST https://api.anthropic.com/v1/messages "HTTP/1.1 401 Unauthorized"
2026-05-15 06:28:19,644 [ERROR] layers.layer123_enrichment: L123 ✗ error: Error code: 401 - {'type': 'error', 'error': {'type': 'authentication_error', 'message': 'invalid x-api-key'}, 'request_id': 'req_011Cb3t4MFgQKFDqbGEMDmTW'}
2026-05-15 06:28:19,644 [WARNING] layers.layer123_enrichment: L123 ⊘ fallback 'Seat heater switch (If equipped)'
2026-05-15 06:28:19,646 [INFO] layers.layer1_topic_classifier: L1 ✓ concept→topic seat_heater_switch_if_equipped.dita
2026-05-15 06:28:19,646 [INFO] utils.body_preserver: [BodyPreserver] Successfully merged: DOCTYPE preserved, body preserved, AI enrichment applied
2026-05-15 06:28:19,647 [INFO] layers.layer2_shortdesc_generator: L2 ✓ shortdesc seat_heater_switch_if_equipped.dita
2026-05-15 06:28:19,649 [INFO] utils.body_preserver: [BodyPreserver] Successfully merged: DOCTYPE preserved, body preserved, AI enrichment applied
2026-05-15 06:28:19,650 [INFO] layers.layer3_keywords_indexterms: L3 ✓ prolog seat_heater_switch_if_equipped.dita
2026-05-15 06:28:19,656 [INFO] pipeline.enrich_runner: [EnrichPipeline] Enriched 'Seat heater switch (If equipped)' → type=topic, confidence=low
2026-05-15 06:28:19,687 [INFO] httpx: HTTP Request: POST https://api.anthropic.com/v1/messages "HTTP/1.1 401 Unauthorized"
2026-05-15 06:28:19,688 [ERROR] layers.layer123_enrichment: L123 ✗ error: Error code: 401 - {'type': 'error', 'error': {'type': 'authentication_error', 'message': 'invalid x-api-key'}, 'request_id': 'req_011Cb3t4MT5xFFQC2vzrQFk3'}
2026-05-15 06:28:19,688 [WARNING] layers.layer123_enrichment: L123 ⊘ fallback 'Setting the region of radio reception'
2026-05-15 06:28:19,690 [INFO] layers.layer1_topic_classifier: L1 ✓ task→concept setting_the_region_of_radio_reception.dita
2026-05-15 06:28:19,691 [INFO] utils.body_preserver: [BodyPreserver] Successfully merged: DOCTYPE preserved, body preserved, AI enrichment applied
2026-05-15 06:28:19,692 [INFO] layers.layer2_shortdesc_generator: L2 ✓ shortdesc setting_the_region_of_radio_reception.dita
2026-05-15 06:28:19,694 [INFO] utils.body_preserver: [BodyPreserver] Successfully merged: DOCTYPE preserved, body preserved, AI enrichment applied
2026-05-15 06:28:19,694 [INFO] layers.layer3_keywords_indexterms: L3 ✓ prolog setting_the_region_of_radio_reception.dita
2026-05-15 06:28:19,700 [INFO] pipeline.enrich_runner: [EnrichPipeline] Enriched 'Setting the region of radio reception' → type=concept, confidence=low
2026-05-15 06:28:19,887 [INFO] httpx: HTTP Request: POST https://api.anthropic.com/v1/messages "HTTP/1.1 401 Unauthorized"
2026-05-15 06:28:19,889 [ERROR] layers.layer123_enrichment: L123 ✗ error: Error code: 401 - {'type': 'error', 'error': {'type': 'authentication_error', 'message': 'invalid x-api-key'}, 'request_id': 'req_011Cb3t4NEiCgekGuj6Q1iAj'}
2026-05-15 06:28:19,889 [WARNING] layers.layer123_enrichment: L123 ⊘ fallback 'Tilt Lever'
2026-05-15 06:28:19,892 [INFO] layers.layer1_topic_classifier: L1 ✓ concept→topic tilt_lever.dita
2026-05-15 06:28:19,892 [INFO] utils.body_preserver: [BodyPreserver] Successfully merged: DOCTYPE preserved, body preserved, AI enrichment applied
2026-05-15 06:28:19,893 [INFO] layers.layer2_shortdesc_generator: L2 ✓ shortdesc tilt_lever.dita
2026-05-15 06:28:19,895 [INFO] utils.body_preserver: [BodyPreserver] Successfully merged: DOCTYPE preserved, body preserved, AI enrichment applied
2026-05-15 06:28:19,895 [INFO] layers.layer3_keywords_indexterms: L3 ✓ prolog tilt_lever.dita
2026-05-15 06:28:19,901 [INFO] pipeline.enrich_runner: [EnrichPipeline] Enriched 'Tilt Lever' → type=topic, confidence=low
2026-05-15 06:28:19,915 [INFO] httpx: HTTP Request: POST https://api.anthropic.com/v1/messages "HTTP/1.1 401 Unauthorized"
2026-05-15 06:28:19,916 [ERROR] layers.layer123_enrichment: L123 ✗ error: Error code: 401 - {'type': 'error', 'error': {'type': 'authentication_error', 'message': 'invalid x-api-key'}, 'request_id': 'req_011Cb3t4NLutESbVWvZE7817'}
2026-05-15 06:28:19,917 [WARNING] layers.layer123_enrichment: L123 ⊘ fallback 'Turning the unit on/off'
2026-05-15 06:28:19,919 [INFO] layers.layer1_topic_classifier: L1 ✓ task→concept turning_the_unit_on_off.dita
2026-05-15 06:28:19,919 [INFO] utils.body_preserver: [BodyPreserver] Successfully merged: DOCTYPE preserved, body preserved, AI enrichment applied
2026-05-15 06:28:19,919 [INFO] layers.layer2_shortdesc_generator: L2 ✓ shortdesc turning_the_unit_on_off.dita
2026-05-15 06:28:19,922 [INFO] utils.body_preserver: [BodyPreserver] Successfully merged: DOCTYPE preserved, body preserved, AI enrichment applied
2026-05-15 06:28:19,922 [INFO] layers.layer3_keywords_indexterms: L3 ✓ prolog turning_the_unit_on_off.dita
2026-05-15 06:28:19,928 [INFO] pipeline.enrich_runner: [EnrichPipeline] Enriched 'Turning the unit on/off' → type=concept, confidence=low
2026-05-15 06:28:19,989 [INFO] httpx: HTTP Request: POST https://api.anthropic.com/v1/messages "HTTP/1.1 401 Unauthorized"
2026-05-15 06:28:19,990 [ERROR] layers.layer123_enrichment: L123 ✗ error: Error code: 401 - {'type': 'error', 'error': {'type': 'authentication_error', 'message': 'invalid x-api-key'}, 'request_id': 'req_011Cb3t4NjEGhWoykWtPmc2d'}
2026-05-15 06:28:19,991 [WARNING] layers.layer123_enrichment: L123 ⊘ fallback 'Upper, rear wipers and washer switch'
2026-05-15 06:28:19,992 [INFO] utils.body_preserver: [BodyPreserver] Successfully merged: DOCTYPE preserved, body preserved, AI enrichment applied
2026-05-15 06:28:19,993 [INFO] layers.layer2_shortdesc_generator: L2 ✓ shortdesc upper_rear_wipers_and_washer_switch.dita
2026-05-15 06:28:19,995 [INFO] utils.body_preserver: [BodyPreserver] Successfully merged: DOCTYPE preserved, body preserved, AI enrichment applied
2026-05-15 06:28:19,995 [INFO] layers.layer3_keywords_indexterms: L3 ✓ prolog upper_rear_wipers_and_washer_switch.dita
2026-05-15 06:28:20,001 [INFO] pipeline.enrich_runner: [EnrichPipeline] Enriched 'Upper, rear wipers and washer switch' → type=concept, confidence=low
2026-05-15 06:28:20,029 [INFO] httpx: HTTP Request: POST https://api.anthropic.com/v1/messages "HTTP/1.1 401 Unauthorized"
2026-05-15 06:28:20,030 [ERROR] layers.layer123_enrichment: L123 ✗ error: Error code: 401 - {'type': 'error', 'error': {'type': 'authentication_error', 'message': 'invalid x-api-key'}, 'request_id': 'req_011Cb3t4NtQGgLmfKckcMdKz'}
2026-05-15 06:28:20,030 [WARNING] layers.layer123_enrichment: L123 ⊘ fallback 'Weight Scale Mode (Option - Hydraulic Type)'
2026-05-15 06:28:20,033 [INFO] layers.layer1_topic_classifier: L1 ✓ concept→task weight_scale_mode_option_hydraulic_type.dita
2026-05-15 06:28:20,034 [INFO] utils.body_preserver: [BodyPreserver] Successfully merged: DOCTYPE preserved, body preserved, AI enrichment applied
2026-05-15 06:28:20,034 [INFO] layers.layer2_shortdesc_generator: L2 ✓ shortdesc weight_scale_mode_option_hydraulic_type.dita
2026-05-15 06:28:20,037 [INFO] utils.body_preserver: [BodyPreserver] Successfully merged: DOCTYPE preserved, body preserved, AI enrichment applied
2026-05-15 06:28:20,037 [INFO] layers.layer3_keywords_indexterms: L3 ✓ prolog weight_scale_mode_option_hydraulic_type.dita
2026-05-15 06:28:20,044 [INFO] pipeline.enrich_runner: [EnrichPipeline] Enriched 'Weight Scale Mode (Option - Hydraulic Type)' → type=task, confidence=low
2026-05-15 06:28:20,068 [INFO] httpx: HTTP Request: POST https://api.anthropic.com/v1/messages "HTTP/1.1 401 Unauthorized"
2026-05-15 06:28:20,069 [ERROR] layers.layer123_enrichment: L123 ✗ error: Error code: 401 - {'type': 'error', 'error': {'type': 'authentication_error', 'message': 'invalid x-api-key'}, 'request_id': 'req_011Cb3t4NkU8pkESWNms6E2T'}
2026-05-15 06:28:20,069 [WARNING] layers.layer123_enrichment: L123 ⊘ fallback 'Tuning in a station'
2026-05-15 06:28:20,071 [INFO] utils.body_preserver: [BodyPreserver] Successfully merged: DOCTYPE preserved, body preserved, AI enrichment applied
2026-05-15 06:28:20,071 [INFO] layers.layer2_shortdesc_generator: L2 ✓ shortdesc tuning_in_a_station.dita
2026-05-15 06:28:20,074 [INFO] utils.body_preserver: [BodyPreserver] Successfully merged: DOCTYPE preserved, body preserved, AI enrichment applied
2026-05-15 06:28:20,074 [INFO] layers.layer3_keywords_indexterms: L3 ✓ prolog tuning_in_a_station.dita
2026-05-15 06:28:20,080 [INFO] pipeline.enrich_runner: [EnrichPipeline] Enriched 'Tuning in a station' → type=task, confidence=low
2026-05-15 06:28:20,225 [INFO] httpx: HTTP Request: POST https://api.anthropic.com/v1/messages "HTTP/1.1 401 Unauthorized"
2026-05-15 06:28:20,226 [ERROR] layers.layer123_enrichment: L123 ✗ error: Error code: 401 - {'type': 'error', 'error': {'type': 'authentication_error', 'message': 'invalid x-api-key'}, 'request_id': 'req_011Cb3t4Pkk62iHqgQ5eM1AN'}
2026-05-15 06:28:20,226 [WARNING] layers.layer123_enrichment: L123 ⊘ fallback 'Wired remote controller'
2026-05-15 06:28:20,228 [INFO] layers.layer1_topic_classifier: L1 ✓ task→topic wired_remote_controller.dita
2026-05-15 06:28:20,229 [INFO] utils.body_preserver: [BodyPreserver] Successfully merged: DOCTYPE preserved, body preserved, AI enrichment applied
2026-05-15 06:28:20,229 [INFO] layers.layer2_shortdesc_generator: L2 ✓ shortdesc wired_remote_controller.dita
2026-05-15 06:28:20,232 [INFO] utils.body_preserver: [BodyPreserver] Successfully merged: DOCTYPE preserved, body preserved, AI enrichment applied
2026-05-15 06:28:20,232 [INFO] layers.layer3_keywords_indexterms: L3 ✓ prolog wired_remote_controller.dita
2026-05-15 06:28:20,239 [INFO] pipeline.enrich_runner: [EnrichPipeline] Enriched 'Wired remote controller' → type=topic, confidence=low
2026-05-15 06:28:20,256 [INFO] httpx: HTTP Request: POST https://api.anthropic.com/v1/messages "HTTP/1.1 401 Unauthorized"
2026-05-15 06:28:20,257 [ERROR] layers.layer123_enrichment: L123 ✗ error: Error code: 401 - {'type': 'error', 'error': {'type': 'authentication_error', 'message': 'invalid x-api-key'}, 'request_id': 'req_011Cb3t4PrSd816XFzWED9y6'}
2026-05-15 06:28:20,258 [WARNING] layers.layer123_enrichment: L123 ⊘ fallback 'Attachment Abbreviations (includes Special Forks)'
2026-05-15 06:28:20,259 [INFO] utils.body_preserver: [BodyPreserver] Successfully merged: DOCTYPE preserved, body preserved, AI enrichment applied
2026-05-15 06:28:20,260 [INFO] layers.layer2_shortdesc_generator: L2 ✓ shortdesc attachment_abbreviations_includes_special_forks.dita
2026-05-15 06:28:20,262 [INFO] utils.body_preserver: [BodyPreserver] Successfully merged: DOCTYPE preserved, body preserved, AI enrichment applied
2026-05-15 06:28:20,262 [INFO] layers.layer3_keywords_indexterms: L3 ✓ prolog attachment_abbreviations_includes_special_forks.dita
2026-05-15 06:28:20,268 [INFO] pipeline.enrich_runner: [EnrichPipeline] Enriched 'Attachment Abbreviations (includes Special Forks)' → type=concept, confidence=low
2026-05-15 06:28:20,345 [INFO] httpx: HTTP Request: POST https://api.anthropic.com/v1/messages "HTTP/1.1 401 Unauthorized"
2026-05-15 06:28:20,347 [ERROR] layers.layer123_enrichment: L123 ✗ error: Error code: 401 - {'type': 'error', 'error': {'type': 'authentication_error', 'message': 'invalid x-api-key'}, 'request_id': 'req_011Cb3t4QB3TTy9MHLLRmUL9'}
2026-05-15 06:28:20,347 [WARNING] layers.layer123_enrichment: L123 ⊘ fallback 'Identification, Lift Capacity and Attachment Plate'
2026-05-15 06:28:20,349 [INFO] utils.body_preserver: [BodyPreserver] Successfully merged: DOCTYPE preserved, body preserved, AI enrichment applied
2026-05-15 06:28:20,349 [INFO] layers.layer2_shortdesc_generator: L2 ✓ shortdesc identification_lift_capacity_and_attachment_plate.dita
2026-05-15 06:28:20,351 [INFO] utils.body_preserver: [BodyPreserver] Successfully merged: DOCTYPE preserved, body preserved, AI enrichment applied
2026-05-15 06:28:20,352 [INFO] layers.layer3_keywords_indexterms: L3 ✓ prolog identification_lift_capacity_and_attachment_plate.dita
2026-05-15 06:28:20,357 [INFO] pipeline.enrich_runner: [EnrichPipeline] Enriched 'Identification, Lift Capacity and Attachment Plate' → type=topic, confidence=low
2026-05-15 06:28:20,380 [INFO] httpx: HTTP Request: POST https://api.anthropic.com/v1/messages "HTTP/1.1 401 Unauthorized"
2026-05-15 06:28:20,381 [ERROR] layers.layer123_enrichment: L123 ✗ error: Error code: 401 - {'type': 'error', 'error': {'type': 'authentication_error', 'message': 'invalid x-api-key'}, 'request_id': 'req_011Cb3t4QPgwwNYG7XBJMZzu'}
2026-05-15 06:28:20,381 [WARNING] layers.layer123_enrichment: L123 ⊘ fallback 'Lift Truck Capacity Rating'
2026-05-15 06:28:20,383 [INFO] utils.body_preserver: [BodyPreserver] Successfully merged: DOCTYPE preserved, body preserved, AI enrichment applied
2026-05-15 06:28:20,383 [INFO] layers.layer2_shortdesc_generator: L2 ✓ shortdesc lift_truck_capacity_rating.dita
2026-05-15 06:28:20,385 [INFO] utils.body_preserver: [BodyPreserver] Successfully merged: DOCTYPE preserved, body preserved, AI enrichment applied
2026-05-15 06:28:20,386 [INFO] layers.layer3_keywords_indexterms: L3 ✓ prolog lift_truck_capacity_rating.dita
2026-05-15 06:28:20,392 [INFO] pipeline.enrich_runner: [EnrichPipeline] Enriched 'Lift Truck Capacity Rating' → type=concept, confidence=low
2026-05-15 06:28:20,417 [INFO] httpx: HTTP Request: POST https://api.anthropic.com/v1/messages "HTTP/1.1 401 Unauthorized"
2026-05-15 06:28:20,418 [ERROR] layers.layer123_enrichment: L123 ✗ error: Error code: 401 - {'type': 'error', 'error': {'type': 'authentication_error', 'message': 'invalid x-api-key'}, 'request_id': 'req_011Cb3t4QWsyP8C3gmHPQBKq'}
2026-05-15 06:28:20,418 [WARNING] layers.layer123_enrichment: L123 ⊘ fallback 'Mast Abbreviations'
2026-05-15 06:28:20,420 [INFO] utils.body_preserver: [BodyPreserver] Successfully merged: DOCTYPE preserved, body preserved, AI enrichment applied
2026-05-15 06:28:20,420 [INFO] layers.layer2_shortdesc_generator: L2 ✓ shortdesc mast_abbreviations.dita
2026-05-15 06:28:20,423 [INFO] utils.body_preserver: [BodyPreserver] Successfully merged: DOCTYPE preserved, body preserved, AI enrichment applied
2026-05-15 06:28:20,423 [INFO] layers.layer3_keywords_indexterms: L3 ✓ prolog mast_abbreviations.dita
2026-05-15 06:28:20,429 [INFO] pipeline.enrich_runner: [EnrichPipeline] Enriched 'Mast Abbreviations' → type=concept, confidence=low
2026-05-15 06:28:20,565 [INFO] httpx: HTTP Request: POST https://api.anthropic.com/v1/messages "HTTP/1.1 401 Unauthorized"
2026-05-15 06:28:20,566 [ERROR] layers.layer123_enrichment: L123 ✗ error: Error code: 401 - {'type': 'error', 'error': {'type': 'authentication_error', 'message': 'invalid x-api-key'}, 'request_id': 'req_011Cb3t4RCJyJXBivj9LnFWV'}
2026-05-15 06:28:20,566 [WARNING] layers.layer123_enrichment: L123 ⊘ fallback 'Operator’s Warning and Identification Plate'
2026-05-15 06:28:20,568 [INFO] utils.body_preserver: [BodyPreserver] Successfully merged: DOCTYPE preserved, body preserved, AI enrichment applied
2026-05-15 06:28:20,568 [INFO] layers.layer2_shortdesc_generator: L2 ✓ shortdesc operator_s_warning_and_identification_plate.dita
2026-05-15 06:28:20,570 [INFO] utils.body_preserver: [BodyPreserver] Successfully merged: DOCTYPE preserved, body preserved, AI enrichment applied
2026-05-15 06:28:20,571 [INFO] layers.layer3_keywords_indexterms: L3 ✓ prolog operator_s_warning_and_identification_plate.dita
2026-05-15 06:28:20,577 [INFO] pipeline.enrich_runner: [EnrichPipeline] Enriched 'Operator’s Warning and Identification Plate' → type=concept, confidence=low
2026-05-15 06:28:20,606 [INFO] httpx: HTTP Request: POST https://api.anthropic.com/v1/messages "HTTP/1.1 401 Unauthorized"
2026-05-15 06:28:20,608 [ERROR] layers.layer123_enrichment: L123 ✗ error: Error code: 401 - {'type': 'error', 'error': {'type': 'authentication_error', 'message': 'invalid x-api-key'}, 'request_id': 'req_011Cb3t4RKFjHAyX6Ami9yN9'}
2026-05-15 06:28:20,608 [WARNING] layers.layer123_enrichment: L123 ⊘ fallback 'Operator's Warning Plate'
2026-05-15 06:28:20,610 [INFO] utils.body_preserver: [BodyPreserver] Successfully merged: DOCTYPE preserved, body preserved, AI enrichment applied
2026-05-15 06:28:20,611 [INFO] layers.layer2_shortdesc_generator: L2 ✓ shortdesc operator_s_warning_plate.dita
2026-05-15 06:28:20,613 [INFO] utils.body_preserver: [BodyPreserver] Successfully merged: DOCTYPE preserved, body preserved, AI enrichment applied
2026-05-15 06:28:20,614 [INFO] layers.layer3_keywords_indexterms: L3 ✓ prolog operator_s_warning_plate.dita
2026-05-15 06:28:20,619 [INFO] pipeline.enrich_runner: [EnrichPipeline] Enriched 'Operator's Warning Plate' → type=topic, confidence=low
2026-05-15 06:28:20,684 [INFO] httpx: HTTP Request: POST https://api.anthropic.com/v1/messages "HTTP/1.1 401 Unauthorized"
2026-05-15 06:28:20,686 [ERROR] layers.layer123_enrichment: L123 ✗ error: Error code: 401 - {'type': 'error', 'error': {'type': 'authentication_error', 'message': 'invalid x-api-key'}, 'request_id': 'req_011Cb3t4Ri4juqxeFjMwHJTJ'}
2026-05-15 06:28:20,686 [WARNING] layers.layer123_enrichment: L123 ⊘ fallback 'Batteries'
2026-05-15 06:28:20,688 [INFO] utils.body_preserver: [BodyPreserver] Successfully merged: DOCTYPE preserved, body preserved, AI enrichment applied
2026-05-15 06:28:20,688 [INFO] layers.layer2_shortdesc_generator: L2 ✓ shortdesc batteries.dita
2026-05-15 06:28:20,690 [INFO] utils.body_preserver: [BodyPreserver] Successfully merged: DOCTYPE preserved, body preserved, AI enrichment applied
2026-05-15 06:28:20,691 [INFO] layers.layer3_keywords_indexterms: L3 ✓ prolog batteries.dita
2026-05-15 06:28:20,696 [INFO] pipeline.enrich_runner: [EnrichPipeline] Enriched 'Batteries' → type=concept, confidence=low
2026-05-15 06:28:20,729 [INFO] httpx: HTTP Request: POST https://api.anthropic.com/v1/messages "HTTP/1.1 401 Unauthorized"
2026-05-15 06:28:20,730 [ERROR] layers.layer123_enrichment: L123 ✗ error: Error code: 401 - {'type': 'error', 'error': {'type': 'authentication_error', 'message': 'invalid x-api-key'}, 'request_id': 'req_011Cb3t4Rqkh1ToWrJsnaHXu'}
2026-05-15 06:28:20,730 [WARNING] layers.layer123_enrichment: L123 ⊘ fallback 'Before Operating the Lift Truck'
2026-05-15 06:28:20,733 [INFO] layers.layer1_topic_classifier: L1 ✓ concept→task before_operating_the_lift_truck.dita
2026-05-15 06:28:20,733 [INFO] utils.body_preserver: [BodyPreserver] Successfully merged: DOCTYPE preserved, body preserved, AI enrichment applied
2026-05-15 06:28:20,734 [INFO] layers.layer2_shortdesc_generator: L2 ✓ shortdesc before_operating_the_lift_truck.dita
2026-05-15 06:28:20,737 [INFO] utils.body_preserver: [BodyPreserver] Successfully merged: DOCTYPE preserved, body preserved, AI enrichment applied
2026-05-15 06:28:20,738 [INFO] layers.layer3_keywords_indexterms: L3 ✓ prolog before_operating_the_lift_truck.dita
2026-05-15 06:28:20,746 [INFO] pipeline.enrich_runner: [EnrichPipeline] Enriched 'Before Operating the Lift Truck' → type=task, confidence=low
2026-05-15 06:28:20,762 [INFO] httpx: HTTP Request: POST https://api.anthropic.com/v1/messages "HTTP/1.1 401 Unauthorized"
2026-05-15 06:28:20,763 [ERROR] layers.layer123_enrichment: L123 ✗ error: Error code: 401 - {'type': 'error', 'error': {'type': 'authentication_error', 'message': 'invalid x-api-key'}, 'request_id': 'req_011Cb3t4RzgLTRFdRM1qNJZG'}
2026-05-15 06:28:20,763 [WARNING] layers.layer123_enrichment: L123 ⊘ fallback 'Before Starting the Lift Truck'
2026-05-15 06:28:20,765 [INFO] utils.body_preserver: [BodyPreserver] Successfully merged: DOCTYPE preserved, body preserved, AI enrichment applied
2026-05-15 06:28:20,766 [INFO] layers.layer2_shortdesc_generator: L2 ✓ shortdesc before_starting_the_lift_truck.dita
2026-05-15 06:28:20,768 [INFO] utils.body_preserver: [BodyPreserver] Successfully merged: DOCTYPE preserved, body preserved, AI enrichment applied
2026-05-15 06:28:20,768 [INFO] layers.layer3_keywords_indexterms: L3 ✓ prolog before_starting_the_lift_truck.dita
2026-05-15 06:28:20,775 [INFO] pipeline.enrich_runner: [EnrichPipeline] Enriched 'Before Starting the Lift Truck' → type=concept, confidence=low
2026-05-15 06:28:20,898 [INFO] httpx: HTTP Request: POST https://api.anthropic.com/v1/messages "HTTP/1.1 401 Unauthorized"
2026-05-15 06:28:20,900 [ERROR] layers.layer123_enrichment: L123 ✗ error: Error code: 401 - {'type': 'error', 'error': {'type': 'authentication_error', 'message': 'invalid x-api-key'}, 'request_id': 'req_011Cb3t4SeNntqnLgDPcriUw'}
2026-05-15 06:28:20,900 [WARNING] layers.layer123_enrichment: L123 ⊘ fallback 'Capacity Load (Weight and Load Centre)'
2026-05-15 06:28:20,903 [INFO] layers.layer1_topic_classifier: L1 ✓ task→concept capacity_load_weight_and_load_centre.dita
2026-05-15 06:28:20,903 [INFO] utils.body_preserver: [BodyPreserver] Successfully merged: DOCTYPE preserved, body preserved, AI enrichment applied
2026-05-15 06:28:20,904 [INFO] layers.layer2_shortdesc_generator: L2 ✓ shortdesc capacity_load_weight_and_load_centre.dita
2026-05-15 06:28:20,907 [INFO] utils.body_preserver: [BodyPreserver] Successfully merged: DOCTYPE preserved, body preserved, AI enrichment applied
2026-05-15 06:28:20,907 [INFO] layers.layer3_keywords_indexterms: L3 ✓ prolog capacity_load_weight_and_load_centre.dita
2026-05-15 06:28:20,917 [INFO] pipeline.enrich_runner: [EnrichPipeline] Enriched 'Capacity Load (Weight and Load Centre)' → type=concept, confidence=low
2026-05-15 06:28:20,952 [INFO] httpx: HTTP Request: POST https://api.anthropic.com/v1/messages "HTTP/1.1 401 Unauthorized"
2026-05-15 06:28:20,954 [ERROR] layers.layer123_enrichment: L123 ✗ error: Error code: 401 - {'type': 'error', 'error': {'type': 'authentication_error', 'message': 'invalid x-api-key'}, 'request_id': 'req_011Cb3t4SooKmW2x8exLHuKq'}
2026-05-15 06:28:20,954 [WARNING] layers.layer123_enrichment: L123 ⊘ fallback 'Centre of Gravity (CG)'
2026-05-15 06:28:20,956 [INFO] layers.layer1_topic_classifier: L1 ✓ topic→concept centre_of_gravity_cg.dita
2026-05-15 06:28:20,956 [INFO] utils.body_preserver: [BodyPreserver] Successfully merged: DOCTYPE preserved, body preserved, AI enrichment applied
2026-05-15 06:28:20,956 [INFO] layers.layer2_shortdesc_generator: L2 ✓ shortdesc centre_of_gravity_cg.dita
2026-05-15 06:28:20,959 [INFO] utils.body_preserver: [BodyPreserver] Successfully merged: DOCTYPE preserved, body preserved, AI enrichment applied
2026-05-15 06:28:20,959 [INFO] layers.layer3_keywords_indexterms: L3 ✓ prolog centre_of_gravity_cg.dita
2026-05-15 06:28:20,965 [INFO] pipeline.enrich_runner: [EnrichPipeline] Enriched 'Centre of Gravity (CG)' → type=concept, confidence=low
2026-05-15 06:28:21,020 [INFO] httpx: HTTP Request: POST https://api.anthropic.com/v1/messages "HTTP/1.1 401 Unauthorized"
2026-05-15 06:28:21,021 [ERROR] layers.layer123_enrichment: L123 ✗ error: Error code: 401 - {'type': 'error', 'error': {'type': 'authentication_error', 'message': 'invalid x-api-key'}, 'request_id': 'req_011Cb3t4TA8NsVtherBkCHHJ'}
2026-05-15 06:28:21,021 [WARNING] layers.layer123_enrichment: L123 ⊘ fallback 'Coolant'
2026-05-15 06:28:21,023 [INFO] layers.layer1_topic_classifier: L1 ✓ concept→task coolant.dita
2026-05-15 06:28:21,023 [INFO] utils.body_preserver: [BodyPreserver] Successfully merged: DOCTYPE preserved, body preserved, AI enrichment applied
2026-05-15 06:28:21,024 [INFO] layers.layer2_shortdesc_generator: L2 ✓ shortdesc coolant.dita
2026-05-15 06:28:21,026 [INFO] utils.body_preserver: [BodyPreserver] Successfully merged: DOCTYPE preserved, body preserved, AI enrichment applied
2026-05-15 06:28:21,026 [INFO] layers.layer3_keywords_indexterms: L3 ✓ prolog coolant.dita
2026-05-15 06:28:21,032 [INFO] pipeline.enrich_runner: [EnrichPipeline] Enriched 'Coolant' → type=task, confidence=low
2026-05-15 06:28:21,083 [INFO] httpx: HTTP Request: POST https://api.anthropic.com/v1/messages "HTTP/1.1 401 Unauthorized"
2026-05-15 06:28:21,085 [ERROR] layers.layer123_enrichment: L123 ✗ error: Error code: 401 - {'type': 'error', 'error': {'type': 'authentication_error', 'message': 'invalid x-api-key'}, 'request_id': 'req_011Cb3t4TQGNhmydAixMpnZ8'}
2026-05-15 06:28:21,085 [WARNING] layers.layer123_enrichment: L123 ⊘ fallback 'Crushing or Cutting Prevention'
2026-05-15 06:28:21,087 [INFO] utils.body_preserver: [BodyPreserver] Successfully merged: DOCTYPE preserved, body preserved, AI enrichment applied
2026-05-15 06:28:21,088 [INFO] layers.layer2_shortdesc_generator: L2 ✓ shortdesc crushing_or_cutting_prevention.dita
2026-05-15 06:28:21,092 [INFO] utils.body_preserver: [BodyPreserver] Successfully merged: DOCTYPE preserved, body preserved, AI enrichment applied
2026-05-15 06:28:21,092 [INFO] layers.layer3_keywords_indexterms: L3 ✓ prolog crushing_or_cutting_prevention.dita
2026-05-15 06:28:21,102 [INFO] pipeline.enrich_runner: [EnrichPipeline] Enriched 'Crushing or Cutting Prevention' → type=concept, confidence=low
2026-05-15 06:28:21,108 [INFO] httpx: HTTP Request: POST https://api.anthropic.com/v1/messages "HTTP/1.1 401 Unauthorized"
2026-05-15 06:28:21,109 [ERROR] layers.layer123_enrichment: L123 ✗ error: Error code: 401 - {'type': 'error', 'error': {'type': 'authentication_error', 'message': 'invalid x-api-key'}, 'request_id': 'req_011Cb3t4TUUqt42eRBReKh26'}
2026-05-15 06:28:21,110 [WARNING] layers.layer123_enrichment: L123 ⊘ fallback 'Emergency Lowering Guide'
2026-05-15 06:28:21,112 [INFO] utils.body_preserver: [BodyPreserver] Successfully merged: DOCTYPE preserved, body preserved, AI enrichment applied
2026-05-15 06:28:21,113 [INFO] layers.layer2_shortdesc_generator: L2 ✓ shortdesc emergency_lowering_guide.dita
2026-05-15 06:28:21,116 [INFO] utils.body_preserver: [BodyPreserver] Successfully merged: DOCTYPE preserved, body preserved, AI enrichment applied
2026-05-15 06:28:21,116 [INFO] layers.layer3_keywords_indexterms: L3 ✓ prolog emergency_lowering_guide.dita
2026-05-15 06:28:21,126 [INFO] pipeline.enrich_runner: [EnrichPipeline] Enriched 'Emergency Lowering Guide' → type=task, confidence=low
2026-05-15 06:28:21,258 [INFO] httpx: HTTP Request: POST https://api.anthropic.com/v1/messages "HTTP/1.1 401 Unauthorized"
2026-05-15 06:28:21,259 [ERROR] layers.layer123_enrichment: L123 ✗ error: Error code: 401 - {'type': 'error', 'error': {'type': 'authentication_error', 'message': 'invalid x-api-key'}, 'request_id': 'req_011Cb3t4U6C9XGKhv9gTGUMv'}
2026-05-15 06:28:21,259 [WARNING] layers.layer123_enrichment: L123 ⊘ fallback 'Falling Objects Protective Structure (FOPS)'
2026-05-15 06:28:21,261 [INFO] utils.body_preserver: [BodyPreserver] Successfully merged: DOCTYPE preserved, body preserved, AI enrichment applied
2026-05-15 06:28:21,262 [INFO] layers.layer2_shortdesc_generator: L2 ✓ shortdesc falling_objects_protective_structure_fops.dita
2026-05-15 06:28:21,264 [INFO] utils.body_preserver: [BodyPreserver] Successfully merged: DOCTYPE preserved, body preserved, AI enrichment applied
2026-05-15 06:28:21,264 [INFO] layers.layer3_keywords_indexterms: L3 ✓ prolog falling_objects_protective_structure_fops.dita
2026-05-15 06:28:21,271 [INFO] pipeline.enrich_runner: [EnrichPipeline] Enriched 'Falling Objects Protective Structure (FOPS)' → type=concept, confidence=low
2026-05-15 06:28:21,305 [INFO] httpx: HTTP Request: POST https://api.anthropic.com/v1/messages "HTTP/1.1 401 Unauthorized"
2026-05-15 06:28:21,306 [ERROR] layers.layer123_enrichment: L123 ✗ error: Error code: 401 - {'type': 'error', 'error': {'type': 'authentication_error', 'message': 'invalid x-api-key'}, 'request_id': 'req_011Cb3t4UJLZrNMFD8UBpaPL'}
2026-05-15 06:28:21,306 [WARNING] layers.layer123_enrichment: L123 ⊘ fallback 'Fasten the Seat Belt'
2026-05-15 06:28:21,308 [INFO] layers.layer1_topic_classifier: L1 ✓ task→concept fasten_the_seat_belt.dita
2026-05-15 06:28:21,308 [INFO] utils.body_preserver: [BodyPreserver] Successfully merged: DOCTYPE preserved, body preserved, AI enrichment applied
2026-05-15 06:28:21,309 [INFO] layers.layer2_shortdesc_generator: L2 ✓ shortdesc fasten_the_seat_belt.dita
2026-05-15 06:28:21,311 [INFO] utils.body_preserver: [BodyPreserver] Successfully merged: DOCTYPE preserved, body preserved, AI enrichment applied
2026-05-15 06:28:21,311 [INFO] layers.layer3_keywords_indexterms: L3 ✓ prolog fasten_the_seat_belt.dita
2026-05-15 06:28:21,318 [INFO] pipeline.enrich_runner: [EnrichPipeline] Enriched 'Fasten the Seat Belt' → type=concept, confidence=low
2026-05-15 06:28:21,434 [INFO] httpx: HTTP Request: POST https://api.anthropic.com/v1/messages "HTTP/1.1 401 Unauthorized"
2026-05-15 06:28:21,435 [ERROR] layers.layer123_enrichment: L123 ✗ error: Error code: 401 - {'type': 'error', 'error': {'type': 'authentication_error', 'message': 'invalid x-api-key'}, 'request_id': 'req_011Cb3t4UvniSVrBpMx3SkGb'}
2026-05-15 06:28:21,436 [WARNING] layers.layer123_enrichment: L123 ⊘ fallback 'Fire or Explosion Prevention'
2026-05-15 06:28:21,438 [INFO] layers.layer1_topic_classifier: L1 ✓ concept→task fire_or_explosion_prevention.dita
2026-05-15 06:28:21,439 [INFO] utils.body_preserver: [BodyPreserver] Successfully merged: DOCTYPE preserved, body preserved, AI enrichment applied
2026-05-15 06:28:21,439 [INFO] layers.layer2_shortdesc_generator: L2 ✓ shortdesc fire_or_explosion_prevention.dita
2026-05-15 06:28:21,442 [INFO] utils.body_preserver: [BodyPreserver] Successfully merged: DOCTYPE preserved, body preserved, AI enrichment applied
2026-05-15 06:28:21,442 [INFO] layers.layer3_keywords_indexterms: L3 ✓ prolog fire_or_explosion_prevention.dita
2026-05-15 06:28:21,449 [INFO] pipeline.enrich_runner: [EnrichPipeline] Enriched 'Fire or Explosion Prevention' → type=task, confidence=low
2026-05-15 06:28:21,465 [INFO] httpx: HTTP Request: POST https://api.anthropic.com/v1/messages "HTTP/1.1 401 Unauthorized"
2026-05-15 06:28:21,467 [ERROR] layers.layer123_enrichment: L123 ✗ error: Error code: 401 - {'type': 'error', 'error': {'type': 'authentication_error', 'message': 'invalid x-api-key'}, 'request_id': 'req_011Cb3t4UnMpfgg5M2MY2QwZ'}
2026-05-15 06:28:21,467 [WARNING] layers.layer123_enrichment: L123 ⊘ fallback 'Fire Extinguisher'
2026-05-15 06:28:21,469 [INFO] layers.layer1_topic_classifier: L1 ✓ concept→topic fire_extinguisher.dita
2026-05-15 06:28:21,469 [INFO] utils.body_preserver: [BodyPreserver] Successfully merged: DOCTYPE preserved, body preserved, AI enrichment applied
2026-05-15 06:28:21,470 [INFO] layers.layer2_shortdesc_generator: L2 ✓ shortdesc fire_extinguisher.dita
2026-05-15 06:28:21,473 [INFO] utils.body_preserver: [BodyPreserver] Successfully merged: DOCTYPE preserved, body preserved, AI enrichment applied
2026-05-15 06:28:21,473 [INFO] layers.layer3_keywords_indexterms: L3 ✓ prolog fire_extinguisher.dita
2026-05-15 06:28:21,481 [INFO] pipeline.enrich_runner: [EnrichPipeline] Enriched 'Fire Extinguisher' → type=topic, confidence=low
2026-05-15 06:28:21,483 [INFO] httpx: HTTP Request: POST https://api.anthropic.com/v1/messages "HTTP/1.1 401 Unauthorized"
2026-05-15 06:28:21,485 [ERROR] layers.layer123_enrichment: L123 ✗ error: Error code: 401 - {'type': 'error', 'error': {'type': 'authentication_error', 'message': 'invalid x-api-key'}, 'request_id': 'req_011Cb3t4Uz1xnoMvVwW4mcYc'}
2026-05-15 06:28:21,485 [WARNING] layers.layer123_enrichment: L123 ⊘ fallback 'Fluid Penetration'
2026-05-15 06:28:21,486 [INFO] utils.body_preserver: [BodyPreserver] Successfully merged: DOCTYPE preserved, body preserved, AI enrichment applied
2026-05-15 06:28:21,487 [INFO] layers.layer2_shortdesc_generator: L2 ✓ shortdesc fluid_penetration.dita
2026-05-15 06:28:21,489 [INFO] utils.body_preserver: [BodyPreserver] Successfully merged: DOCTYPE preserved, body preserved, AI enrichment applied
2026-05-15 06:28:21,489 [INFO] layers.layer3_keywords_indexterms: L3 ✓ prolog fluid_penetration.dita
2026-05-15 06:28:21,495 [INFO] pipeline.enrich_runner: [EnrichPipeline] Enriched 'Fluid Penetration' → type=concept, confidence=low
2026-05-15 06:28:21,596 [INFO] httpx: HTTP Request: POST https://api.anthropic.com/v1/messages "HTTP/1.1 401 Unauthorized"
2026-05-15 06:28:21,597 [ERROR] layers.layer123_enrichment: L123 ✗ error: Error code: 401 - {'type': 'error', 'error': {'type': 'authentication_error', 'message': 'invalid x-api-key'}, 'request_id': 'req_011Cb3t4Vbya8A3DQNtPX35B'}
2026-05-15 06:28:21,597 [WARNING] layers.layer123_enrichment: L123 ⊘ fallback 'General Hazard Information'
2026-05-15 06:28:21,600 [INFO] utils.body_preserver: [BodyPreserver] Successfully merged: DOCTYPE preserved, body preserved, AI enrichment applied
2026-05-15 06:28:21,600 [INFO] layers.layer2_shortdesc_generator: L2 ✓ shortdesc general_hazard_information.dita
2026-05-15 06:28:21,603 [INFO] utils.body_preserver: [BodyPreserver] Successfully merged: DOCTYPE preserved, body preserved, AI enrichment applied
2026-05-15 06:28:21,603 [INFO] layers.layer3_keywords_indexterms: L3 ✓ prolog general_hazard_information.dita
2026-05-15 06:28:21,612 [INFO] pipeline.enrich_runner: [EnrichPipeline] Enriched 'General Hazard Information' → type=concept, confidence=low
2026-05-15 06:28:21,659 [INFO] httpx: HTTP Request: POST https://api.anthropic.com/v1/messages "HTTP/1.1 401 Unauthorized"
2026-05-15 06:28:21,661 [ERROR] layers.layer123_enrichment: L123 ✗ error: Error code: 401 - {'type': 'error', 'error': {'type': 'authentication_error', 'message': 'invalid x-api-key'}, 'request_id': 'req_011Cb3t4VosVtVJUJ88KxyJs'}
2026-05-15 06:28:21,661 [WARNING] layers.layer123_enrichment: L123 ⊘ fallback 'General Warnings to Operator'
2026-05-15 06:28:21,664 [INFO] utils.body_preserver: [BodyPreserver] Successfully merged: DOCTYPE preserved, body preserved, AI enrichment applied
2026-05-15 06:28:21,665 [INFO] layers.layer2_shortdesc_generator: L2 ✓ shortdesc general_warnings_to_operator.dita
2026-05-15 06:28:21,669 [INFO] utils.body_preserver: [BodyPreserver] Successfully merged: DOCTYPE preserved, body preserved, AI enrichment applied
2026-05-15 06:28:21,669 [INFO] layers.layer3_keywords_indexterms: L3 ✓ prolog general_warnings_to_operator.dita
2026-05-15 06:28:21,682 [INFO] pipeline.enrich_runner: [EnrichPipeline] Enriched 'General Warnings to Operator' → type=task, confidence=low
2026-05-15 06:28:21,821 [INFO] httpx: HTTP Request: POST https://api.anthropic.com/v1/messages "HTTP/1.1 401 Unauthorized"
2026-05-15 06:28:21,822 [ERROR] layers.layer123_enrichment: L123 ✗ error: Error code: 401 - {'type': 'error', 'error': {'type': 'authentication_error', 'message': 'invalid x-api-key'}, 'request_id': 'req_011Cb3t4WZGikpF4qdAg37Uq'}
2026-05-15 06:28:21,822 [WARNING] layers.layer123_enrichment: L123 ⊘ fallback 'Inspection'
2026-05-15 06:28:21,826 [INFO] layers.layer1_topic_classifier: L1 ✓ task→concept inspection.dita
2026-05-15 06:28:21,827 [INFO] utils.body_preserver: [BodyPreserver] Successfully merged: DOCTYPE preserved, body preserved, AI enrichment applied
2026-05-15 06:28:21,827 [INFO] layers.layer2_shortdesc_generator: L2 ✓ shortdesc inspection.dita
2026-05-15 06:28:21,831 [INFO] utils.body_preserver: [BodyPreserver] Successfully merged: DOCTYPE preserved, body preserved, AI enrichment applied
2026-05-15 06:28:21,832 [INFO] layers.layer3_keywords_indexterms: L3 ✓ prolog inspection.dita
2026-05-15 06:28:21,842 [INFO] pipeline.enrich_runner: [EnrichPipeline] Enriched 'Inspection' → type=concept, confidence=low
2026-05-15 06:28:21,843 [INFO] httpx: HTTP Request: POST https://api.anthropic.com/v1/messages "HTTP/1.1 401 Unauthorized"
2026-05-15 06:28:21,845 [ERROR] layers.layer123_enrichment: L123 ✗ error: Error code: 401 - {'type': 'error', 'error': {'type': 'authentication_error', 'message': 'invalid x-api-key'}, 'request_id': 'req_011Cb3t4Wa1oJsCmsGc39sch'}
2026-05-15 06:28:21,846 [WARNING] layers.layer123_enrichment: L123 ⊘ fallback 'How to Survive in a Tipover'
2026-05-15 06:28:21,847 [INFO] layers.layer1_topic_classifier: L1 ✓ task→concept how_to_survive_in_a_tipover.dita
2026-05-15 06:28:21,848 [INFO] utils.body_preserver: [BodyPreserver] Successfully merged: DOCTYPE preserved, body preserved, AI enrichment applied
2026-05-15 06:28:21,848 [INFO] layers.layer2_shortdesc_generator: L2 ✓ shortdesc how_to_survive_in_a_tipover.dita
2026-05-15 06:28:21,851 [INFO] utils.body_preserver: [BodyPreserver] Successfully merged: DOCTYPE preserved, body preserved, AI enrichment applied
2026-05-15 06:28:21,851 [INFO] layers.layer3_keywords_indexterms: L3 ✓ prolog how_to_survive_in_a_tipover.dita
2026-05-15 06:28:21,858 [INFO] pipeline.enrich_runner: [EnrichPipeline] Enriched 'How to Survive in a Tipover' → type=concept, confidence=low
2026-05-15 06:28:21,936 [INFO] httpx: HTTP Request: POST https://api.anthropic.com/v1/messages "HTTP/1.1 401 Unauthorized"
2026-05-15 06:28:21,938 [ERROR] layers.layer123_enrichment: L123 ✗ error: Error code: 401 - {'type': 'error', 'error': {'type': 'authentication_error', 'message': 'invalid x-api-key'}, 'request_id': 'req_011Cb3t4X4XwPQCFHJmma9X2'}
2026-05-15 06:28:21,938 [WARNING] layers.layer123_enrichment: L123 ⊘ fallback 'Lift Truck Parking'
2026-05-15 06:28:21,940 [INFO] layers.layer1_topic_classifier: L1 ✓ concept→task lift_truck_parking.dita
2026-05-15 06:28:21,940 [INFO] utils.body_preserver: [BodyPreserver] Successfully merged: DOCTYPE preserved, body preserved, AI enrichment applied
2026-05-15 06:28:21,940 [INFO] layers.layer2_shortdesc_generator: L2 ✓ shortdesc lift_truck_parking.dita
2026-05-15 06:28:21,943 [INFO] utils.body_preserver: [BodyPreserver] Successfully merged: DOCTYPE preserved, body preserved, AI enrichment applied
2026-05-15 06:28:21,943 [INFO] layers.layer3_keywords_indexterms: L3 ✓ prolog lift_truck_parking.dita
2026-05-15 06:28:21,950 [INFO] pipeline.enrich_runner: [EnrichPipeline] Enriched 'Lift Truck Parking' → type=task, confidence=low
2026-05-15 06:28:22,001 [INFO] httpx: HTTP Request: POST https://api.anthropic.com/v1/messages "HTTP/1.1 401 Unauthorized"
2026-05-15 06:28:22,002 [ERROR] layers.layer123_enrichment: L123 ✗ error: Error code: 401 - {'type': 'error', 'error': {'type': 'authentication_error', 'message': 'invalid x-api-key'}, 'request_id': 'req_011Cb3t4WdyvzxyrmiApHzQp'}
2026-05-15 06:28:22,003 [WARNING] layers.layer123_enrichment: L123 ⊘ fallback 'Hand Placement Warning'
2026-05-15 06:28:22,005 [INFO] layers.layer1_topic_classifier: L1 ✓ topic→concept hand_placement_warning.dita
2026-05-15 06:28:22,006 [INFO] utils.body_preserver: [BodyPreserver] Successfully merged: DOCTYPE preserved, body preserved, AI enrichment applied
2026-05-15 06:28:22,006 [INFO] layers.layer2_shortdesc_generator: L2 ✓ shortdesc hand_placement_warning.dita
2026-05-15 06:28:22,010 [INFO] utils.body_preserver: [BodyPreserver] Successfully merged: DOCTYPE preserved, body preserved, AI enrichment applied
2026-05-15 06:28:22,010 [INFO] layers.layer3_keywords_indexterms: L3 ✓ prolog hand_placement_warning.dita
2026-05-15 06:28:22,021 [INFO] pipeline.enrich_runner: [EnrichPipeline] Enriched 'Hand Placement Warning' → type=concept, confidence=low
2026-05-15 06:28:22,024 [INFO] httpx: HTTP Request: POST https://api.anthropic.com/v1/messages "HTTP/1.1 401 Unauthorized"
2026-05-15 06:28:22,026 [ERROR] layers.layer123_enrichment: L123 ✗ error: Error code: 401 - {'type': 'error', 'error': {'type': 'authentication_error', 'message': 'invalid x-api-key'}, 'request_id': 'req_011Cb3t4XN8qwbGGVPkT8tUU'}
2026-05-15 06:28:22,026 [WARNING] layers.layer123_enrichment: L123 ⊘ fallback 'Lift Truck Stability'
2026-05-15 06:28:22,029 [INFO] layers.layer1_topic_classifier: L1 ✓ topic→concept lift_truck_stability.dita
2026-05-15 06:28:22,029 [INFO] utils.body_preserver: [BodyPreserver] Successfully merged: DOCTYPE preserved, body preserved, AI enrichment applied
2026-05-15 06:28:22,030 [INFO] layers.layer2_shortdesc_generator: L2 ✓ shortdesc lift_truck_stability.dita
2026-05-15 06:28:22,033 [INFO] utils.body_preserver: [BodyPreserver] Successfully merged: DOCTYPE preserved, body preserved, AI enrichment applied
2026-05-15 06:28:22,033 [INFO] layers.layer3_keywords_indexterms: L3 ✓ prolog lift_truck_stability.dita
2026-05-15 06:28:22,043 [INFO] pipeline.enrich_runner: [EnrichPipeline] Enriched 'Lift Truck Stability' → type=concept, confidence=low
2026-05-15 06:28:22,187 [INFO] httpx: HTTP Request: POST https://api.anthropic.com/v1/messages "HTTP/1.1 401 Unauthorized"
2026-05-15 06:28:22,189 [ERROR] layers.layer123_enrichment: L123 ✗ error: Error code: 401 - {'type': 'error', 'error': {'type': 'authentication_error', 'message': 'invalid x-api-key'}, 'request_id': 'req_011Cb3t4Y7HcAcwt8NbWeheL'}
2026-05-15 06:28:22,189 [WARNING] layers.layer123_enrichment: L123 ⊘ fallback 'Lift Truck Stability Base'
2026-05-15 06:28:22,192 [INFO] layers.layer1_topic_classifier: L1 ✓ topic→concept lift_truck_stability_base.dita
2026-05-15 06:28:22,192 [INFO] utils.body_preserver: [BodyPreserver] Successfully merged: DOCTYPE preserved, body preserved, AI enrichment applied
2026-05-15 06:28:22,192 [INFO] layers.layer2_shortdesc_generator: L2 ✓ shortdesc lift_truck_stability_base.dita
2026-05-15 06:28:22,195 [INFO] utils.body_preserver: [BodyPreserver] Successfully merged: DOCTYPE preserved, body preserved, AI enrichment applied
2026-05-15 06:28:22,196 [INFO] layers.layer3_keywords_indexterms: L3 ✓ prolog lift_truck_stability_base.dita
2026-05-15 06:28:22,204 [INFO] pipeline.enrich_runner: [EnrichPipeline] Enriched 'Lift Truck Stability Base' → type=concept, confidence=low
2026-05-15 06:28:22,205 [INFO] httpx: HTTP Request: POST https://api.anthropic.com/v1/messages "HTTP/1.1 401 Unauthorized"
2026-05-15 06:28:22,207 [ERROR] layers.layer123_enrichment: L123 ✗ error: Error code: 401 - {'type': 'error', 'error': {'type': 'authentication_error', 'message': 'invalid x-api-key'}, 'request_id': 'req_011Cb3t4Y8XZuVLftp4RLAZ3'}
2026-05-15 06:28:22,208 [WARNING] layers.layer123_enrichment: L123 ⊘ fallback 'Lines, Tubes and Hoses'
2026-05-15 06:28:22,209 [INFO] utils.body_preserver: [BodyPreserver] Successfully merged: DOCTYPE preserved, body preserved, AI enrichment applied
2026-05-15 06:28:22,210 [INFO] layers.layer2_shortdesc_generator: L2 ✓ shortdesc lines_tubes_and_hoses.dita
2026-05-15 06:28:22,212 [INFO] utils.body_preserver: [BodyPreserver] Successfully merged: DOCTYPE preserved, body preserved, AI enrichment applied
2026-05-15 06:28:22,212 [INFO] layers.layer3_keywords_indexterms: L3 ✓ prolog lines_tubes_and_hoses.dita
2026-05-15 06:28:22,220 [INFO] pipeline.enrich_runner: [EnrichPipeline] Enriched 'Lines, Tubes and Hoses' → type=concept, confidence=low
2026-05-15 06:28:22,284 [INFO] httpx: HTTP Request: POST https://api.anthropic.com/v1/messages "HTTP/1.1 401 Unauthorized"
2026-05-15 06:28:22,285 [ERROR] layers.layer123_enrichment: L123 ✗ error: Error code: 401 - {'type': 'error', 'error': {'type': 'authentication_error', 'message': 'invalid x-api-key'}, 'request_id': 'req_011Cb3t4YXLbrnVoNiAjZS8q'}
2026-05-15 06:28:22,286 [WARNING] layers.layer123_enrichment: L123 ⊘ fallback 'Loading or Unloading Trucks/Trailers'
2026-05-15 06:28:22,288 [INFO] utils.body_preserver: [BodyPreserver] Successfully merged: DOCTYPE preserved, body preserved, AI enrichment applied
2026-05-15 06:28:22,288 [INFO] layers.layer2_shortdesc_generator: L2 ✓ shortdesc loading_or_unloading_trucks_trailers.dita
2026-05-15 06:28:22,290 [INFO] utils.body_preserver: [BodyPreserver] Successfully merged: DOCTYPE preserved, body preserved, AI enrichment applied
2026-05-15 06:28:22,291 [INFO] layers.layer3_keywords_indexterms: L3 ✓ prolog loading_or_unloading_trucks_trailers.dita
2026-05-15 06:28:22,298 [INFO] pipeline.enrich_runner: [EnrichPipeline] Enriched 'Loading or Unloading Trucks/Trailers' → type=concept, confidence=low
2026-05-15 06:28:22,380 [INFO] httpx: HTTP Request: POST https://api.anthropic.com/v1/messages "HTTP/1.1 401 Unauthorized"
2026-05-15 06:28:22,382 [ERROR] layers.layer123_enrichment: L123 ✗ error: Error code: 401 - {'type': 'error', 'error': {'type': 'authentication_error', 'message': 'invalid x-api-key'}, 'request_id': 'req_011Cb3t4YwPjrTXWpWwDMqj9'}
2026-05-15 06:28:22,382 [WARNING] layers.layer123_enrichment: L123 ⊘ fallback 'LPG'
2026-05-15 06:28:22,385 [INFO] utils.body_preserver: [BodyPreserver] Successfully merged: DOCTYPE preserved, body preserved, AI enrichment applied
2026-05-15 06:28:22,385 [INFO] layers.layer2_shortdesc_generator: L2 ✓ shortdesc lpg.dita
2026-05-15 06:28:22,389 [INFO] utils.body_preserver: [BodyPreserver] Successfully merged: DOCTYPE preserved, body preserved, AI enrichment applied
2026-05-15 06:28:22,389 [INFO] layers.layer3_keywords_indexterms: L3 ✓ prolog lpg.dita
2026-05-15 06:28:22,401 [INFO] pipeline.enrich_runner: [EnrichPipeline] Enriched 'LPG' → type=concept, confidence=low
2026-05-15 06:28:22,402 [INFO] httpx: HTTP Request: POST https://api.anthropic.com/v1/messages "HTTP/1.1 401 Unauthorized"
2026-05-15 06:28:22,404 [ERROR] layers.layer123_enrichment: L123 ✗ error: Error code: 401 - {'type': 'error', 'error': {'type': 'authentication_error', 'message': 'invalid x-api-key'}, 'request_id': 'req_011Cb3t4Yuey1nkyfBLDQQir'}
2026-05-15 06:28:22,404 [WARNING] layers.layer123_enrichment: L123 ⊘ fallback 'Maintenance Information'
2026-05-15 06:28:22,406 [INFO] layers.layer1_topic_classifier: L1 ✓ concept→task maintenance_information.dita
2026-05-15 06:28:22,406 [INFO] utils.body_preserver: [BodyPreserver] Successfully merged: DOCTYPE preserved, body preserved, AI enrichment applied
2026-05-15 06:28:22,407 [INFO] layers.layer2_shortdesc_generator: L2 ✓ shortdesc maintenance_information.dita
2026-05-15 06:28:22,409 [INFO] utils.body_preserver: [BodyPreserver] Successfully merged: DOCTYPE preserved, body preserved, AI enrichment applied
2026-05-15 06:28:22,409 [INFO] layers.layer3_keywords_indexterms: L3 ✓ prolog maintenance_information.dita
2026-05-15 06:28:22,416 [INFO] pipeline.enrich_runner: [EnrichPipeline] Enriched 'Maintenance Information' → type=task, confidence=low
2026-05-15 06:28:22,549 [INFO] httpx: HTTP Request: POST https://api.anthropic.com/v1/messages "HTTP/1.1 401 Unauthorized"
2026-05-15 06:28:22,551 [ERROR] layers.layer123_enrichment: L123 ✗ error: Error code: 401 - {'type': 'error', 'error': {'type': 'authentication_error', 'message': 'invalid x-api-key'}, 'request_id': 'req_011Cb3t4ZgHoxU56Qrn1PzhT'}
2026-05-15 06:28:22,551 [WARNING] layers.layer123_enrichment: L123 ⊘ fallback 'Moving Fan Warning'
2026-05-15 06:28:22,554 [INFO] utils.body_preserver: [BodyPreserver] Successfully merged: DOCTYPE preserved, body preserved, AI enrichment applied
2026-05-15 06:28:22,554 [INFO] layers.layer2_shortdesc_generator: L2 ✓ shortdesc moving_fan_warning.dita
2026-05-15 06:28:22,557 [INFO] utils.body_preserver: [BodyPreserver] Successfully merged: DOCTYPE preserved, body preserved, AI enrichment applied
2026-05-15 06:28:22,558 [INFO] layers.layer3_keywords_indexterms: L3 ✓ prolog moving_fan_warning.dita
2026-05-15 06:28:22,566 [INFO] pipeline.enrich_runner: [EnrichPipeline] Enriched 'Moving Fan Warning' → type=topic, confidence=low
2026-05-15 06:28:22,569 [INFO] httpx: HTTP Request: POST https://api.anthropic.com/v1/messages "HTTP/1.1 401 Unauthorized"
2026-05-15 06:28:22,570 [ERROR] layers.layer123_enrichment: L123 ✗ error: Error code: 401 - {'type': 'error', 'error': {'type': 'authentication_error', 'message': 'invalid x-api-key'}, 'request_id': 'req_011Cb3t4Zf4CuuzUgoThB76s'}
2026-05-15 06:28:22,571 [WARNING] layers.layer123_enrichment: L123 ⊘ fallback 'Mounting and Dismounting'
2026-05-15 06:28:22,572 [INFO] utils.body_preserver: [BodyPreserver] Successfully merged: DOCTYPE preserved, body preserved, AI enrichment applied
2026-05-15 06:28:22,573 [INFO] layers.layer2_shortdesc_generator: L2 ✓ shortdesc mounting_and_dismounting.dita
2026-05-15 06:28:22,575 [INFO] utils.body_preserver: [BodyPreserver] Successfully merged: DOCTYPE preserved, body preserved, AI enrichment applied
2026-05-15 06:28:22,575 [INFO] layers.layer3_keywords_indexterms: L3 ✓ prolog mounting_and_dismounting.dita
2026-05-15 06:28:22,583 [INFO] pipeline.enrich_runner: [EnrichPipeline] Enriched 'Mounting and Dismounting' → type=concept, confidence=low
2026-05-15 06:28:22,622 [INFO] httpx: HTTP Request: POST https://api.anthropic.com/v1/messages "HTTP/1.1 401 Unauthorized"
2026-05-15 06:28:22,623 [ERROR] layers.layer123_enrichment: L123 ✗ error: Error code: 401 - {'type': 'error', 'error': {'type': 'authentication_error', 'message': 'invalid x-api-key'}, 'request_id': 'req_011Cb3t4a197YCGCer9rfZKy'}
2026-05-15 06:28:22,623 [WARNING] layers.layer123_enrichment: L123 ⊘ fallback 'No Riders Warning'
2026-05-15 06:28:22,625 [INFO] layers.layer1_topic_classifier: L1 ✓ topic→concept no_riders_warning.dita
2026-05-15 06:28:22,626 [INFO] utils.body_preserver: [BodyPreserver] Successfully merged: DOCTYPE preserved, body preserved, AI enrichment applied
2026-05-15 06:28:22,626 [INFO] layers.layer2_shortdesc_generator: L2 ✓ shortdesc no_riders_warning.dita
2026-05-15 06:28:22,628 [INFO] utils.body_preserver: [BodyPreserver] Successfully merged: DOCTYPE preserved, body preserved, AI enrichment applied
2026-05-15 06:28:22,628 [INFO] layers.layer3_keywords_indexterms: L3 ✓ prolog no_riders_warning.dita
2026-05-15 06:28:22,636 [INFO] pipeline.enrich_runner: [EnrichPipeline] Enriched 'No Riders Warning' → type=concept, confidence=low
2026-05-15 06:28:22,752 [INFO] httpx: HTTP Request: POST https://api.anthropic.com/v1/messages "HTTP/1.1 401 Unauthorized"
2026-05-15 06:28:22,753 [ERROR] layers.layer123_enrichment: L123 ✗ error: Error code: 401 - {'type': 'error', 'error': {'type': 'authentication_error', 'message': 'invalid x-api-key'}, 'request_id': 'req_011Cb3t4aW9gEnwATTSw6fqW'}
2026-05-15 06:28:22,753 [WARNING] layers.layer123_enrichment: L123 ⊘ fallback 'Operating the Lift Truck'
2026-05-15 06:28:22,755 [INFO] utils.body_preserver: [BodyPreserver] Successfully merged: DOCTYPE preserved, body preserved, AI enrichment applied
2026-05-15 06:28:22,756 [INFO] layers.layer2_shortdesc_generator: L2 ✓ shortdesc operating_the_lift_truck.dita
2026-05-15 06:28:22,758 [INFO] utils.body_preserver: [BodyPreserver] Successfully merged: DOCTYPE preserved, body preserved, AI enrichment applied
2026-05-15 06:28:22,758 [INFO] layers.layer3_keywords_indexterms: L3 ✓ prolog operating_the_lift_truck.dita
2026-05-15 06:28:22,766 [INFO] pipeline.enrich_runner: [EnrichPipeline] Enriched 'Operating the Lift Truck' → type=concept, confidence=low
2026-05-15 06:28:22,768 [INFO] httpx: HTTP Request: POST https://api.anthropic.com/v1/messages "HTTP/1.1 401 Unauthorized"
2026-05-15 06:28:22,769 [ERROR] layers.layer123_enrichment: L123 ✗ error: Error code: 401 - {'type': 'error', 'error': {'type': 'authentication_error', 'message': 'invalid x-api-key'}, 'request_id': 'req_011Cb3t4aVuT3hTNfaYQZ6gp'}
2026-05-15 06:28:22,770 [WARNING] layers.layer123_enrichment: L123 ⊘ fallback 'Oils'
2026-05-15 06:28:22,772 [INFO] layers.layer1_topic_classifier: L1 ✓ concept→task oils.dita
2026-05-15 06:28:22,772 [INFO] utils.body_preserver: [BodyPreserver] Successfully merged: DOCTYPE preserved, body preserved, AI enrichment applied
2026-05-15 06:28:22,772 [INFO] layers.layer2_shortdesc_generator: L2 ✓ shortdesc oils.dita
2026-05-15 06:28:22,774 [INFO] utils.body_preserver: [BodyPreserver] Successfully merged: DOCTYPE preserved, body preserved, AI enrichment applied
2026-05-15 06:28:22,775 [INFO] layers.layer3_keywords_indexterms: L3 ✓ prolog oils.dita
2026-05-15 06:28:22,782 [INFO] pipeline.enrich_runner: [EnrichPipeline] Enriched 'Oils' → type=task, confidence=low
2026-05-15 06:28:22,936 [INFO] httpx: HTTP Request: POST https://api.anthropic.com/v1/messages "HTTP/1.1 401 Unauthorized"
2026-05-15 06:28:22,938 [ERROR] layers.layer123_enrichment: L123 ✗ error: Error code: 401 - {'type': 'error', 'error': {'type': 'authentication_error', 'message': 'invalid x-api-key'}, 'request_id': 'req_011Cb3t4bCKeW6KbeVeQcsxP'}
2026-05-15 06:28:22,938 [WARNING] layers.layer123_enrichment: L123 ⊘ fallback 'Release the Seat Belt'
2026-05-15 06:28:22,941 [INFO] utils.body_preserver: [BodyPreserver] Successfully merged: DOCTYPE preserved, body preserved, AI enrichment applied
2026-05-15 06:28:22,941 [INFO] layers.layer2_shortdesc_generator: L2 ✓ shortdesc release_the_seat_belt.dita
2026-05-15 06:28:22,945 [INFO] utils.body_preserver: [BodyPreserver] Successfully merged: DOCTYPE preserved, body preserved, AI enrichment applied
2026-05-15 06:28:22,945 [INFO] layers.layer3_keywords_indexterms: L3 ✓ prolog release_the_seat_belt.dita
2026-05-15 06:28:22,957 [INFO] pipeline.enrich_runner: [EnrichPipeline] Enriched 'Release the Seat Belt' → type=topic, confidence=low
2026-05-15 06:28:22,962 [INFO] httpx: HTTP Request: POST https://api.anthropic.com/v1/messages "HTTP/1.1 401 Unauthorized"
2026-05-15 06:28:22,964 [ERROR] layers.layer123_enrichment: L123 ✗ error: Error code: 401 - {'type': 'error', 'error': {'type': 'authentication_error', 'message': 'invalid x-api-key'}, 'request_id': 'req_011Cb3t4bSxE8aPCERg6Etj8'}
2026-05-15 06:28:22,965 [WARNING] layers.layer123_enrichment: L123 ⊘ fallback 'Safety'
2026-05-15 06:28:22,967 [INFO] utils.body_preserver: [BodyPreserver] Successfully merged: DOCTYPE preserved, body preserved, AI enrichment applied
2026-05-15 06:28:22,968 [INFO] layers.layer2_shortdesc_generator: L2 ✓ shortdesc safety.dita
2026-05-15 06:28:22,972 [INFO] utils.body_preserver: [BodyPreserver] Successfully merged: DOCTYPE preserved, body preserved, AI enrichment applied
2026-05-15 06:28:22,972 [INFO] layers.layer3_keywords_indexterms: L3 ✓ prolog safety.dita
2026-05-15 06:28:22,980 [INFO] pipeline.enrich_runner: [EnrichPipeline] Enriched 'Safety' → type=concept, confidence=low
2026-05-15 06:28:23,107 [INFO] httpx: HTTP Request: POST https://api.anthropic.com/v1/messages "HTTP/1.1 401 Unauthorized"
2026-05-15 06:28:23,108 [ERROR] layers.layer123_enrichment: L123 ✗ error: Error code: 401 - {'type': 'error', 'error': {'type': 'authentication_error', 'message': 'invalid x-api-key'}, 'request_id': 'req_011Cb3t4c4umWMf1KmoS5QDH'}
2026-05-15 06:28:23,108 [WARNING] layers.layer123_enrichment: L123 ⊘ fallback 'Seat Adjustment'
2026-05-15 06:28:23,110 [INFO] layers.layer1_topic_classifier: L1 ✓ topic→concept seat_adjustment.dita
2026-05-15 06:28:23,111 [INFO] utils.body_preserver: [BodyPreserver] Successfully merged: DOCTYPE preserved, body preserved, AI enrichment applied
2026-05-15 06:28:23,111 [INFO] layers.layer2_shortdesc_generator: L2 ✓ shortdesc seat_adjustment.dita
2026-05-15 06:28:23,113 [INFO] utils.body_preserver: [BodyPreserver] Successfully merged: DOCTYPE preserved, body preserved, AI enrichment applied
2026-05-15 06:28:23,114 [INFO] layers.layer3_keywords_indexterms: L3 ✓ prolog seat_adjustment.dita
2026-05-15 06:28:23,121 [INFO] pipeline.enrich_runner: [EnrichPipeline] Enriched 'Seat Adjustment' → type=concept, confidence=low
2026-05-15 06:28:23,126 [INFO] httpx: HTTP Request: POST https://api.anthropic.com/v1/messages "HTTP/1.1 401 Unauthorized"
2026-05-15 06:28:23,126 [ERROR] layers.layer123_enrichment: L123 ✗ error: Error code: 401 - {'type': 'error', 'error': {'type': 'authentication_error', 'message': 'invalid x-api-key'}, 'request_id': 'req_011Cb3t4c4fGRKCMLTtseX3q'}
2026-05-15 06:28:23,127 [WARNING] layers.layer123_enrichment: L123 ⊘ fallback 'Safety Rules'
2026-05-15 06:28:23,130 [INFO] layers.layer1_topic_classifier: L1 ✓ task→concept safety_rules.dita
2026-05-15 06:28:23,131 [INFO] utils.body_preserver: [BodyPreserver] Successfully merged: DOCTYPE preserved, body preserved, AI enrichment applied
2026-05-15 06:28:23,132 [INFO] layers.layer2_shortdesc_generator: L2 ✓ shortdesc safety_rules.dita
2026-05-15 06:28:23,134 [INFO] utils.body_preserver: [BodyPreserver] Successfully merged: DOCTYPE preserved, body preserved, AI enrichment applied
2026-05-15 06:28:23,135 [INFO] layers.layer3_keywords_indexterms: L3 ✓ prolog safety_rules.dita
2026-05-15 06:28:23,145 [INFO] pipeline.enrich_runner: [EnrichPipeline] Enriched 'Safety Rules' → type=concept, confidence=low
2026-05-15 06:28:23,229 [INFO] httpx: HTTP Request: POST https://api.anthropic.com/v1/messages "HTTP/1.1 401 Unauthorized"
2026-05-15 06:28:23,230 [ERROR] layers.layer123_enrichment: L123 ✗ error: Error code: 401 - {'type': 'error', 'error': {'type': 'authentication_error', 'message': 'invalid x-api-key'}, 'request_id': 'req_011Cb3t4bbtBmTdWNbhnBShi'}
2026-05-15 06:28:23,230 [WARNING] layers.layer123_enrichment: L123 ⊘ fallback 'Pressure Warning'
2026-05-15 06:28:23,232 [INFO] utils.body_preserver: [BodyPreserver] Successfully merged: DOCTYPE preserved, body preserved, AI enrichment applied
2026-05-15 06:28:23,233 [INFO] layers.layer2_shortdesc_generator: L2 ✓ shortdesc pressure_warning.dita
2026-05-15 06:28:23,235 [INFO] utils.body_preserver: [BodyPreserver] Successfully merged: DOCTYPE preserved, body preserved, AI enrichment applied
2026-05-15 06:28:23,235 [INFO] layers.layer3_keywords_indexterms: L3 ✓ prolog pressure_warning.dita
2026-05-15 06:28:23,243 [INFO] pipeline.enrich_runner: [EnrichPipeline] Enriched 'Pressure Warning' → type=topic, confidence=low
2026-05-15 06:28:23,304 [INFO] httpx: HTTP Request: POST https://api.anthropic.com/v1/messages "HTTP/1.1 401 Unauthorized"
2026-05-15 06:28:23,305 [ERROR] layers.layer123_enrichment: L123 ✗ error: Error code: 401 - {'type': 'error', 'error': {'type': 'authentication_error', 'message': 'invalid x-api-key'}, 'request_id': 'req_011Cb3t4crY898fZGrukoCJw'}
2026-05-15 06:28:23,305 [WARNING] layers.layer123_enrichment: L123 ⊘ fallback 'Seat Belt'
2026-05-15 06:28:23,307 [INFO] utils.body_preserver: [BodyPreserver] Successfully merged: DOCTYPE preserved, body preserved, AI enrichment applied
2026-05-15 06:28:23,307 [INFO] layers.layer2_shortdesc_generator: L2 ✓ shortdesc seat_belt.dita
2026-05-15 06:28:23,309 [INFO] utils.body_preserver: [BodyPreserver] Successfully merged: DOCTYPE preserved, body preserved, AI enrichment applied
2026-05-15 06:28:23,310 [INFO] layers.layer3_keywords_indexterms: L3 ✓ prolog seat_belt.dita
2026-05-15 06:28:23,318 [INFO] pipeline.enrich_runner: [EnrichPipeline] Enriched 'Seat Belt' → type=concept, confidence=low
2026-05-15 06:28:23,320 [INFO] httpx: HTTP Request: POST https://api.anthropic.com/v1/messages "HTTP/1.1 401 Unauthorized"
2026-05-15 06:28:23,321 [ERROR] layers.layer123_enrichment: L123 ✗ error: Error code: 401 - {'type': 'error', 'error': {'type': 'authentication_error', 'message': 'invalid x-api-key'}, 'request_id': 'req_011Cb3t4cvkWV4FHGD6GoiBs'}
2026-05-15 06:28:23,322 [WARNING] layers.layer123_enrichment: L123 ⊘ fallback 'Stability and Centre of Gravity'
2026-05-15 06:28:23,324 [INFO] utils.body_preserver: [BodyPreserver] Successfully merged: DOCTYPE preserved, body preserved, AI enrichment applied
2026-05-15 06:28:23,324 [INFO] layers.layer2_shortdesc_generator: L2 ✓ shortdesc stability_and_centre_of_gravity.dita
2026-05-15 06:28:23,327 [INFO] utils.body_preserver: [BodyPreserver] Successfully merged: DOCTYPE preserved, body preserved, AI enrichment applied
2026-05-15 06:28:23,327 [INFO] layers.layer3_keywords_indexterms: L3 ✓ prolog stability_and_centre_of_gravity.dita
2026-05-15 06:28:23,335 [INFO] pipeline.enrich_runner: [EnrichPipeline] Enriched 'Stability and Centre of Gravity' → type=concept, confidence=low
2026-05-15 06:28:23,454 [INFO] httpx: HTTP Request: POST https://api.anthropic.com/v1/messages "HTTP/1.1 401 Unauthorized"
2026-05-15 06:28:23,455 [ERROR] layers.layer123_enrichment: L123 ✗ error: Error code: 401 - {'type': 'error', 'error': {'type': 'authentication_error', 'message': 'invalid x-api-key'}, 'request_id': 'req_011Cb3t4dXxuugwAj2AMs916'}
2026-05-15 06:28:23,455 [WARNING] layers.layer123_enrichment: L123 ⊘ fallback 'Starting the Lift Truck'
2026-05-15 06:28:23,458 [INFO] utils.body_preserver: [BodyPreserver] Successfully merged: DOCTYPE preserved, body preserved, AI enrichment applied
2026-05-15 06:28:23,458 [INFO] layers.layer2_shortdesc_generator: L2 ✓ shortdesc starting_the_lift_truck.dita
2026-05-15 06:28:23,461 [INFO] utils.body_preserver: [BodyPreserver] Successfully merged: DOCTYPE preserved, body preserved, AI enrichment applied
2026-05-15 06:28:23,461 [INFO] layers.layer3_keywords_indexterms: L3 ✓ prolog starting_the_lift_truck.dita
2026-05-15 06:28:23,471 [INFO] pipeline.enrich_runner: [EnrichPipeline] Enriched 'Starting the Lift Truck' → type=task, confidence=low
2026-05-15 06:28:23,488 [INFO] httpx: HTTP Request: POST https://api.anthropic.com/v1/messages "HTTP/1.1 401 Unauthorized"
2026-05-15 06:28:23,489 [ERROR] layers.layer123_enrichment: L123 ✗ error: Error code: 401 - {'type': 'error', 'error': {'type': 'authentication_error', 'message': 'invalid x-api-key'}, 'request_id': 'req_011Cb3t4dcg8NKbRxALdSTBy'}
2026-05-15 06:28:23,490 [WARNING] layers.layer123_enrichment: L123 ⊘ fallback 'Tilting Cabin Operation Warning'
2026-05-15 06:28:23,491 [INFO] layers.layer1_topic_classifier: L1 ✓ topic→concept tilting_cabin_operation_warning.dita
2026-05-15 06:28:23,492 [INFO] utils.body_preserver: [BodyPreserver] Successfully merged: DOCTYPE preserved, body preserved, AI enrichment applied
2026-05-15 06:28:23,492 [INFO] layers.layer2_shortdesc_generator: L2 ✓ shortdesc tilting_cabin_operation_warning.dita
2026-05-15 06:28:23,494 [INFO] utils.body_preserver: [BodyPreserver] Successfully merged: DOCTYPE preserved, body preserved, AI enrichment applied
2026-05-15 06:28:23,494 [INFO] layers.layer3_keywords_indexterms: L3 ✓ prolog tilting_cabin_operation_warning.dita
2026-05-15 06:28:23,502 [INFO] pipeline.enrich_runner: [EnrichPipeline] Enriched 'Tilting Cabin Operation Warning' → type=concept, confidence=low
2026-05-15 06:28:23,576 [INFO] httpx: HTTP Request: POST https://api.anthropic.com/v1/messages "HTTP/1.1 401 Unauthorized"
2026-05-15 06:28:23,577 [ERROR] layers.layer123_enrichment: L123 ✗ error: Error code: 401 - {'type': 'error', 'error': {'type': 'authentication_error', 'message': 'invalid x-api-key'}, 'request_id': 'req_011Cb3t4e2yhPwJkuNtqrzaW'}
2026-05-15 06:28:23,578 [WARNING] layers.layer123_enrichment: L123 ⊘ fallback 'Training Required To Operate or Service'
2026-05-15 06:28:23,580 [INFO] utils.body_preserver: [BodyPreserver] Successfully merged: DOCTYPE preserved, body preserved, AI enrichment applied
2026-05-15 06:28:23,581 [INFO] layers.layer2_shortdesc_generator: L2 ✓ shortdesc training_required_to_operate_or_service.dita
2026-05-15 06:28:23,584 [INFO] utils.body_preserver: [BodyPreserver] Successfully merged: DOCTYPE preserved, body preserved, AI enrichment applied
2026-05-15 06:28:23,584 [INFO] layers.layer3_keywords_indexterms: L3 ✓ prolog training_required_to_operate_or_service.dita
2026-05-15 06:28:23,596 [INFO] pipeline.enrich_runner: [EnrichPipeline] Enriched 'Training Required To Operate or Service' → type=concept, confidence=low
2026-05-15 06:28:23,667 [INFO] httpx: HTTP Request: POST https://api.anthropic.com/v1/messages "HTTP/1.1 401 Unauthorized"
2026-05-15 06:28:23,669 [ERROR] layers.layer123_enrichment: L123 ✗ error: Error code: 401 - {'type': 'error', 'error': {'type': 'authentication_error', 'message': 'invalid x-api-key'}, 'request_id': 'req_011Cb3t4eUGp1yY3mGFshwnZ'}
2026-05-15 06:28:23,669 [WARNING] layers.layer123_enrichment: L123 ⊘ fallback 'Tyre Warning'
2026-05-15 06:28:23,672 [INFO] layers.layer1_topic_classifier: L1 ✓ task→concept tyre_warning.dita
2026-05-15 06:28:23,672 [INFO] utils.body_preserver: [BodyPreserver] Successfully merged: DOCTYPE preserved, body preserved, AI enrichment applied
2026-05-15 06:28:23,673 [INFO] layers.layer2_shortdesc_generator: L2 ✓ shortdesc tyre_warning.dita
2026-05-15 06:28:23,676 [INFO] utils.body_preserver: [BodyPreserver] Successfully merged: DOCTYPE preserved, body preserved, AI enrichment applied
2026-05-15 06:28:23,676 [INFO] layers.layer3_keywords_indexterms: L3 ✓ prolog tyre_warning.dita
2026-05-15 06:28:23,686 [INFO] pipeline.enrich_runner: [EnrichPipeline] Enriched 'Tyre Warning' → type=concept, confidence=low
2026-05-15 06:28:23,688 [INFO] httpx: HTTP Request: POST https://api.anthropic.com/v1/messages "HTTP/1.1 401 Unauthorized"
2026-05-15 06:28:23,689 [ERROR] layers.layer123_enrichment: L123 ✗ error: Error code: 401 - {'type': 'error', 'error': {'type': 'authentication_error', 'message': 'invalid x-api-key'}, 'request_id': 'req_011Cb3t4eSYH3Qkdn4Z8GZFQ'}
2026-05-15 06:28:23,690 [WARNING] layers.layer123_enrichment: L123 ⊘ fallback 'Tyre Information'
2026-05-15 06:28:23,693 [INFO] layers.layer1_topic_classifier: L1 ✓ task→concept tyre_information.dita
2026-05-15 06:28:23,693 [INFO] utils.body_preserver: [BodyPreserver] Successfully merged: DOCTYPE preserved, body preserved, AI enrichment applied
2026-05-15 06:28:23,694 [INFO] layers.layer2_shortdesc_generator: L2 ✓ shortdesc tyre_information.dita
2026-05-15 06:28:23,697 [INFO] utils.body_preserver: [BodyPreserver] Successfully merged: DOCTYPE preserved, body preserved, AI enrichment applied
2026-05-15 06:28:23,697 [INFO] layers.layer3_keywords_indexterms: L3 ✓ prolog tyre_information.dita
2026-05-15 06:28:23,707 [INFO] pipeline.enrich_runner: [EnrichPipeline] Enriched 'Tyre Information' → type=concept, confidence=low
2026-05-15 06:28:23,847 [INFO] httpx: HTTP Request: POST https://api.anthropic.com/v1/messages "HTTP/1.1 401 Unauthorized"
2026-05-15 06:28:23,849 [ERROR] layers.layer123_enrichment: L123 ✗ error: Error code: 401 - {'type': 'error', 'error': {'type': 'authentication_error', 'message': 'invalid x-api-key'}, 'request_id': 'req_011Cb3t4f9Cyse5AJEKyA2jR'}
2026-05-15 06:28:23,849 [WARNING] layers.layer123_enrichment: L123 ⊘ fallback 'Warning Signs and Labels'
2026-05-15 06:28:23,852 [INFO] layers.layer1_topic_classifier: L1 ✓ task→concept warning_signs_and_labels_2.dita
2026-05-15 06:28:23,852 [INFO] utils.body_preserver: [BodyPreserver] Successfully merged: DOCTYPE preserved, body preserved, AI enrichment applied
2026-05-15 06:28:23,853 [INFO] layers.layer2_shortdesc_generator: L2 ✓ shortdesc warning_signs_and_labels_2.dita
2026-05-15 06:28:23,855 [INFO] utils.body_preserver: [BodyPreserver] Successfully merged: DOCTYPE preserved, body preserved, AI enrichment applied
2026-05-15 06:28:23,855 [INFO] layers.layer3_keywords_indexterms: L3 ✓ prolog warning_signs_and_labels_2.dita
2026-05-15 06:28:23,863 [INFO] pipeline.enrich_runner: [EnrichPipeline] Enriched 'Warning Signs and Labels' → type=concept, confidence=low
2026-05-15 06:28:23,908 [INFO] httpx: HTTP Request: POST https://api.anthropic.com/v1/messages "HTTP/1.1 401 Unauthorized"
2026-05-15 06:28:23,909 [ERROR] layers.layer123_enrichment: L123 ✗ error: Error code: 401 - {'type': 'error', 'error': {'type': 'authentication_error', 'message': 'invalid x-api-key'}, 'request_id': 'req_011Cb3t4f1mNcGqyPNPpnRrM'}
2026-05-15 06:28:23,909 [WARNING] layers.layer123_enrichment: L123 ⊘ fallback 'Warning Signs and Labels'
2026-05-15 06:28:23,912 [INFO] utils.body_preserver: [BodyPreserver] Successfully merged: DOCTYPE preserved, body preserved, AI enrichment applied
2026-05-15 06:28:23,912 [INFO] layers.layer2_shortdesc_generator: L2 ✓ shortdesc warning_signs_and_labels.dita
2026-05-15 06:28:23,915 [INFO] utils.body_preserver: [BodyPreserver] Successfully merged: DOCTYPE preserved, body preserved, AI enrichment applied
2026-05-15 06:28:23,916 [INFO] layers.layer3_keywords_indexterms: L3 ✓ prolog warning_signs_and_labels.dita
2026-05-15 06:28:23,926 [INFO] pipeline.enrich_runner: [EnrichPipeline] Enriched 'Warning Signs and Labels' → type=concept, confidence=low
2026-05-15 06:28:23,933 [INFO] httpx: HTTP Request: POST https://api.anthropic.com/v1/messages "HTTP/1.1 401 Unauthorized"
2026-05-15 06:28:23,935 [ERROR] layers.layer123_enrichment: L123 ✗ error: Error code: 401 - {'type': 'error', 'error': {'type': 'authentication_error', 'message': 'invalid x-api-key'}, 'request_id': 'req_011Cb3t4fazdxz2ayjEVZn3f'}
2026-05-15 06:28:23,935 [WARNING] layers.layer123_enrichment: L123 ⊘ fallback 'AIR SUSPENSION SEAT(Option - GRAMMER)'
2026-05-15 06:28:23,938 [INFO] utils.body_preserver: [BodyPreserver] Successfully merged: DOCTYPE preserved, body preserved, AI enrichment applied
2026-05-15 06:28:23,939 [INFO] layers.layer2_shortdesc_generator: L2 ✓ shortdesc air_suspension_seat_option_grammer.dita
2026-05-15 06:28:23,943 [INFO] utils.body_preserver: [BodyPreserver] Successfully merged: DOCTYPE preserved, body preserved, AI enrichment applied
2026-05-15 06:28:23,943 [INFO] layers.layer3_keywords_indexterms: L3 ✓ prolog air_suspension_seat_option_grammer.dita
2026-05-15 06:28:23,957 [INFO] pipeline.enrich_runner: [EnrichPipeline] Enriched 'AIR SUSPENSION SEAT(Option - GRAMMER)' → type=task, confidence=low
2026-05-15 06:28:24,054 [INFO] httpx: HTTP Request: POST https://api.anthropic.com/v1/messages "HTTP/1.1 401 Unauthorized"
2026-05-15 06:28:24,055 [ERROR] layers.layer123_enrichment: L123 ✗ error: Error code: 401 - {'type': 'error', 'error': {'type': 'authentication_error', 'message': 'invalid x-api-key'}, 'request_id': 'req_011Cb3t4g3mpJ8PJjpc5TnXp'}
2026-05-15 06:28:24,056 [WARNING] layers.layer123_enrichment: L123 ⊘ fallback 'Circuit Breaker'
2026-05-15 06:28:24,058 [INFO] layers.layer1_topic_classifier: L1 ✓ topic→concept circuit_breaker.dita
2026-05-15 06:28:24,058 [INFO] utils.body_preserver: [BodyPreserver] Successfully merged: DOCTYPE preserved, body preserved, AI enrichment applied
2026-05-15 06:28:24,059 [INFO] layers.layer2_shortdesc_generator: L2 ✓ shortdesc circuit_breaker.dita
2026-05-15 06:28:24,062 [INFO] utils.body_preserver: [BodyPreserver] Successfully merged: DOCTYPE preserved, body preserved, AI enrichment applied
2026-05-15 06:28:24,063 [INFO] layers.layer3_keywords_indexterms: L3 ✓ prolog circuit_breaker.dita
2026-05-15 06:28:24,075 [INFO] pipeline.enrich_runner: [EnrichPipeline] Enriched 'Circuit Breaker' → type=concept, confidence=low
2026-05-15 06:28:24,078 [INFO] httpx: HTTP Request: POST https://api.anthropic.com/v1/messages "HTTP/1.1 401 Unauthorized"
2026-05-15 06:28:24,079 [ERROR] layers.layer123_enrichment: L123 ✗ error: Error code: 401 - {'type': 'error', 'error': {'type': 'authentication_error', 'message': 'invalid x-api-key'}, 'request_id': 'req_011Cb3t4gAy14F4vxqsEBKfu'}
2026-05-15 06:28:24,079 [WARNING] layers.layer123_enrichment: L123 ⊘ fallback 'Fuse Box'
2026-05-15 06:28:24,081 [INFO] layers.layer1_topic_classifier: L1 ✓ topic→concept fuse_box.dita
2026-05-15 06:28:24,081 [INFO] utils.body_preserver: [BodyPreserver] Successfully merged: DOCTYPE preserved, body preserved, AI enrichment applied
2026-05-15 06:28:24,081 [INFO] layers.layer2_shortdesc_generator: L2 ✓ shortdesc fuse_box.dita
2026-05-15 06:28:24,083 [INFO] utils.body_preserver: [BodyPreserver] Successfully merged: DOCTYPE preserved, body preserved, AI enrichment applied
2026-05-15 06:28:24,084 [INFO] layers.layer3_keywords_indexterms: L3 ✓ prolog fuse_box.dita
2026-05-15 06:28:24,092 [INFO] pipeline.enrich_runner: [EnrichPipeline] Enriched 'Fuse Box' → type=concept, confidence=low
2026-05-15 06:28:24,200 [INFO] httpx: HTTP Request: POST https://api.anthropic.com/v1/messages "HTTP/1.1 401 Unauthorized"
2026-05-15 06:28:24,201 [ERROR] layers.layer123_enrichment: L123 ✗ error: Error code: 401 - {'type': 'error', 'error': {'type': 'authentication_error', 'message': 'invalid x-api-key'}, 'request_id': 'req_011Cb3t4gjCsbu872eq8ziSr'}
2026-05-15 06:28:24,201 [WARNING] layers.layer123_enrichment: L123 ⊘ fallback 'Seat Adjustment'
2026-05-15 06:28:24,203 [INFO] layers.layer1_topic_classifier: L1 ✓ topic→task seat_adjustment_2.dita
2026-05-15 06:28:24,203 [INFO] utils.body_preserver: [BodyPreserver] Successfully merged: DOCTYPE preserved, body preserved, AI enrichment applied
2026-05-15 06:28:24,204 [INFO] layers.layer2_shortdesc_generator: L2 ✓ shortdesc seat_adjustment_2.dita
2026-05-15 06:28:24,206 [INFO] utils.body_preserver: [BodyPreserver] Successfully merged: DOCTYPE preserved, body preserved, AI enrichment applied
2026-05-15 06:28:24,206 [INFO] layers.layer3_keywords_indexterms: L3 ✓ prolog seat_adjustment_2.dita
2026-05-15 06:28:24,215 [INFO] pipeline.enrich_runner: [EnrichPipeline] Enriched 'Seat Adjustment' → type=task, confidence=low
2026-05-15 06:28:24,246 [INFO] httpx: HTTP Request: POST https://api.anthropic.com/v1/messages "HTTP/1.1 401 Unauthorized"
2026-05-15 06:28:24,247 [ERROR] layers.layer123_enrichment: L123 ✗ error: Error code: 401 - {'type': 'error', 'error': {'type': 'authentication_error', 'message': 'invalid x-api-key'}, 'request_id': 'req_011Cb3t4gxLpSbeZVTLmGxSJ'}
2026-05-15 06:28:24,247 [WARNING] layers.layer123_enrichment: L123 ⊘ fallback 'Seat Switch System'
2026-05-15 06:28:24,249 [INFO] layers.layer1_topic_classifier: L1 ✓ task→concept seat_switch_system.dita
2026-05-15 06:28:24,249 [INFO] utils.body_preserver: [BodyPreserver] Successfully merged: DOCTYPE preserved, body preserved, AI enrichment applied
2026-05-15 06:28:24,250 [INFO] layers.layer2_shortdesc_generator: L2 ✓ shortdesc seat_switch_system.dita
2026-05-15 06:28:24,252 [INFO] utils.body_preserver: [BodyPreserver] Successfully merged: DOCTYPE preserved, body preserved, AI enrichment applied
2026-05-15 06:28:24,252 [INFO] layers.layer3_keywords_indexterms: L3 ✓ prolog seat_switch_system.dita
2026-05-15 06:28:24,261 [INFO] pipeline.enrich_runner: [EnrichPipeline] Enriched 'Seat Switch System' → type=concept, confidence=low
2026-05-15 06:28:24,288 [INFO] httpx: HTTP Request: POST https://api.anthropic.com/v1/messages "HTTP/1.1 401 Unauthorized"
2026-05-15 06:28:24,289 [ERROR] layers.layer123_enrichment: L123 ✗ error: Error code: 401 - {'type': 'error', 'error': {'type': 'authentication_error', 'message': 'invalid x-api-key'}, 'request_id': 'req_011Cb3t4h7XDKZVSHPz6qhep'}
2026-05-15 06:28:24,289 [WARNING] layers.layer123_enrichment: L123 ⊘ fallback 'Steering Column Tilting Angle Adjustment'
2026-05-15 06:28:24,292 [INFO] layers.layer1_topic_classifier: L1 ✓ topic→concept steering_column_tilting_angle_adjustment.dita
2026-05-15 06:28:24,293 [INFO] utils.body_preserver: [BodyPreserver] Successfully merged: DOCTYPE preserved, body preserved, AI enrichment applied
2026-05-15 06:28:24,293 [INFO] layers.layer2_shortdesc_generator: L2 ✓ shortdesc steering_column_tilting_angle_adjustment.dita
2026-05-15 06:28:24,297 [INFO] utils.body_preserver: [BodyPreserver] Successfully merged: DOCTYPE preserved, body preserved, AI enrichment applied
2026-05-15 06:28:24,297 [INFO] layers.layer3_keywords_indexterms: L3 ✓ prolog steering_column_tilting_angle_adjustment.dita
2026-05-15 06:28:24,309 [INFO] pipeline.enrich_runner: [EnrichPipeline] Enriched 'Steering Column Tilting Angle Adjustment' → type=concept, confidence=low
2026-05-15 06:28:24,423 [INFO] httpx: HTTP Request: POST https://api.anthropic.com/v1/messages "HTTP/1.1 401 Unauthorized"
2026-05-15 06:28:24,424 [ERROR] layers.layer123_enrichment: L123 ✗ error: Error code: 401 - {'type': 'error', 'error': {'type': 'authentication_error', 'message': 'invalid x-api-key'}, 'request_id': 'req_011Cb3t4hfWZLnFBdKtDhxFv'}
2026-05-15 06:28:24,425 [WARNING] layers.layer123_enrichment: L123 ⊘ fallback 'Tow Eye'
2026-05-15 06:28:24,427 [INFO] layers.layer1_topic_classifier: L1 ✓ task→concept tow_eye.dita
2026-05-15 06:28:24,428 [INFO] utils.body_preserver: [BodyPreserver] Successfully merged: DOCTYPE preserved, body preserved, AI enrichment applied
2026-05-15 06:28:24,428 [INFO] layers.layer2_shortdesc_generator: L2 ✓ shortdesc tow_eye.dita
2026-05-15 06:28:24,432 [INFO] utils.body_preserver: [BodyPreserver] Successfully merged: DOCTYPE preserved, body preserved, AI enrichment applied
2026-05-15 06:28:24,432 [INFO] layers.layer3_keywords_indexterms: L3 ✓ prolog tow_eye.dita
2026-05-15 06:28:24,446 [INFO] pipeline.enrich_runner: [EnrichPipeline] Enriched 'Tow Eye' → type=concept, confidence=low
2026-05-15 06:28:24,471 [INFO] httpx: HTTP Request: POST https://api.anthropic.com/v1/messages "HTTP/1.1 401 Unauthorized"
2026-05-15 06:28:24,472 [ERROR] layers.layer123_enrichment: L123 ✗ error: Error code: 401 - {'type': 'error', 'error': {'type': 'authentication_error', 'message': 'invalid x-api-key'}, 'request_id': 'req_011Cb3t4hjUYugEa4KAcEech'}
2026-05-15 06:28:24,473 [WARNING] layers.layer123_enrichment: L123 ⊘ fallback 'Serial Number Locations'
2026-05-15 06:28:24,475 [INFO] layers.layer1_topic_classifier: L1 ✓ reference→topic serial_number_locations.dita
2026-05-15 06:28:24,475 [INFO] utils.body_preserver: [BodyPreserver] Successfully merged: DOCTYPE preserved, body preserved, AI enrichment applied
2026-05-15 06:28:24,475 [INFO] layers.layer2_shortdesc_generator: L2 ✓ shortdesc serial_number_locations.dita
2026-05-15 06:28:24,478 [INFO] utils.body_preserver: [BodyPreserver] Successfully merged: DOCTYPE preserved, body preserved, AI enrichment applied
2026-05-15 06:28:24,478 [INFO] layers.layer3_keywords_indexterms: L3 ✓ prolog serial_number_locations.dita
2026-05-15 06:28:24,486 [INFO] pipeline.enrich_runner: [EnrichPipeline] Enriched 'Serial Number Locations' → type=topic, confidence=low
2026-05-15 06:28:24,552 [INFO] httpx: HTTP Request: POST https://api.anthropic.com/v1/messages "HTTP/1.1 401 Unauthorized"
2026-05-15 06:28:24,553 [ERROR] layers.layer123_enrichment: L123 ✗ error: Error code: 401 - {'type': 'error', 'error': {'type': 'authentication_error', 'message': 'invalid x-api-key'}, 'request_id': 'req_011Cb3t4iC1YcTjsWEJuiMEu'}
2026-05-15 06:28:24,553 [WARNING] layers.layer123_enrichment: L123 ⊘ fallback 'Specifications'
2026-05-15 06:28:24,559 [INFO] layers.layer1_topic_classifier: L1 ✓ reference→task specifications.dita
2026-05-15 06:28:24,561 [INFO] utils.body_preserver: [BodyPreserver] Successfully merged: DOCTYPE preserved, body preserved, AI enrichment applied
2026-05-15 06:28:24,562 [INFO] layers.layer2_shortdesc_generator: L2 ✓ shortdesc specifications.dita
2026-05-15 06:28:24,565 [INFO] utils.body_preserver: [BodyPreserver] Successfully merged: DOCTYPE preserved, body preserved, AI enrichment applied
2026-05-15 06:28:24,566 [INFO] layers.layer3_keywords_indexterms: L3 ✓ prolog specifications.dita
2026-05-15 06:28:24,575 [INFO] pipeline.enrich_runner: [EnrichPipeline] Enriched 'Specifications' → type=task, confidence=low
2026-05-15 06:28:24,633 [INFO] httpx: HTTP Request: POST https://api.anthropic.com/v1/messages "HTTP/1.1 401 Unauthorized"
2026-05-15 06:28:24,635 [ERROR] layers.layer123_enrichment: L123 ✗ error: Error code: 401 - {'type': 'error', 'error': {'type': 'authentication_error', 'message': 'invalid x-api-key'}, 'request_id': 'req_011Cb3t4ic4qnExvNrRoC63Q'}
2026-05-15 06:28:24,635 [WARNING] layers.layer123_enrichment: L123 ⊘ fallback 'Starting Diesel Engine at Cold'
2026-05-15 06:28:24,637 [INFO] utils.body_preserver: [BodyPreserver] Successfully merged: DOCTYPE preserved, body preserved, AI enrichment applied
2026-05-15 06:28:24,637 [INFO] layers.layer2_shortdesc_generator: L2 ✓ shortdesc starting_diesel_engine_at_cold.dita
2026-05-15 06:28:24,639 [INFO] utils.body_preserver: [BodyPreserver] Successfully merged: DOCTYPE preserved, body preserved, AI enrichment applied
2026-05-15 06:28:24,639 [INFO] layers.layer3_keywords_indexterms: L3 ✓ prolog starting_diesel_engine_at_cold.dita
2026-05-15 06:28:24,648 [INFO] pipeline.enrich_runner: [EnrichPipeline] Enriched 'Starting Diesel Engine at Cold' → type=task, confidence=low
2026-05-15 06:28:24,771 [INFO] httpx: HTTP Request: POST https://api.anthropic.com/v1/messages "HTTP/1.1 401 Unauthorized"
2026-05-15 06:28:24,773 [ERROR] layers.layer123_enrichment: L123 ✗ error: Error code: 401 - {'type': 'error', 'error': {'type': 'authentication_error', 'message': 'invalid x-api-key'}, 'request_id': 'req_011Cb3t4jBYVtviZFwWP4MD4'}
2026-05-15 06:28:24,773 [WARNING] layers.layer123_enrichment: L123 ⊘ fallback 'Starting Diesel Engine at Warm (Mechanical engine)'
2026-05-15 06:28:24,775 [INFO] utils.body_preserver: [BodyPreserver] Successfully merged: DOCTYPE preserved, body preserved, AI enrichment applied
2026-05-15 06:28:24,775 [INFO] layers.layer2_shortdesc_generator: L2 ✓ shortdesc starting_diesel_engine_at_warm_mechanical_engine.dita
2026-05-15 06:28:24,778 [INFO] utils.body_preserver: [BodyPreserver] Successfully merged: DOCTYPE preserved, body preserved, AI enrichment applied
2026-05-15 06:28:24,778 [INFO] layers.layer3_keywords_indexterms: L3 ✓ prolog starting_diesel_engine_at_warm_mechanical_engine.dita
2026-05-15 06:28:24,787 [INFO] pipeline.enrich_runner: [EnrichPipeline] Enriched 'Starting Diesel Engine at Warm (Mechanical engine)' → type=task, confidence=low
2026-05-15 06:28:24,811 [INFO] httpx: HTTP Request: POST https://api.anthropic.com/v1/messages "HTTP/1.1 401 Unauthorized"
2026-05-15 06:28:24,812 [ERROR] layers.layer123_enrichment: L123 ✗ error: Error code: 401 - {'type': 'error', 'error': {'type': 'authentication_error', 'message': 'invalid x-api-key'}, 'request_id': 'req_011Cb3t4jMDJvbsK2HDQJNaf'}
2026-05-15 06:28:24,812 [WARNING] layers.layer123_enrichment: L123 ⊘ fallback 'Starting From a 24/12 Volt External Source'
2026-05-15 06:28:24,814 [INFO] utils.body_preserver: [BodyPreserver] Successfully merged: DOCTYPE preserved, body preserved, AI enrichment applied
2026-05-15 06:28:24,814 [INFO] layers.layer2_shortdesc_generator: L2 ✓ shortdesc starting_from_a_24_12_volt_external_source.dita
2026-05-15 06:28:24,817 [INFO] utils.body_preserver: [BodyPreserver] Successfully merged: DOCTYPE preserved, body preserved, AI enrichment applied
2026-05-15 06:28:24,817 [INFO] layers.layer3_keywords_indexterms: L3 ✓ prolog starting_from_a_24_12_volt_external_source.dita
2026-05-15 06:28:24,826 [INFO] pipeline.enrich_runner: [EnrichPipeline] Enriched 'Starting From a 24/12 Volt External Source' → type=task, confidence=low
2026-05-15 06:28:24,998 [INFO] httpx: HTTP Request: POST https://api.anthropic.com/v1/messages "HTTP/1.1 401 Unauthorized"
2026-05-15 06:28:24,999 [ERROR] layers.layer123_enrichment: L123 ✗ error: Error code: 401 - {'type': 'error', 'error': {'type': 'authentication_error', 'message': 'invalid x-api-key'}, 'request_id': 'req_011Cb3t4jm23kLpsVfjdpN4n'}
2026-05-15 06:28:24,999 [WARNING] layers.layer123_enrichment: L123 ⊘ fallback 'Starting with Jumper Cables'
2026-05-15 06:28:25,002 [INFO] utils.body_preserver: [BodyPreserver] Successfully merged: DOCTYPE preserved, body preserved, AI enrichment applied
2026-05-15 06:28:25,002 [INFO] layers.layer2_shortdesc_generator: L2 ✓ shortdesc starting_with_jumper_cables.dita
2026-05-15 06:28:25,006 [INFO] utils.body_preserver: [BodyPreserver] Successfully merged: DOCTYPE preserved, body preserved, AI enrichment applied
2026-05-15 06:28:25,007 [INFO] layers.layer3_keywords_indexterms: L3 ✓ prolog starting_with_jumper_cables.dita
2026-05-15 06:28:25,022 [INFO] pipeline.enrich_runner: [EnrichPipeline] Enriched 'Starting with Jumper Cables' → type=concept, confidence=low
2026-05-15 06:28:25,057 [INFO] httpx: HTTP Request: POST https://api.anthropic.com/v1/messages "HTTP/1.1 401 Unauthorized"
2026-05-15 06:28:25,058 [ERROR] layers.layer123_enrichment: L123 ✗ error: Error code: 401 - {'type': 'error', 'error': {'type': 'authentication_error', 'message': 'invalid x-api-key'}, 'request_id': 'req_011Cb3t4kQhvnbwHo8g2PB3L'}
2026-05-15 06:28:25,058 [WARNING] layers.layer123_enrichment: L123 ⊘ fallback 'Prestart Conditions'
2026-05-15 06:28:25,060 [INFO] utils.body_preserver: [BodyPreserver] Successfully merged: DOCTYPE preserved, body preserved, AI enrichment applied
2026-05-15 06:28:25,060 [INFO] layers.layer2_shortdesc_generator: L2 ✓ shortdesc prestart_conditions.dita
2026-05-15 06:28:25,063 [INFO] utils.body_preserver: [BodyPreserver] Successfully merged: DOCTYPE preserved, body preserved, AI enrichment applied
2026-05-15 06:28:25,063 [INFO] layers.layer3_keywords_indexterms: L3 ✓ prolog prestart_conditions.dita
2026-05-15 06:28:25,072 [INFO] pipeline.enrich_runner: [EnrichPipeline] Enriched 'Prestart Conditions' → type=task, confidence=low
2026-05-15 06:28:25,128 [INFO] httpx: HTTP Request: POST https://api.anthropic.com/v1/messages "HTTP/1.1 401 Unauthorized"
2026-05-15 06:28:25,130 [ERROR] layers.layer123_enrichment: L123 ✗ error: Error code: 401 - {'type': 'error', 'error': {'type': 'authentication_error', 'message': 'invalid x-api-key'}, 'request_id': 'req_011Cb3t4kB5B5TF5YrXhkYte'}
2026-05-15 06:28:25,130 [WARNING] layers.layer123_enrichment: L123 ⊘ fallback 'Use of Jumper Cables'
2026-05-15 06:28:25,133 [INFO] utils.body_preserver: [BodyPreserver] Successfully merged: DOCTYPE preserved, body preserved, AI enrichment applied
2026-05-15 06:28:25,133 [INFO] utils.body_preserver: [BodyPreserver] All substeps properly nested under step — validation PASSED
2026-05-15 06:28:25,133 [INFO] layers.layer2_shortdesc_generator: L2 ✓ shortdesc use_of_jumper_cables.dita
2026-05-15 06:28:25,137 [INFO] utils.body_preserver: [BodyPreserver] Successfully merged: DOCTYPE preserved, body preserved, AI enrichment applied
2026-05-15 06:28:25,137 [INFO] utils.body_preserver: [BodyPreserver] All substeps properly nested under step — validation PASSED
2026-05-15 06:28:25,138 [INFO] layers.layer3_keywords_indexterms: L3 ✓ prolog use_of_jumper_cables.dita
2026-05-15 06:28:25,153 [INFO] pipeline.enrich_runner: [EnrichPipeline] Enriched 'Use of Jumper Cables' → type=task, confidence=low
2026-05-15 06:28:25,154 [INFO] pipeline.enrich_runner: [EnrichPipeline] Layers 1+2+3 complete — 193 topics processed
2026-05-15 06:28:25,155 [INFO] pipeline.enrich_runner: [EnrichPipeline] Reclassification summary — 87 of 193 topics had type changed by AI
2026-05-15 06:28:25,155 [INFO] pipeline.enrich_runner: [EnrichPipeline] [RECLASSIFIED] after_starting_the_engine/after_starting_the_engine.dita     task → concept (confidence=low)
2026-05-15 06:28:25,155 [INFO] pipeline.enrich_runner: [EnrichPipeline] [RECLASSIFIED] after_starting_the_engine/def_ad_blue_level_inducement_for_usa.dita reference → task (confidence=low)
2026-05-15 06:28:25,155 [INFO] pipeline.enrich_runner: [EnrichPipeline] [RECLASSIFIED] after_starting_the_engine/def_ad_blue_quality_failure_for_usa.dita reference → task (confidence=low)
2026-05-15 06:28:25,155 [INFO] pipeline.enrich_runner: [EnrichPipeline] [RECLASSIFIED] after_starting_the_engine/detecting_control_failure.dita     reference → task (confidence=low)
2026-05-15 06:28:25,155 [INFO] pipeline.enrich_runner: [EnrichPipeline] [RECLASSIFIED] after_starting_the_engine/display_of_detecting_control_failure.dita reference → task (confidence=low)
2026-05-15 06:28:25,155 [INFO] pipeline.enrich_runner: [EnrichPipeline] [RECLASSIFIED] after_starting_the_engine/impeded_egr_for_europe.dita        reference → concept (confidence=low)
2026-05-15 06:28:25,155 [INFO] pipeline.enrich_runner: [EnrichPipeline] [RECLASSIFIED] after_starting_the_engine/interruption_of_dosing_for_europe.dita reference → concept (confidence=low)
2026-05-15 06:28:25,155 [INFO] pipeline.enrich_runner: [EnrichPipeline] [RECLASSIFIED] after_starting_the_engine/scr_system_tampering_for_europe.dita reference → concept (confidence=low)
2026-05-15 06:28:25,155 [INFO] pipeline.enrich_runner: [EnrichPipeline] [RECLASSIFIED] after_starting_the_engine/scr_system_tampering_for_usa.dita  reference → concept (confidence=low)
2026-05-15 06:28:25,155 [INFO] pipeline.enrich_runner: [EnrichPipeline] [RECLASSIFIED] capacity_chart/capacity_chart.dita                           reference → concept (confidence=low)
2026-05-15 06:28:25,155 [INFO] pipeline.enrich_runner: [EnrichPipeline] [RECLASSIFIED] lift_truck_controls/direction_control_lever.dita             topic → concept (confidence=low)
2026-05-15 06:28:25,156 [INFO] pipeline.enrich_runner: [EnrichPipeline] [RECLASSIFIED] lift_truck_controls/how_to_operate_the_power_pack_for_manual_tilting.dita task → concept (confidence=low)
2026-05-15 06:28:25,156 [INFO] pipeline.enrich_runner: [EnrichPipeline] [RECLASSIFIED] lift_truck_controls/scr_cleaning_desox_switch.dita           task → concept (confidence=low)
2026-05-15 06:28:25,156 [INFO] pipeline.enrich_runner: [EnrichPipeline] [RECLASSIFIED] lift_truck_controls/transmission_display.dita                task → concept (confidence=low)
2026-05-15 06:28:25,156 [INFO] pipeline.enrich_runner: [EnrichPipeline] [RECLASSIFIED] lift_truck_operation/steering_knob_if_equipped.dita          topic → concept (confidence=low)
2026-05-15 06:28:25,156 [INFO] pipeline.enrich_runner: [EnrichPipeline] [RECLASSIFIED] noise_and_vibration/noise.dita                               reference → task (confidence=low)
2026-05-15 06:28:25,156 [INFO] pipeline.enrich_runner: [EnrichPipeline] [RECLASSIFIED] noise_and_vibration/vibration_weighted_overall_value.dita    reference → task (confidence=low)
2026-05-15 06:28:25,156 [INFO] pipeline.enrich_runner: [EnrichPipeline] [RECLASSIFIED] operating_techniques/inching_into_loads.dita                 task → topic (confidence=low)
2026-05-15 06:28:25,156 [INFO] pipeline.enrich_runner: [EnrichPipeline] [RECLASSIFIED] operating_techniques/lifting_drums_or_round_objects.dita     task → concept (confidence=low)
2026-05-15 06:28:25,156 [INFO] pipeline.enrich_runner: [EnrichPipeline] [RECLASSIFIED] operating_techniques/lifting_the_load.dita                   task → concept (confidence=low)
2026-05-15 06:28:25,156 [INFO] pipeline.enrich_runner: [EnrichPipeline] [RECLASSIFIED] operating_techniques/load_shift.dita                         concept → topic (confidence=low)
2026-05-15 06:28:25,156 [INFO] pipeline.enrich_runner: [EnrichPipeline] [RECLASSIFIED] operating_techniques/load_stability.dita                     concept → topic (confidence=low)
2026-05-15 06:28:25,157 [INFO] pipeline.enrich_runner: [EnrichPipeline] [RECLASSIFIED] operating_techniques/load_swing.dita                         concept → topic (confidence=low)
2026-05-15 06:28:25,157 [INFO] pipeline.enrich_runner: [EnrichPipeline] [RECLASSIFIED] operating_techniques/operating_in_hot_weather.dita           task → concept (confidence=low)
2026-05-15 06:28:25,157 [INFO] pipeline.enrich_runner: [EnrichPipeline] [RECLASSIFIED] operating_techniques/safety_instructions_for_attachments_when_transporting_suspended_load.dita task → concept (confidence=low)
2026-05-15 06:28:25,157 [INFO] pipeline.enrich_runner: [EnrichPipeline] [RECLASSIFIED] operating_techniques/safety_instructions_for_attachments_when_transporting_wide_loads.dita task → topic (confidence=low)
2026-05-15 06:28:25,157 [INFO] pipeline.enrich_runner: [EnrichPipeline] [RECLASSIFIED] operating_techniques/traveling_with_the_load.dita            task → concept (confidence=low)
2026-05-15 06:28:25,157 [INFO] pipeline.enrich_runner: [EnrichPipeline] [RECLASSIFIED] operating_techniques/unloading.dita                          task → concept (confidence=low)
2026-05-15 06:28:25,157 [INFO] pipeline.enrich_runner: [EnrichPipeline] [RECLASSIFIED] operating_techniques/visibility.dita                         concept → topic (confidence=low)
2026-05-15 06:28:25,157 [INFO] pipeline.enrich_runner: [EnrichPipeline] [RECLASSIFIED] operator_s_station_and_monitoring_systems/2_the_left_side_dash_board_cabin.dita reference → concept (confidence=low)
2026-05-15 06:28:25,157 [INFO] pipeline.enrich_runner: [EnrichPipeline] [RECLASSIFIED] operator_s_station_and_monitoring_systems/3_the_operator_switches.dita task → concept (confidence=low)
2026-05-15 06:28:25,157 [INFO] pipeline.enrich_runner: [EnrichPipeline] [RECLASSIFIED] operator_s_station_and_monitoring_systems/5_pedal_configuration.dita reference → concept (confidence=low)
2026-05-15 06:28:25,157 [INFO] pipeline.enrich_runner: [EnrichPipeline] [RECLASSIFIED] operator_s_station_and_monitoring_systems/6_steering_wheel.dita reference → concept (confidence=low)
2026-05-15 06:28:25,158 [INFO] pipeline.enrich_runner: [EnrichPipeline] [RECLASSIFIED] operator_s_station_and_monitoring_systems/a_instrument_panel.dita task → concept (confidence=low)
2026-05-15 06:28:25,158 [INFO] pipeline.enrich_runner: [EnrichPipeline] [RECLASSIFIED] operator_s_station_and_monitoring_systems/air_conditioner_controller.dita reference → concept (confidence=low)
2026-05-15 06:28:25,158 [INFO] pipeline.enrich_runner: [EnrichPipeline] [RECLASSIFIED] operator_s_station_and_monitoring_systems/auxiliary_operation_lever_option.dita concept → topic (confidence=low)
2026-05-15 06:28:25,158 [INFO] pipeline.enrich_runner: [EnrichPipeline] [RECLASSIFIED] operator_s_station_and_monitoring_systems/b_operation_method_display_menu.dita topic → reference (confidence=low)
2026-05-15 06:28:25,158 [INFO] pipeline.enrich_runner: [EnrichPipeline] [RECLASSIFIED] operator_s_station_and_monitoring_systems/before_mp3_wma_usb_playback.dita concept → topic (confidence=low)
2026-05-15 06:28:25,158 [INFO] pipeline.enrich_runner: [EnrichPipeline] [RECLASSIFIED] operator_s_station_and_monitoring_systems/calling_via_handsfree_lf_equipped.dita task → concept (confidence=low)
2026-05-15 06:28:25,158 [INFO] pipeline.enrich_runner: [EnrichPipeline] [RECLASSIFIED] operator_s_station_and_monitoring_systems/cigar_jack.dita    concept → topic (confidence=low)
2026-05-15 06:28:25,158 [INFO] pipeline.enrich_runner: [EnrichPipeline] [RECLASSIFIED] operator_s_station_and_monitoring_systems/controlling_the_playback.dita task → concept (confidence=low)
2026-05-15 06:28:25,158 [INFO] pipeline.enrich_runner: [EnrichPipeline] [RECLASSIFIED] operator_s_station_and_monitoring_systems/d_console_tilt_angle_control_lever.dita topic → concept (confidence=low)
2026-05-15 06:28:25,158 [INFO] pipeline.enrich_runner: [EnrichPipeline] [RECLASSIFIED] operator_s_station_and_monitoring_systems/display_window.dita task → concept (confidence=low)
2026-05-15 06:28:25,158 [INFO] pipeline.enrich_runner: [EnrichPipeline] [RECLASSIFIED] operator_s_station_and_monitoring_systems/economic_fuel_saving_switch.dita topic → concept (confidence=low)
2026-05-15 06:28:25,158 [INFO] pipeline.enrich_runner: [EnrichPipeline] [RECLASSIFIED] operator_s_station_and_monitoring_systems/emergency_lamp_switch.dita concept → topic (confidence=low)
2026-05-15 06:28:25,158 [INFO] pipeline.enrich_runner: [EnrichPipeline] [RECLASSIFIED] operator_s_station_and_monitoring_systems/engine_diagnostic_switch.dita concept → reference (confidence=low)
2026-05-15 06:28:25,159 [INFO] pipeline.enrich_runner: [EnrichPipeline] [RECLASSIFIED] operator_s_station_and_monitoring_systems/idle_select_switch.dita task → reference (confidence=low)
2026-05-15 06:28:25,159 [INFO] pipeline.enrich_runner: [EnrichPipeline] [RECLASSIFIED] operator_s_station_and_monitoring_systems/listening_to_dmb_sound_lf_equipped.dita task → concept (confidence=low)
2026-05-15 06:28:25,159 [INFO] pipeline.enrich_runner: [EnrichPipeline] [RECLASSIFIED] operator_s_station_and_monitoring_systems/parking_brake_switch.dita task → concept (confidence=low)
2026-05-15 06:28:25,159 [INFO] pipeline.enrich_runner: [EnrichPipeline] [RECLASSIFIED] operator_s_station_and_monitoring_systems/playing_a_usb_device.dita task → concept (confidence=low)
2026-05-15 06:28:25,159 [INFO] pipeline.enrich_runner: [EnrichPipeline] [RECLASSIFIED] operator_s_station_and_monitoring_systems/rear_view_connectors.dita task → concept (confidence=low)
2026-05-15 06:28:25,159 [INFO] pipeline.enrich_runner: [EnrichPipeline] [RECLASSIFIED] operator_s_station_and_monitoring_systems/seat_heater_switch_if_equipped.dita concept → topic (confidence=low)
2026-05-15 06:28:25,159 [INFO] pipeline.enrich_runner: [EnrichPipeline] [RECLASSIFIED] operator_s_station_and_monitoring_systems/setting_the_region_of_radio_reception.dita task → concept (confidence=low)
2026-05-15 06:28:25,159 [INFO] pipeline.enrich_runner: [EnrichPipeline] [RECLASSIFIED] operator_s_station_and_monitoring_systems/tilt_lever.dita    concept → topic (confidence=low)
2026-05-15 06:28:25,159 [INFO] pipeline.enrich_runner: [EnrichPipeline] [RECLASSIFIED] operator_s_station_and_monitoring_systems/turning_the_unit_on_off.dita task → concept (confidence=low)
2026-05-15 06:28:25,159 [INFO] pipeline.enrich_runner: [EnrichPipeline] [RECLASSIFIED] operator_s_station_and_monitoring_systems/weight_scale_mode_option_hydraulic_type.dita concept → task (confidence=low)
2026-05-15 06:28:25,159 [INFO] pipeline.enrich_runner: [EnrichPipeline] [RECLASSIFIED] operator_s_station_and_monitoring_systems/wired_remote_controller.dita task → topic (confidence=low)
2026-05-15 06:28:25,160 [INFO] pipeline.enrich_runner: [EnrichPipeline] [RECLASSIFIED] safety/before_operating_the_lift_truck.dita                  concept → task (confidence=low)
2026-05-15 06:28:25,160 [INFO] pipeline.enrich_runner: [EnrichPipeline] [RECLASSIFIED] safety/capacity_load_weight_and_load_centre.dita             task → concept (confidence=low)
2026-05-15 06:28:25,160 [INFO] pipeline.enrich_runner: [EnrichPipeline] [RECLASSIFIED] safety/centre_of_gravity_cg.dita                             topic → concept (confidence=low)
2026-05-15 06:28:25,160 [INFO] pipeline.enrich_runner: [EnrichPipeline] [RECLASSIFIED] safety/coolant.dita                                          concept → task (confidence=low)
2026-05-15 06:28:25,160 [INFO] pipeline.enrich_runner: [EnrichPipeline] [RECLASSIFIED] safety/fasten_the_seat_belt.dita                             task → concept (confidence=low)
2026-05-15 06:28:25,160 [INFO] pipeline.enrich_runner: [EnrichPipeline] [RECLASSIFIED] safety/fire_extinguisher.dita                                concept → topic (confidence=low)
2026-05-15 06:28:25,160 [INFO] pipeline.enrich_runner: [EnrichPipeline] [RECLASSIFIED] safety/fire_or_explosion_prevention.dita                     concept → task (confidence=low)
2026-05-15 06:28:25,160 [INFO] pipeline.enrich_runner: [EnrichPipeline] [RECLASSIFIED] safety/hand_placement_warning.dita                           topic → concept (confidence=low)
2026-05-15 06:28:25,160 [INFO] pipeline.enrich_runner: [EnrichPipeline] [RECLASSIFIED] safety/how_to_survive_in_a_tipover.dita                      task → concept (confidence=low)
2026-05-15 06:28:25,160 [INFO] pipeline.enrich_runner: [EnrichPipeline] [RECLASSIFIED] safety/inspection.dita                                       task → concept (confidence=low)
2026-05-15 06:28:25,160 [INFO] pipeline.enrich_runner: [EnrichPipeline] [RECLASSIFIED] safety/lift_truck_parking.dita                               concept → task (confidence=low)
2026-05-15 06:28:25,160 [INFO] pipeline.enrich_runner: [EnrichPipeline] [RECLASSIFIED] safety/lift_truck_stability.dita                             topic → concept (confidence=low)
2026-05-15 06:28:25,160 [INFO] pipeline.enrich_runner: [EnrichPipeline] [RECLASSIFIED] safety/lift_truck_stability_base.dita                        topic → concept (confidence=low)
2026-05-15 06:28:25,161 [INFO] pipeline.enrich_runner: [EnrichPipeline] [RECLASSIFIED] safety/maintenance_information.dita                          concept → task (confidence=low)
2026-05-15 06:28:25,161 [INFO] pipeline.enrich_runner: [EnrichPipeline] [RECLASSIFIED] safety/no_riders_warning.dita                                topic → concept (confidence=low)
2026-05-15 06:28:25,161 [INFO] pipeline.enrich_runner: [EnrichPipeline] [RECLASSIFIED] safety/oils.dita                                             concept → task (confidence=low)
2026-05-15 06:28:25,161 [INFO] pipeline.enrich_runner: [EnrichPipeline] [RECLASSIFIED] safety/safety_rules.dita                                     task → concept (confidence=low)
2026-05-15 06:28:25,161 [INFO] pipeline.enrich_runner: [EnrichPipeline] [RECLASSIFIED] safety/seat_adjustment.dita                                  topic → concept (confidence=low)
2026-05-15 06:28:25,161 [INFO] pipeline.enrich_runner: [EnrichPipeline] [RECLASSIFIED] safety/tilting_cabin_operation_warning.dita                  topic → concept (confidence=low)
2026-05-15 06:28:25,161 [INFO] pipeline.enrich_runner: [EnrichPipeline] [RECLASSIFIED] safety/tyre_information.dita                                 task → concept (confidence=low)
2026-05-15 06:28:25,161 [INFO] pipeline.enrich_runner: [EnrichPipeline] [RECLASSIFIED] safety/tyre_warning.dita                                     task → concept (confidence=low)
2026-05-15 06:28:25,161 [INFO] pipeline.enrich_runner: [EnrichPipeline] [RECLASSIFIED] safety/warning_signs_and_labels_2.dita                       task → concept (confidence=low)
2026-05-15 06:28:25,161 [INFO] pipeline.enrich_runner: [EnrichPipeline] [RECLASSIFIED] seat_switch_system/circuit_breaker.dita                      topic → concept (confidence=low)
2026-05-15 06:28:25,161 [INFO] pipeline.enrich_runner: [EnrichPipeline] [RECLASSIFIED] seat_switch_system/fuse_box.dita                             topic → concept (confidence=low)
2026-05-15 06:28:25,162 [INFO] pipeline.enrich_runner: [EnrichPipeline] [RECLASSIFIED] seat_switch_system/seat_adjustment_2.dita                    topic → task (confidence=low)
2026-05-15 06:28:25,162 [INFO] pipeline.enrich_runner: [EnrichPipeline] [RECLASSIFIED] seat_switch_system/seat_switch_system.dita                   task → concept (confidence=low)
2026-05-15 06:28:25,162 [INFO] pipeline.enrich_runner: [EnrichPipeline] [RECLASSIFIED] seat_switch_system/steering_column_tilting_angle_adjustment.dita topic → concept (confidence=low)
2026-05-15 06:28:25,162 [INFO] pipeline.enrich_runner: [EnrichPipeline] [RECLASSIFIED] seat_switch_system/tow_eye.dita                              task → concept (confidence=low)
2026-05-15 06:28:25,162 [INFO] pipeline.enrich_runner: [EnrichPipeline] [RECLASSIFIED] serial_number/serial_number_locations.dita                   reference → topic (confidence=low)
2026-05-15 06:28:25,162 [INFO] pipeline.enrich_runner: [EnrichPipeline] [RECLASSIFIED] specifications/specifications.dita                           reference → task (confidence=low)
2026-05-15 06:28:25,162 [INFO] pipeline.enrich_runner: [EnrichPipeline] ══ AFTER ENRICHMENT ═══════════════════════════════
2026-05-15 06:28:25,162 [INFO] pipeline.enrich_runner: [EnrichPipeline] [AFTER]  after_starting_the_engine/after_starting_the_engine.dita type=concept    shortdesc='Observe all indicator lights and gauges frequently during operation, t…'
2026-05-15 06:28:25,162 [INFO] pipeline.enrich_runner: [EnrichPipeline]          keywords=['After', 'operation', 'gauge', 'temperature', 'Transmission', 'Display'] | indexterms=['After', 'operation', 'gauge']
2026-05-15 06:28:25,162 [INFO] pipeline.enrich_runner: [EnrichPipeline] [AFTER]  after_starting_the_engine/def_ad_blue_level_inducement_for_europe.dita type=reference  shortdesc='Inducement Stage Condition DEF volume [%] Repeat Offence (within 40hrs…'
2026-05-15 06:28:25,162 [INFO] pipeline.enrich_runner: [EnrichPipeline]          keywords=['Level', 'Inducement', 'Engine', 'Every', 'LEVEL', 'REFILL'] | indexterms=['Level', 'Inducement', 'Engine']
2026-05-15 06:28:25,163 [INFO] pipeline.enrich_runner: [EnrichPipeline] [AFTER]  after_starting_the_engine/def_ad_blue_level_inducement_for_usa.dita type=task       shortdesc='Inducement Stage Condition DEF volume [%] Repeat Offence (within 40hrs…'
2026-05-15 06:28:25,163 [INFO] pipeline.enrich_runner: [EnrichPipeline]          keywords=['Level', 'Inducement', 'Engine', 'Every', 'Blue', 'Stage'] | indexterms=['Level', 'Inducement', 'Engine']
2026-05-15 06:28:25,163 [INFO] pipeline.enrich_runner: [EnrichPipeline] [AFTER]  after_starting_the_engine/def_ad_blue_level_inducement_for_usa_europe.dita type=concept    shortdesc='There are several DEF/Ad-Blue level points at which the DEF level indi…'
2026-05-15 06:28:25,163 [INFO] pipeline.enrich_runner: [EnrichPipeline]          keywords=['Blue', 'level', 'inducement', 'Level', 'Europe', 'display'] | indexterms=['Blue', 'level', 'inducement']
2026-05-15 06:28:25,163 [INFO] pipeline.enrich_runner: [EnrichPipeline] [AFTER]  after_starting_the_engine/def_ad_blue_quality_failure_for_europe.dita type=reference  shortdesc='Inducement Stage Condition Repeat Offence (within 40hrs) Inducement St…'
2026-05-15 06:28:25,163 [INFO] pipeline.enrich_runner: [EnrichPipeline]          keywords=['Level', 'Engine', 'Green', 'Every', 'Inducement', 'QUALITY'] | indexterms=['Level', 'Engine', 'Green']
2026-05-15 06:28:25,163 [INFO] pipeline.enrich_runner: [EnrichPipeline] [AFTER]  after_starting_the_engine/def_ad_blue_quality_failure_for_usa.dita type=task       shortdesc='Inducement Stage Condition Repeat Offence (within 40hrs) Inducement St…'
2026-05-15 06:28:25,163 [INFO] pipeline.enrich_runner: [EnrichPipeline]          keywords=['Level', 'Every', 'Engine', 'Green', 'QUALITY', 'POOR'] | indexterms=['Level', 'Every', 'Engine']
2026-05-15 06:28:25,163 [INFO] pipeline.enrich_runner: [EnrichPipeline] [AFTER]  after_starting_the_engine/def_ad_blue_quality_failure_for_usa_europe.dita type=concept    shortdesc='If you use a poor quality DEF/Ad-Blue type, engine power will decrease…'
2026-05-15 06:28:25,163 [INFO] pipeline.enrich_runner: [EnrichPipeline]          keywords=['Blue', 'quality', 'Quality', 'Failure', 'Europe', 'system'] | indexterms=['Blue', 'quality', 'Quality']
2026-05-15 06:28:25,163 [INFO] pipeline.enrich_runner: [EnrichPipeline] [AFTER]  after_starting_the_engine/detecting_control_failure.dita type=task       shortdesc='As shown in the table below, the ECU performs self diagnosis. If a fau…'
2026-05-15 06:28:25,164 [INFO] pipeline.enrich_runner: [EnrichPipeline]          keywords=['Check', 'harness', 'Blink', 'valve', 'Close', 'sensors'] | indexterms=['Check', 'harness', 'Blink']
2026-05-15 06:28:25,164 [INFO] pipeline.enrich_runner: [EnrichPipeline] [AFTER]  after_starting_the_engine/diesel_engine.dita       SKIPPED (empty topic)
2026-05-15 06:28:25,164 [INFO] pipeline.enrich_runner: [EnrichPipeline] [AFTER]  after_starting_the_engine/display_of_detecting_control_failure.dita type=task       shortdesc='As shown in the table below, for your information, we provide correlat…'
2026-05-15 06:28:25,164 [INFO] pipeline.enrich_runner: [EnrichPipeline]          keywords=['Engine', 'Display', 'Level', 'Reduced', 'Continuous', 'ENGINE'] | indexterms=['Engine', 'Display', 'Level']
2026-05-15 06:28:25,164 [INFO] pipeline.enrich_runner: [EnrichPipeline] [AFTER]  after_starting_the_engine/engine_and_after_treatment_system.dita SKIPPED (empty topic)
2026-05-15 06:28:25,164 [INFO] pipeline.enrich_runner: [EnrichPipeline] [AFTER]  after_starting_the_engine/impeded_egr_for_europe.dita type=concept    shortdesc='Inducement Stage Condition Repeat Offence (within 40hrs) Inducement St…'
2026-05-15 06:28:25,164 [INFO] pipeline.enrich_runner: [EnrichPipeline]          keywords=['Level', 'Engine', 'Green', 'Every', 'Inducement', 'SYSTEM'] | indexterms=['Level', 'Engine', 'Green']
2026-05-15 06:28:25,164 [INFO] pipeline.enrich_runner: [EnrichPipeline] [AFTER]  after_starting_the_engine/impeded_egr_interruption_of_dosing_for_europe_only.dita type=concept    shortdesc='There are several interruption level points at which the DEF indicator…'
2026-05-15 06:28:25,164 [INFO] pipeline.enrich_runner: [EnrichPipeline]          keywords=['Impeded', 'Interruption', 'Dosing', 'engine', 'Europe', 'display'] | indexterms=['Impeded', 'Interruption', 'Dosing']
2026-05-15 06:28:25,164 [INFO] pipeline.enrich_runner: [EnrichPipeline] [AFTER]  after_starting_the_engine/interruption_of_dosing_for_europe.dita type=concept    shortdesc='Inducement Stage Condition Repeat Offence (within 40hrs) Inducement St…'
2026-05-15 06:28:25,164 [INFO] pipeline.enrich_runner: [EnrichPipeline]          keywords=['Level', 'Dosing', 'Engine', 'Green', 'Every', 'Interruption'] | indexterms=['Level', 'Dosing', 'Engine']
2026-05-15 06:28:25,165 [INFO] pipeline.enrich_runner: [EnrichPipeline] [AFTER]  after_starting_the_engine/introduction.dita        type=concept    shortdesc='The DL06 engine which is a high-power engine in compliance with the EP…'
2026-05-15 06:28:25,165 [INFO] pipeline.enrich_runner: [EnrichPipeline]          keywords=['engine', 'after', 'system', 'pressure', 'order', 'exhaust'] | indexterms=['engine', 'after', 'system']
2026-05-15 06:28:25,165 [INFO] pipeline.enrich_runner: [EnrichPipeline] [AFTER]  after_starting_the_engine/scr_system_tampering_for_europe.dita type=concept    shortdesc='Inducement Stage Condition Repeat Offence (within 40hrs) Inducement St…'
2026-05-15 06:28:25,165 [INFO] pipeline.enrich_runner: [EnrichPipeline]          keywords=['Level', 'Tampering', 'Engine', 'Green', 'Every', 'Inducement'] | indexterms=['Level', 'Tampering', 'Engine']
2026-05-15 06:28:25,165 [INFO] pipeline.enrich_runner: [EnrichPipeline] [AFTER]  after_starting_the_engine/scr_system_tampering_for_usa.dita type=concept    shortdesc='Inducement Stage Condition Repeat Offence (within 40hrs) Inducement St…'
2026-05-15 06:28:25,165 [INFO] pipeline.enrich_runner: [EnrichPipeline]          keywords=['Level', 'Every', 'Engine', 'Green', 'SYSTEM', 'MALFUNCTION'] | indexterms=['Level', 'Every', 'Engine']
2026-05-15 06:28:25,165 [INFO] pipeline.enrich_runner: [EnrichPipeline] [AFTER]  after_starting_the_engine/scr_system_tampering_for_usa_europe.dita type=concept    shortdesc='There are several tampering level points at which the DEF indicator la…'
2026-05-15 06:28:25,165 [INFO] pipeline.enrich_runner: [EnrichPipeline]          keywords=['system', 'tampering', 'Europe', 'display', 'There', 'several'] | indexterms=['system', 'tampering', 'Europe']
2026-05-15 06:28:25,165 [INFO] pipeline.enrich_runner: [EnrichPipeline] [AFTER]  before_starting_the_engine/before_starting_the_engine.dita SKIPPED (empty topic)
2026-05-15 06:28:25,165 [INFO] pipeline.enrich_runner: [EnrichPipeline] [AFTER]  before_starting_the_engine/walk_around_inspection.dita type=task       shortdesc='Make a thorough walk-around inspection before mounting the lift truck …'
2026-05-15 06:28:25,165 [INFO] pipeline.enrich_runner: [EnrichPipeline]          keywords=['Inspect', 'engine', 'loose', 'truck', 'bolts', 'Typical'] | indexterms=['Inspect', 'engine', 'loose']
2026-05-15 06:28:25,165 [INFO] pipeline.enrich_runner: [EnrichPipeline] [AFTER]  capacity_chart/capacity_chart.dita                 type=concept    shortdesc='The load capacity of lift truck should never be exceeded.'
2026-05-15 06:28:25,165 [INFO] pipeline.enrich_runner: [EnrichPipeline]          keywords=['truck', 'Capacity', 'Chart', 'Side', 'Shifter', 'capacity'] | indexterms=['truck', 'Capacity', 'Chart']
2026-05-15 06:28:25,165 [INFO] pipeline.enrich_runner: [EnrichPipeline] [AFTER]  important_safety_information/important_safety_information.dita type=concept    shortdesc='Most accidents involving product operation, maintenance and repair are…'
2026-05-15 06:28:25,165 [INFO] pipeline.enrich_runner: [EnrichPipeline]          keywords=['product', 'Safety', 'maintenance', 'repair', 'information', 'operation'] | indexterms=['product', 'Safety', 'maintenance']
2026-05-15 06:28:25,165 [INFO] pipeline.enrich_runner: [EnrichPipeline] [AFTER]  lift_truck_controls/cabin_tilting.dita             SKIPPED (empty topic)
2026-05-15 06:28:25,166 [INFO] pipeline.enrich_runner: [EnrichPipeline] [AFTER]  lift_truck_controls/def_ad_blue_replenishment.dita type=task       shortdesc='Typical Example'
2026-05-15 06:28:25,166 [INFO] pipeline.enrich_runner: [EnrichPipeline]          keywords=['Blue', 'fluid', 'could', 'Replenishment', 'truck', 'Tank'] | indexterms=['Blue', 'fluid', 'could']
2026-05-15 06:28:25,166 [INFO] pipeline.enrich_runner: [EnrichPipeline] [AFTER]  lift_truck_controls/direction_control_lever.dita   type=concept    shortdesc='Typical Example'
2026-05-15 06:28:25,166 [INFO] pipeline.enrich_runner: [EnrichPipeline]          keywords=['Direction', 'Control', 'Lever', 'Typical', 'Example'] | indexterms=['Direction', 'Control', 'Lever']
2026-05-15 06:28:25,166 [INFO] pipeline.enrich_runner: [EnrichPipeline] [AFTER]  lift_truck_controls/forward_reverse_lever.dita     type=concept    shortdesc='FORWARD (F) - Push the lever forward. The lift truck will move forward…'
2026-05-15 06:28:25,166 [INFO] pipeline.enrich_runner: [EnrichPipeline]          keywords=['lever', 'truck', 'Forward', 'Reverse', 'Lever', 'forward'] | indexterms=['lever', 'truck', 'Forward']
2026-05-15 06:28:25,166 [INFO] pipeline.enrich_runner: [EnrichPipeline] [AFTER]  lift_truck_controls/how_to_fill_the_hydraulic_oil.dita type=task       shortdesc='Remove the hydraulic fill port (screw type).'
2026-05-15 06:28:25,166 [INFO] pipeline.enrich_runner: [EnrichPipeline]          keywords=['hydraulic', 'lever', 'power', 'Remove', 'screw', 'Fill'] | indexterms=['hydraulic', 'lever', 'power']
2026-05-15 06:28:25,166 [INFO] pipeline.enrich_runner: [EnrichPipeline] [AFTER]  lift_truck_controls/how_to_operate_the_power_pack_for_manual_tilting.dita type=concept    shortdesc='Overview of How to operate the power pack for manual tilting.'
2026-05-15 06:28:25,166 [INFO] pipeline.enrich_runner: [EnrichPipeline]          keywords=['operate', 'power', 'manual', 'tilting'] | indexterms=['operate', 'power', 'manual']
2026-05-15 06:28:25,166 [INFO] pipeline.enrich_runner: [EnrichPipeline] [AFTER]  lift_truck_controls/lift_truck_controls.dita       SKIPPED (empty topic)
2026-05-15 06:28:25,166 [INFO] pipeline.enrich_runner: [EnrichPipeline] [AFTER]  lift_truck_controls/location_of_power_pack.dita    type=topic      shortdesc='Overview of Location of power pack.'
2026-05-15 06:28:25,166 [INFO] pipeline.enrich_runner: [EnrichPipeline]          keywords=['Location', 'power'] | indexterms=['Location', 'power']
2026-05-15 06:28:25,166 [INFO] pipeline.enrich_runner: [EnrichPipeline] [AFTER]  lift_truck_controls/neutral_lever_lock.dita        type=concept    shortdesc='A transmission neutral lever lock is in base of the direction control …'
2026-05-15 06:28:25,166 [INFO] pipeline.enrich_runner: [EnrichPipeline]          keywords=['lever', 'direction', 'control', 'NEUTRAL', 'moved', 'LOCK'] | indexterms=['lever', 'direction', 'control']
2026-05-15 06:28:25,166 [INFO] pipeline.enrich_runner: [EnrichPipeline] [AFTER]  lift_truck_controls/refueling.dita                 type=task       shortdesc='Fill the fuel tank at the end of each day of operation to drive out'
2026-05-15 06:28:25,166 [INFO] pipeline.enrich_runner: [EnrichPipeline]          keywords=['truck', 'refueling', 'water', 'sediment', 'Refueling', 'during'] | indexterms=['truck', 'refueling', 'water']
2026-05-15 06:28:25,166 [INFO] pipeline.enrich_runner: [EnrichPipeline] [AFTER]  lift_truck_controls/scr_cleaning_desox_switch.dita type=concept    shortdesc='<Option for Overhead Guard>'
2026-05-15 06:28:25,166 [INFO] pipeline.enrich_runner: [EnrichPipeline]          keywords=['Cleaning', 'position', 'switch', 'process', 'operator', 'remaining'] | indexterms=['Cleaning', 'position', 'switch']
2026-05-15 06:28:25,167 [INFO] pipeline.enrich_runner: [EnrichPipeline] [AFTER]  lift_truck_controls/speed_selection.dita           type=concept    shortdesc='Rotating the direction control lever changes the speed of travel. With…'
2026-05-15 06:28:25,167 [INFO] pipeline.enrich_runner: [EnrichPipeline]          keywords=['lever', 'Speed', 'Selection', 'speed', 'clockwise', 'operator'] | indexterms=['lever', 'Speed', 'Selection']
2026-05-15 06:28:25,167 [INFO] pipeline.enrich_runner: [EnrichPipeline] [AFTER]  lift_truck_controls/transmission_display.dita      type=concept    shortdesc='A transmission display is to the right of the steering wheel on the da…'
2026-05-15 06:28:25,167 [INFO] pipeline.enrich_runner: [EnrichPipeline]          keywords=['codes', 'transmission', 'error', 'Indicates', 'Transmission', 'direction'] | indexterms=['codes', 'transmission', 'error']
2026-05-15 06:28:25,167 [INFO] pipeline.enrich_runner: [EnrichPipeline] [AFTER]  lift_truck_operation/inching.dita                  type=task       shortdesc='Typical Example'
2026-05-15 06:28:25,167 [INFO] pipeline.enrich_runner: [EnrichPipeline]          keywords=['inching', 'pedal', 'switch', 'transmission', 'clutch', 'Inching'] | indexterms=['inching', 'pedal', 'switch']
2026-05-15 06:28:25,167 [INFO] pipeline.enrich_runner: [EnrichPipeline] [AFTER]  lift_truck_operation/lift_truck_operation.dita     SKIPPED (empty topic)
2026-05-15 06:28:25,167 [INFO] pipeline.enrich_runner: [EnrichPipeline] [AFTER]  lift_truck_operation/moving_and_stopping_the_lift_truck.dita type=task       shortdesc='Typical Example'
2026-05-15 06:28:25,167 [INFO] pipeline.enrich_runner: [EnrichPipeline]          keywords=['truck', 'speed', 'travel', 'direction', 'pedal', 'brake'] | indexterms=['truck', 'speed', 'travel']
2026-05-15 06:28:25,167 [INFO] pipeline.enrich_runner: [EnrichPipeline] [AFTER]  lift_truck_operation/steering_knob_if_equipped.dita type=concept    shortdesc='There is a steering knob available for inclusion with new truck delive…'
2026-05-15 06:28:25,167 [INFO] pipeline.enrich_runner: [EnrichPipeline]          keywords=['steering', 'truck', 'wheel', 'Steering', 'Knob', 'Equipped'] | indexterms=['steering', 'truck', 'wheel']
2026-05-15 06:28:25,167 [INFO] pipeline.enrich_runner: [EnrichPipeline] [AFTER]  noise_and_vibration/noise.dita                     type=task       shortdesc='* Test Model: CD160S-7'
2026-05-15 06:28:25,167 [INFO] pipeline.enrich_runner: [EnrichPipeline]          keywords=['Level', 'Noise', 'Sound', 'Model', 'Pressure', 'Cabin'] | indexterms=['Level', 'Noise', 'Sound']
2026-05-15 06:28:25,167 [INFO] pipeline.enrich_runner: [EnrichPipeline] [AFTER]  noise_and_vibration/noise_and_vibration.dita       SKIPPED (empty topic)
2026-05-15 06:28:25,167 [INFO] pipeline.enrich_runner: [EnrichPipeline] [AFTER]  noise_and_vibration/vibration_weighted_overall_value.dita type=task       shortdesc='Unit: m/sec2'
2026-05-15 06:28:25,167 [INFO] pipeline.enrich_runner: [EnrichPipeline]          keywords=['Vibration', 'weighted', 'overall', 'value', 'Unit', 'Model'] | indexterms=['Vibration', 'weighted', 'overall']
2026-05-15 06:28:25,167 [INFO] pipeline.enrich_runner: [EnrichPipeline] [AFTER]  operating_techniques/inching_into_loads.dita       type=topic      shortdesc='Typical Example'
2026-05-15 06:28:25,167 [INFO] pipeline.enrich_runner: [EnrichPipeline]          keywords=['truck', 'Inching', 'Loads', 'Typical', 'Example', 'Move'] | indexterms=['truck', 'Inching', 'Loads']
2026-05-15 06:28:25,167 [INFO] pipeline.enrich_runner: [EnrichPipeline] [AFTER]  operating_techniques/lifting_drums_or_round_objects.dita type=concept    shortdesc='Block drums or round objects.'
2026-05-15 06:28:25,168 [INFO] pipeline.enrich_runner: [EnrichPipeline]          keywords=['Lifting', 'Drums', 'Round', 'Objects', 'Block', 'drums'] | indexterms=['Lifting', 'Drums', 'Round']
2026-05-15 06:28:25,168 [INFO] pipeline.enrich_runner: [EnrichPipeline] [AFTER]  operating_techniques/lifting_the_load.dita         type=concept    shortdesc='Typical Example'
2026-05-15 06:28:25,168 [INFO] pipeline.enrich_runner: [EnrichPipeline]          keywords=['Lifting', 'Load', 'Lift', 'Typical', 'Example', 'carefully'] | indexterms=['Lifting', 'Load', 'Lift']
2026-05-15 06:28:25,168 [INFO] pipeline.enrich_runner: [EnrichPipeline] [AFTER]  operating_techniques/load_lateral_centre_of_gravity.dita type=concept    shortdesc='Where it is necessary to lift a wide load where the lateral load centr…'
2026-05-15 06:28:25,168 [INFO] pipeline.enrich_runner: [EnrichPipeline]          keywords=['lateral', 'centre', 'gravity', 'Load', 'Where', 'necessary'] | indexterms=['lateral', 'centre', 'gravity']
2026-05-15 06:28:25,168 [INFO] pipeline.enrich_runner: [EnrichPipeline] [AFTER]  operating_techniques/load_shift.dita               type=topic      shortdesc='Be careful when turning, turn slowly to prevent load from shifting.'
2026-05-15 06:28:25,168 [INFO] pipeline.enrich_runner: [EnrichPipeline]          keywords=['Load', 'Shift', 'careful', 'turning', 'slowly', 'prevent'] | indexterms=['Load', 'Shift', 'careful']
2026-05-15 06:28:25,168 [INFO] pipeline.enrich_runner: [EnrichPipeline] [AFTER]  operating_techniques/load_stability.dita           type=topic      shortdesc='Be careful when stopping or changing direction suddenly, lifting or lo…'
2026-05-15 06:28:25,168 [INFO] pipeline.enrich_runner: [EnrichPipeline]          keywords=['Load', 'Stability', 'suddenly', 'careful', 'stopping', 'changing'] | indexterms=['Load', 'Stability', 'suddenly']
2026-05-15 06:28:25,168 [INFO] pipeline.enrich_runner: [EnrichPipeline] [AFTER]  operating_techniques/load_swing.dita               type=topic      shortdesc='Be careful whilst travelling or turning, the load ends will swing wide…'
2026-05-15 06:28:25,168 [INFO] pipeline.enrich_runner: [EnrichPipeline]          keywords=['Load', 'Swing', 'careful', 'whilst', 'travelling', 'turning'] | indexterms=['Load', 'Swing', 'careful']
2026-05-15 06:28:25,168 [INFO] pipeline.enrich_runner: [EnrichPipeline] [AFTER]  operating_techniques/operating_in_hot_weather.dita type=concept    shortdesc='Keep the following points in mind when you operate the lift truck in h…'
2026-05-15 06:28:25,168 [INFO] pipeline.enrich_runner: [EnrichPipeline]          keywords=['engine', 'Operating', 'Weather', 'Check', 'tension', 'Keep'] | indexterms=['engine', 'Operating', 'Weather']
2026-05-15 06:28:25,168 [INFO] pipeline.enrich_runner: [EnrichPipeline] [AFTER]  operating_techniques/operating_techniques.dita     SKIPPED (empty topic)
2026-05-15 06:28:25,168 [INFO] pipeline.enrich_runner: [EnrichPipeline] [AFTER]  operating_techniques/safety_instructions_for_attachments_when_transporting_suspended_load.dita type=concept    shortdesc='Adapt the travel speed to the load, less than walking pace.'
2026-05-15 06:28:25,168 [INFO] pipeline.enrich_runner: [EnrichPipeline]          keywords=['Safety', 'instructions', 'attachments', 'transporting', 'suspended', 'loads'] | indexterms=['Safety', 'instructions', 'attachments']
2026-05-15 06:28:25,168 [INFO] pipeline.enrich_runner: [EnrichPipeline] [AFTER]  operating_techniques/safety_instructions_for_attachments_when_transporting_wide_loads.dita type=topic      shortdesc='Overview of Safety instructions for attachments when transporting wide…'
2026-05-15 06:28:25,168 [INFO] pipeline.enrich_runner: [EnrichPipeline]          keywords=['Safety', 'instructions', 'attachments', 'transporting', 'loads'] | indexterms=['Safety', 'instructions', 'attachments']
2026-05-15 06:28:25,168 [INFO] pipeline.enrich_runner: [EnrichPipeline] [AFTER]  operating_techniques/traveling_with_the_load.dita  type=concept    shortdesc='Typical Example'
2026-05-15 06:28:25,169 [INFO] pipeline.enrich_runner: [EnrichPipeline]          keywords=['Traveling', 'Load', 'possible', 'clearance', 'Typical', 'Example'] | indexterms=['Traveling', 'Load', 'possible']
2026-05-15 06:28:25,169 [INFO] pipeline.enrich_runner: [EnrichPipeline] [AFTER]  operating_techniques/turning.dita                  type=task       shortdesc='When turning sharp corners, keep close to the inside corner.'
2026-05-15 06:28:25,169 [INFO] pipeline.enrich_runner: [EnrichPipeline]          keywords=['Turning', 'turning', 'inside', 'corner', 'When', 'sharp'] | indexterms=['Turning', 'turning', 'inside']
2026-05-15 06:28:25,169 [INFO] pipeline.enrich_runner: [EnrichPipeline] [AFTER]  operating_techniques/unloading.dita                type=concept    shortdesc='Typical Example'
2026-05-15 06:28:25,169 [INFO] pipeline.enrich_runner: [EnrichPipeline]          keywords=['Typical', 'Example', 'unloading', 'position', 'Unloading', 'directly'] | indexterms=['Typical', 'Example', 'unloading']
2026-05-15 06:28:25,169 [INFO] pipeline.enrich_runner: [EnrichPipeline] [AFTER]  operating_techniques/visibility.dita               type=topic      shortdesc='When carrying a bulky load which blocks or restricts forward visibilit…'
2026-05-15 06:28:25,169 [INFO] pipeline.enrich_runner: [EnrichPipeline]          keywords=['Visibility', 'visibility', 'direction', 'When', 'carrying', 'bulky'] | indexterms=['Visibility', 'visibility', 'direction']
2026-05-15 06:28:25,169 [INFO] pipeline.enrich_runner: [EnrichPipeline] [AFTER]  operator_s_station_and_monitoring_systems/12v_socket.dita type=concept    shortdesc='Use this socket when 12V power supply (30W or less) is required.'
2026-05-15 06:28:25,169 [INFO] pipeline.enrich_runner: [EnrichPipeline]          keywords=['socket', 'power', 'supply', 'required'] | indexterms=['socket', 'power', 'supply']
2026-05-15 06:28:25,169 [INFO] pipeline.enrich_runner: [EnrichPipeline] [AFTER]  operator_s_station_and_monitoring_systems/1_the_right_side_dash_board_cabin.dita type=topic      shortdesc='Overview of 1 The Right Side Dash Board (Cabin).'
2026-05-15 06:28:25,169 [INFO] pipeline.enrich_runner: [EnrichPipeline]          keywords=['Right', 'Side', 'Dash', 'Board', 'Cabin'] | indexterms=['Right', 'Side', 'Dash']
2026-05-15 06:28:25,169 [INFO] pipeline.enrich_runner: [EnrichPipeline] [AFTER]  operator_s_station_and_monitoring_systems/2_the_left_side_dash_board_cabin.dita type=concept    shortdesc='A) Engine stop switch Press this switch to stop the engine When emerge…'
2026-05-15 06:28:25,169 [INFO] pipeline.enrich_runner: [EnrichPipeline]          keywords=['switch', 'Display', 'Cleaning', 'DeSOx', 'engine', 'Blue'] | indexterms=['switch', 'Display', 'Cleaning']
2026-05-15 06:28:25,169 [INFO] pipeline.enrich_runner: [EnrichPipeline] [AFTER]  operator_s_station_and_monitoring_systems/3_the_operator_switches.dita type=concept    shortdesc='Figure : [Pilot Valve Box]'
2026-05-15 06:28:25,169 [INFO] pipeline.enrich_runner: [EnrichPipeline]          keywords=['Switch', 'Plug', 'Spare', 'Room', 'Figure', 'Operation'] | indexterms=['Switch', 'Plug', 'Spare']
2026-05-15 06:28:25,169 [INFO] pipeline.enrich_runner: [EnrichPipeline] [AFTER]  operator_s_station_and_monitoring_systems/4_the_left_side_dash_board_ovhd_guard.dita type=task       shortdesc='To use side shift function, operate the lever with the switch on the h…'
2026-05-15 06:28:25,169 [INFO] pipeline.enrich_runner: [EnrichPipeline]          keywords=['Switch', 'Plug', 'Spare', 'Room', 'Left', 'Side'] | indexterms=['Switch', 'Plug', 'Spare']
2026-05-15 06:28:25,169 [INFO] pipeline.enrich_runner: [EnrichPipeline] [AFTER]  operator_s_station_and_monitoring_systems/5_pedal_configuration.dita type=concept    shortdesc='Accelerator Pedal B.'
2026-05-15 06:28:25,170 [INFO] pipeline.enrich_runner: [EnrichPipeline]          keywords=['inching', 'Pedal', 'pedal', 'control', 'Configuration', 'Inching'] | indexterms=['inching', 'Pedal', 'pedal']
2026-05-15 06:28:25,170 [INFO] pipeline.enrich_runner: [EnrichPipeline] [AFTER]  operator_s_station_and_monitoring_systems/6_steering_wheel.dita type=concept    shortdesc='Steering Wheel Steering wheel controls travel direction by turning the…'
2026-05-15 06:28:25,170 [INFO] pipeline.enrich_runner: [EnrichPipeline]          keywords=['lever', 'truck', 'steering', 'direction', 'control', 'position'] | indexterms=['lever', 'truck', 'steering']
2026-05-15 06:28:25,170 [INFO] pipeline.enrich_runner: [EnrichPipeline] [AFTER]  operator_s_station_and_monitoring_systems/a_description_of_the_buttons_basic_operation.dita type=task       shortdesc='1 POWER button Touch the button to turn on the monitor.'
2026-05-15 06:28:25,170 [INFO] pipeline.enrich_runner: [EnrichPipeline]          keywords=['button', 'Touch', 'brightness', 'Description', 'Buttons', 'Basic'] | indexterms=['button', 'Touch', 'brightness']
2026-05-15 06:28:25,170 [INFO] pipeline.enrich_runner: [EnrichPipeline] [AFTER]  operator_s_station_and_monitoring_systems/a_front_display_basic_operation_menu.dita type=task       shortdesc='1 POWER button Turns power on and off 2 SELECT button Switches camera …'
2026-05-15 06:28:25,170 [INFO] pipeline.enrich_runner: [EnrichPipeline]          keywords=['button', 'Front', 'Display', 'basic', 'operation', 'image'] | indexterms=['button', 'Front', 'Display']
2026-05-15 06:28:25,170 [INFO] pipeline.enrich_runner: [EnrichPipeline] [AFTER]  operator_s_station_and_monitoring_systems/a_instrument_panel.dita type=concept    shortdesc='(1) Upper Indicator Light'
2026-05-15 06:28:25,170 [INFO] pipeline.enrich_runner: [EnrichPipeline]          keywords=['light', 'engine', 'Light', 'Indicator', 'Indicates', 'Engine'] | indexterms=['light', 'engine', 'Light']
2026-05-15 06:28:25,170 [INFO] pipeline.enrich_runner: [EnrichPipeline] [AFTER]  operator_s_station_and_monitoring_systems/about_mp3_wma.dita type=concept    shortdesc='This unit can play MP3 (WMA) files with .mp3, .wma (Iower case letters…'
2026-05-15 06:28:25,170 [INFO] pipeline.enrich_runner: [EnrichPipeline]          keywords=['files', 'About', 'letters', 'recognize', 'MPEG', 'Layer'] | indexterms=['files', 'About', 'letters']
2026-05-15 06:28:25,170 [INFO] pipeline.enrich_runner: [EnrichPipeline] [AFTER]  operator_s_station_and_monitoring_systems/adjusting_volume_directly.dita type=task       shortdesc='Setting the sound'
2026-05-15 06:28:25,170 [INFO] pipeline.enrich_runner: [EnrichPipeline]          keywords=['sound', 'level', 'volume', 'button', 'Press', 'VOLUME'] | indexterms=['sound', 'level', 'volume']
2026-05-15 06:28:25,170 [INFO] pipeline.enrich_runner: [EnrichPipeline] [AFTER]  operator_s_station_and_monitoring_systems/air_conditioner_controller.dita type=concept    shortdesc='OFF button Stops all the functions and turn power off 2.'
2026-05-15 06:28:25,170 [INFO] pipeline.enrich_runner: [EnrichPipeline]          keywords=['button', 'power', 'Pressing', 'heater', 'conditioner', 'WARM'] | indexterms=['button', 'power', 'Pressing']
2026-05-15 06:28:25,170 [INFO] pipeline.enrich_runner: [EnrichPipeline] [AFTER]  operator_s_station_and_monitoring_systems/audio_system_am_fm_tuner_with_usb_aux_player.dita SKIPPED (empty topic)
2026-05-15 06:28:25,170 [INFO] pipeline.enrich_runner: [EnrichPipeline] [AFTER]  operator_s_station_and_monitoring_systems/auto_manual_change_switch.dita type=concept    shortdesc='Automatic speed range:'
2026-05-15 06:28:25,170 [INFO] pipeline.enrich_runner: [EnrichPipeline]          keywords=['speed', 'When', 'switch', 'position', 'travel', 'Auto'] | indexterms=['speed', 'When', 'switch']
2026-05-15 06:28:25,170 [INFO] pipeline.enrich_runner: [EnrichPipeline] [AFTER]  operator_s_station_and_monitoring_systems/aux_player.dita SKIPPED (empty topic)
2026-05-15 06:28:25,171 [INFO] pipeline.enrich_runner: [EnrichPipeline] [AFTER]  operator_s_station_and_monitoring_systems/auxiliary_operation_lever_option.dita type=topic      shortdesc='This lever operates optional attachments (when installed).F. Parking b…'
2026-05-15 06:28:25,171 [INFO] pipeline.enrich_runner: [EnrichPipeline]          keywords=['lever', 'Auxiliary', 'operation', 'option', 'operates', 'optional'] | indexterms=['lever', 'Auxiliary', 'operation']
2026-05-15 06:28:25,171 [INFO] pipeline.enrich_runner: [EnrichPipeline] [AFTER]  operator_s_station_and_monitoring_systems/b_operation_method.dita type=task       shortdesc='The basic level is set up by 25.'
2026-05-15 06:28:25,171 [INFO] pipeline.enrich_runner: [EnrichPipeline]          keywords=['MENU', 'images', 'AUTO', 'button', 'image', 'trigger'] | indexterms=['MENU', 'images', 'AUTO']
2026-05-15 06:28:25,171 [INFO] pipeline.enrich_runner: [EnrichPipeline] [AFTER]  operator_s_station_and_monitoring_systems/b_operation_method_display_menu.dita type=reference  shortdesc='Overview of b. Operation Method (Display Menu).'
2026-05-15 06:28:25,171 [INFO] pipeline.enrich_runner: [EnrichPipeline]          keywords=['Operation', 'Method', 'Display', 'Menu'] | indexterms=['Operation', 'Method', 'Display']
2026-05-15 06:28:25,171 [INFO] pipeline.enrich_runner: [EnrichPipeline] [AFTER]  operator_s_station_and_monitoring_systems/b_speed_meter.dita type=topic      shortdesc='Indicates the truck travelling speed (km/h).'
2026-05-15 06:28:25,171 [INFO] pipeline.enrich_runner: [EnrichPipeline]          keywords=['Speed', 'Meter', 'Indicates', 'truck', 'travelling', 'speed'] | indexterms=['Speed', 'Meter', 'Indicates']
2026-05-15 06:28:25,171 [INFO] pipeline.enrich_runner: [EnrichPipeline] [AFTER]  operator_s_station_and_monitoring_systems/before_mp3_wma_usb_playback.dita type=topic      shortdesc='This unit cannot play the following files;'
2026-05-15 06:28:25,171 [INFO] pipeline.enrich_runner: [EnrichPipeline]          keywords=['files', 'playback', 'encoded', 'Before', 'format', 'order'] | indexterms=['files', 'playback', 'encoded']
2026-05-15 06:28:25,171 [INFO] pipeline.enrich_runner: [EnrichPipeline] [AFTER]  operator_s_station_and_monitoring_systems/c_engine_ignition_start_switch.dita type=task       shortdesc='The key switch is a three position switch. Position (1) is ACCESSORY O…'
2026-05-15 06:28:25,171 [INFO] pipeline.enrich_runner: [EnrichPipeline]          keywords=['position', 'Ignition', 'Position', 'START', 'Engine', 'Start'] | indexterms=['position', 'Ignition', 'Position']
2026-05-15 06:28:25,171 [INFO] pipeline.enrich_runner: [EnrichPipeline] [AFTER]  operator_s_station_and_monitoring_systems/c_operation_method_setup_menu.dita type=task       shortdesc='▲ : Tilts up.'
2026-05-15 06:28:25,171 [INFO] pipeline.enrich_runner: [EnrichPipeline]          keywords=['Setting', 'image', 'selected', 'Select', 'steering', 'displayed'] | indexterms=['Setting', 'image', 'selected']
2026-05-15 06:28:25,171 [INFO] pipeline.enrich_runner: [EnrichPipeline] [AFTER]  operator_s_station_and_monitoring_systems/calling_via_handsfree_lf_equipped.dita type=concept    shortdesc='When make a call or receive. the bell will sound and the "PHONE“ will …'
2026-05-15 06:28:25,171 [INFO] pipeline.enrich_runner: [EnrichPipeline]          keywords=['Handsfree', 'Calling', 'Equipped', 'When', 'connecting', 'optional'] | indexterms=['Handsfree', 'Calling', 'Equipped']
2026-05-15 06:28:25,171 [INFO] pipeline.enrich_runner: [EnrichPipeline] [AFTER]  operator_s_station_and_monitoring_systems/change_the_playback_mode.dita type=task       shortdesc='While playing, press the SCN button to begin the Intro scan playback.'
2026-05-15 06:28:25,171 [INFO] pipeline.enrich_runner: [EnrichPipeline]          keywords=['playback', 'plays', 'current', 'button', 'device', 'files'] | indexterms=['playback', 'plays', 'current']
2026-05-15 06:28:25,171 [INFO] pipeline.enrich_runner: [EnrichPipeline] [AFTER]  operator_s_station_and_monitoring_systems/cigar_jack.dita type=topic      shortdesc='Press-in the switch, when it pops out, take it out and use it This jac…'
2026-05-15 06:28:25,172 [INFO] pipeline.enrich_runner: [EnrichPipeline]          keywords=['Cigar', 'Press', 'switch', 'emergency', 'power', 'supply'] | indexterms=['Cigar', 'Press', 'switch']
2026-05-15 06:28:25,172 [INFO] pipeline.enrich_runner: [EnrichPipeline] [AFTER]  operator_s_station_and_monitoring_systems/controlling_the_playback.dita type=concept    shortdesc='Counter-clockwise: move to the previous file'
2026-05-15 06:28:25,172 [INFO] pipeline.enrich_runner: [EnrichPipeline]          keywords=['folder', 'While', 'previous', 'speed', 'Controlling', 'playback'] | indexterms=['folder', 'While', 'previous']
2026-05-15 06:28:25,172 [INFO] pipeline.enrich_runner: [EnrichPipeline] [AFTER]  operator_s_station_and_monitoring_systems/d_console_tilt_angle_control_lever.dita type=concept    shortdesc='Typical Example'
2026-05-15 06:28:25,172 [INFO] pipeline.enrich_runner: [EnrichPipeline]          keywords=['Console', 'Tilt', 'Angle', 'Control', 'Lever', 'steering'] | indexterms=['Console', 'Tilt', 'Angle']
2026-05-15 06:28:25,172 [INFO] pipeline.enrich_runner: [EnrichPipeline] [AFTER]  operator_s_station_and_monitoring_systems/display_window.dita type=concept    shortdesc='1 USB/AUX indicators: When the External Device is connected, indicator…'
2026-05-15 06:28:25,172 [INFO] pipeline.enrich_runner: [EnrichPipeline]          keywords=['indicators', 'indicator', 'When', 'lights', 'playback', 'Display'] | indexterms=['indicators', 'indicator', 'When']
2026-05-15 06:28:25,172 [INFO] pipeline.enrich_runner: [EnrichPipeline] [AFTER]  operator_s_station_and_monitoring_systems/e_console_up_down_control_lever_if_installed.dita type=task       shortdesc='Typical Example'
2026-05-15 06:28:25,172 [INFO] pipeline.enrich_runner: [EnrichPipeline]          keywords=['Console', 'Down', 'Control', 'Lever', 'installed', 'lever'] | indexterms=['Console', 'Down', 'Control']
2026-05-15 06:28:25,172 [INFO] pipeline.enrich_runner: [EnrichPipeline] [AFTER]  operator_s_station_and_monitoring_systems/economic_fuel_saving_switch.dita type=concept    shortdesc='This switch is to keep the engine’s speed from exceeding a limit.'
2026-05-15 06:28:25,172 [INFO] pipeline.enrich_runner: [EnrichPipeline]          keywords=['switch', 'engine', 'speed', 'Economic', 'Fuel', 'saving'] | indexterms=['switch', 'engine', 'speed']
2026-05-15 06:28:25,172 [INFO] pipeline.enrich_runner: [EnrichPipeline] [AFTER]  operator_s_station_and_monitoring_systems/emergency_lamp_switch.dita type=topic      shortdesc='This switch operates the emergency lamp which indicates emergency stat…'
2026-05-15 06:28:25,172 [INFO] pipeline.enrich_runner: [EnrichPipeline]          keywords=['switch', 'Emergency', 'emergency', 'operates', 'which', 'indicates'] | indexterms=['switch', 'Emergency', 'emergency']
2026-05-15 06:28:25,172 [INFO] pipeline.enrich_runner: [EnrichPipeline] [AFTER]  operator_s_station_and_monitoring_systems/engine_diagnostic_switch.dita type=reference  shortdesc='When engine function failure indicator lamp is lit up, press this swit…'
2026-05-15 06:28:25,172 [INFO] pipeline.enrich_runner: [EnrichPipeline]          keywords=['Engine', 'Diagnostic', 'Switch', 'display', 'When', 'engine'] | indexterms=['Engine', 'Diagnostic', 'Switch']
2026-05-15 06:28:25,172 [INFO] pipeline.enrich_runner: [EnrichPipeline] [AFTER]  operator_s_station_and_monitoring_systems/engine_stop_switch.dita type=task       shortdesc='This switch stops the engine under an emergency condition.'
2026-05-15 06:28:25,172 [INFO] pipeline.enrich_runner: [EnrichPipeline]          keywords=['switch', 'Engine', 'stops', 'engine', 'condition', 'position'] | indexterms=['switch', 'Engine', 'stops']
2026-05-15 06:28:25,172 [INFO] pipeline.enrich_runner: [EnrichPipeline] [AFTER]  operator_s_station_and_monitoring_systems/getting_started.dita SKIPPED (empty topic)
2026-05-15 06:28:25,173 [INFO] pipeline.enrich_runner: [EnrichPipeline] [AFTER]  operator_s_station_and_monitoring_systems/handling_precautions_for_usb_device.dita type=concept    shortdesc='When using the external USB device, make sure to keep the device disco…'
2026-05-15 06:28:25,173 [INFO] pipeline.enrich_runner: [EnrichPipeline]          keywords=['device', 'external', 'devices', 'recognize', 'When', 'using'] | indexterms=['device', 'external', 'devices']
2026-05-15 06:28:25,173 [INFO] pipeline.enrich_runner: [EnrichPipeline] [AFTER]  operator_s_station_and_monitoring_systems/heater_flow_control_valve.dita type=topic      shortdesc='Hot engine components can cause burns.'
2026-05-15 06:28:25,173 [INFO] pipeline.enrich_runner: [EnrichPipeline]          keywords=['HEATER', 'FLOW', 'CONTROL', 'VALVE', 'engine', 'components'] | indexterms=['HEATER', 'FLOW', 'CONTROL']
2026-05-15 06:28:25,173 [INFO] pipeline.enrich_runner: [EnrichPipeline] [AFTER]  operator_s_station_and_monitoring_systems/idle_select_switch.dita type=reference  shortdesc='Before operating the steering lever, push down the brake pedal and rel…'
2026-05-15 06:28:25,173 [INFO] pipeline.enrich_runner: [EnrichPipeline]          keywords=['switch', 'speed', 'position', 'idling', 'engine', 'function'] | indexterms=['switch', 'speed', 'position']
2026-05-15 06:28:25,173 [INFO] pipeline.enrich_runner: [EnrichPipeline] [AFTER]  operator_s_station_and_monitoring_systems/left_fork_operation_lever.dita type=concept    shortdesc='The forks can be moved right or left by pulling backwards or pushing f…'
2026-05-15 06:28:25,173 [INFO] pipeline.enrich_runner: [EnrichPipeline]          keywords=['lever', 'right', 'forks', 'switch', 'handle', 'Left'] | indexterms=['lever', 'right', 'forks']
2026-05-15 06:28:25,173 [INFO] pipeline.enrich_runner: [EnrichPipeline] [AFTER]  operator_s_station_and_monitoring_systems/lift_lever.dita type=concept    shortdesc='The forks can be raised or lowered by pulling backwards or pushing for…'
2026-05-15 06:28:25,173 [INFO] pipeline.enrich_runner: [EnrichPipeline]          keywords=['speed', 'lever', 'Lift', 'Lever', 'forks', 'controlled'] | indexterms=['speed', 'lever', 'Lift']
2026-05-15 06:28:25,173 [INFO] pipeline.enrich_runner: [EnrichPipeline] [AFTER]  operator_s_station_and_monitoring_systems/listening_to_a_preset_station.dita type=task       shortdesc='You can select the FM 1. FM2. AM 1 or AM2 radio band.'
2026-05-15 06:28:25,173 [INFO] pipeline.enrich_runner: [EnrichPipeline]          keywords=['select', 'station', 'Listening', 'preset', 'Press', 'button'] | indexterms=['select', 'station', 'Listening']
2026-05-15 06:28:25,173 [INFO] pipeline.enrich_runner: [EnrichPipeline] [AFTER]  operator_s_station_and_monitoring_systems/listening_to_auxiliary_audio_equipment.dita type=task       shortdesc='By connecting an optional portable audio device to the AUX input jack …'
2026-05-15 06:28:25,173 [INFO] pipeline.enrich_runner: [EnrichPipeline]          keywords=['audio', 'equipment', 'external', 'volume', 'Turn', 'Listening'] | indexterms=['audio', 'equipment', 'external']
2026-05-15 06:28:25,173 [INFO] pipeline.enrich_runner: [EnrichPipeline] [AFTER]  operator_s_station_and_monitoring_systems/listening_to_dmb_sound_lf_equipped.dita type=concept    shortdesc='When the DMB receiver is turned power on, the current operation will b…'
2026-05-15 06:28:25,173 [INFO] pipeline.enrich_runner: [EnrichPipeline]          keywords=['sound', 'receiver', 'Listening', 'Equipped', 'While', 'playing'] | indexterms=['sound', 'receiver', 'Listening']
2026-05-15 06:28:25,173 [INFO] pipeline.enrich_runner: [EnrichPipeline] [AFTER]  operator_s_station_and_monitoring_systems/location_of_controls.dita type=task       shortdesc='Radio mode: Recall each stored station(press); store each station (pre…'
2026-05-15 06:28:25,174 [INFO] pipeline.enrich_runner: [EnrichPipeline]          keywords=['button', 'press', 'Select', 'Radio', 'rotate', 'buttons'] | indexterms=['button', 'press', 'Select']
2026-05-15 06:28:25,174 [INFO] pipeline.enrich_runner: [EnrichPipeline] [AFTER]  operator_s_station_and_monitoring_systems/operator_s_station_and_monitoring_systems.dita type=topic      shortdesc='(OVERHEAD GUARD)'
2026-05-15 06:28:25,174 [INFO] pipeline.enrich_runner: [EnrichPipeline]          keywords=['Operator', 'Station', 'Monitoring', 'Systems', 'CABIN', 'OVERHEAD'] | indexterms=['Operator', 'Station', 'Monitoring']
2026-05-15 06:28:25,174 [INFO] pipeline.enrich_runner: [EnrichPipeline] [AFTER]  operator_s_station_and_monitoring_systems/parking_brake_switch.dita type=concept    shortdesc='Use this parking brake switch to park the lift truck. Place the forwar…'
2026-05-15 06:28:25,174 [INFO] pipeline.enrich_runner: [EnrichPipeline]          keywords=['parking', 'brake', 'truck', 'switch', 'Parking', 'Brake'] | indexterms=['parking', 'brake', 'truck']
2026-05-15 06:28:25,174 [INFO] pipeline.enrich_runner: [EnrichPipeline] [AFTER]  operator_s_station_and_monitoring_systems/playing_a_usb_device.dita type=concept    shortdesc='Once a USB is connected, USB will automatically start playing from the…'
2026-05-15 06:28:25,174 [INFO] pipeline.enrich_runner: [EnrichPipeline]          keywords=['played', 'device', 'playing', 'information', 'button', 'connected'] | indexterms=['played', 'device', 'playing']
2026-05-15 06:28:25,174 [INFO] pipeline.enrich_runner: [EnrichPipeline] [AFTER]  operator_s_station_and_monitoring_systems/radio.dita SKIPPED (empty topic)
2026-05-15 06:28:25,174 [INFO] pipeline.enrich_runner: [EnrichPipeline] [AFTER]  operator_s_station_and_monitoring_systems/radio_2.dita SKIPPED (empty topic)
2026-05-15 06:28:25,174 [INFO] pipeline.enrich_runner: [EnrichPipeline] [AFTER]  operator_s_station_and_monitoring_systems/rear_camera_only_rear_view_option.dita SKIPPED (empty topic)
2026-05-15 06:28:25,174 [INFO] pipeline.enrich_runner: [EnrichPipeline] [AFTER]  operator_s_station_and_monitoring_systems/rear_camera_rear_view_with_steer_angle_option.dita SKIPPED (empty topic)
2026-05-15 06:28:25,174 [INFO] pipeline.enrich_runner: [EnrichPipeline] [AFTER]  operator_s_station_and_monitoring_systems/rear_view_connectors.dita type=concept    shortdesc='1 Antenna jack: To plug the FM antenna cable.'
2026-05-15 06:28:25,174 [INFO] pipeline.enrich_runner: [EnrichPipeline]          keywords=['Rear', 'Front', 'Illumination', 'Connectors', 'cable', 'Battery'] | indexterms=['Rear', 'Front', 'Illumination']
2026-05-15 06:28:25,174 [INFO] pipeline.enrich_runner: [EnrichPipeline] [AFTER]  operator_s_station_and_monitoring_systems/right_fork_operation_lever.dita type=concept    shortdesc='The right side fork can be moved right or left by pulling backwards or…'
2026-05-15 06:28:25,174 [INFO] pipeline.enrich_runner: [EnrichPipeline]          keywords=['lever', 'Right', 'operation', 'right', 'forwards', 'moved'] | indexterms=['lever', 'Right', 'operation']
2026-05-15 06:28:25,175 [INFO] pipeline.enrich_runner: [EnrichPipeline] [AFTER]  operator_s_station_and_monitoring_systems/saving_radio_stations_automatically.dita type=task       shortdesc='The previously chosen broadcasting station will be received.'
2026-05-15 06:28:25,175 [INFO] pipeline.enrich_runner: [EnrichPipeline]          keywords=['stations', 'automatically', 'button', 'Saving', 'radio', 'Press'] | indexterms=['stations', 'automatically', 'button']
2026-05-15 06:28:25,175 [INFO] pipeline.enrich_runner: [EnrichPipeline] [AFTER]  operator_s_station_and_monitoring_systems/saving_radio_stations_manually.dita type=task       shortdesc='You can save up to 6 preset channels each for FM 1, FM2, FMA, AM1,'
2026-05-15 06:28:25,175 [INFO] pipeline.enrich_runner: [EnrichPipeline]          keywords=['preset', 'button', 'stations', 'Saving', 'radio', 'manually'] | indexterms=['preset', 'button', 'stations']
2026-05-15 06:28:25,175 [INFO] pipeline.enrich_runner: [EnrichPipeline] [AFTER]  operator_s_station_and_monitoring_systems/seat_heater_switch_if_equipped.dita type=topic      shortdesc='Turning on this switch energizes the heater embedded in the operator s…'
2026-05-15 06:28:25,175 [INFO] pipeline.enrich_runner: [EnrichPipeline]          keywords=['heater', 'switch', 'Seat', 'equipped', 'Turning', 'energizes'] | indexterms=['heater', 'switch', 'Seat']
2026-05-15 06:28:25,175 [INFO] pipeline.enrich_runner: [EnrichPipeline] [AFTER]  operator_s_station_and_monitoring_systems/setting_the_region_of_radio_reception.dita type=concept    shortdesc='FM: 87.7 - 107.9 MHz (200 kHz step)'
2026-05-15 06:28:25,175 [INFO] pipeline.enrich_runner: [EnrichPipeline]          keywords=['region', 'seconds', 'setting', 'press', 'radio', 'reception'] | indexterms=['region', 'seconds', 'setting']
2026-05-15 06:28:25,175 [INFO] pipeline.enrich_runner: [EnrichPipeline] [AFTER]  operator_s_station_and_monitoring_systems/tilt_lever.dita type=topic      shortdesc='The mast can be tilted by operation of this tilt lever. Pulling on thi…'
2026-05-15 06:28:25,175 [INFO] pipeline.enrich_runner: [EnrichPipeline]          keywords=['lever', 'Tilt', 'Lever', 'backwards', 'forwards', 'tilted'] | indexterms=['lever', 'Tilt', 'Lever']
2026-05-15 06:28:25,175 [INFO] pipeline.enrich_runner: [EnrichPipeline] [AFTER]  operator_s_station_and_monitoring_systems/tuning_in_a_station.dita type=task       shortdesc='You can select the FM 1. FM2. AM 1 or AM2 radio band.'
2026-05-15 06:28:25,175 [INFO] pipeline.enrich_runner: [EnrichPipeline]          keywords=['station', 'Press', 'button', 'select', 'Using', 'reception'] | indexterms=['station', 'Press', 'button']
2026-05-15 06:28:25,175 [INFO] pipeline.enrich_runner: [EnrichPipeline] [AFTER]  operator_s_station_and_monitoring_systems/turning_the_unit_on_off.dita type=concept    shortdesc='Displays the current time.'
2026-05-15 06:28:25,175 [INFO] pipeline.enrich_runner: [EnrichPipeline]          keywords=['power', 'button', 'Turning', 'POWER', 'Turn', 'ignition'] | indexterms=['power', 'button', 'Turning']
2026-05-15 06:28:25,176 [INFO] pipeline.enrich_runner: [EnrichPipeline] [AFTER]  operator_s_station_and_monitoring_systems/upper_rear_wipers_and_washer_switch.dita type=concept    shortdesc='This switch has two steps to operate the upper and rear wipers and was…'
2026-05-15 06:28:25,176 [INFO] pipeline.enrich_runner: [EnrichPipeline]          keywords=['washer', 'wipers', 'switch', 'Step', 'Upper', 'operate'] | indexterms=['washer', 'wipers', 'switch']
2026-05-15 06:28:25,176 [INFO] pipeline.enrich_runner: [EnrichPipeline] [AFTER]  operator_s_station_and_monitoring_systems/usb_player.dita SKIPPED (empty topic)
2026-05-15 06:28:25,176 [INFO] pipeline.enrich_runner: [EnrichPipeline] [AFTER]  operator_s_station_and_monitoring_systems/weight_scale_mode_option_hydraulic_type.dita type=task       shortdesc='A) Initial Setting'
2026-05-15 06:28:25,176 [INFO] pipeline.enrich_runner: [EnrichPipeline]          keywords=['button', 'weight', 'MODE', 'light', 'ZERO', 'seconds'] | indexterms=['button', 'weight', 'MODE']
2026-05-15 06:28:25,176 [INFO] pipeline.enrich_runner: [EnrichPipeline] [AFTER]  operator_s_station_and_monitoring_systems/wired_remote_controller.dita type=topic      shortdesc='1 SCAN button: In Radio mode, tune up the frequency(press): find a sta…'
2026-05-15 06:28:25,176 [INFO] pipeline.enrich_runner: [EnrichPipeline]          keywords=['press', 'Wired', 'remote', 'controller', 'button', 'power'] | indexterms=['press', 'Wired', 'remote']
2026-05-15 06:28:25,176 [INFO] pipeline.enrich_runner: [EnrichPipeline] [AFTER]  operator_s_warning_and_identification_plate/attachment_abbreviations_includes_special_forks.dita type=concept    shortdesc='SC- Special Carriage-increased width, height or outreach'
2026-05-15 06:28:25,176 [INFO] pipeline.enrich_runner: [EnrichPipeline]          keywords=['Special', 'Carriage', 'Sideshift', 'Handler', 'Forks', 'Attachment'] | indexterms=['Special', 'Carriage', 'Sideshift']
2026-05-15 06:28:25,176 [INFO] pipeline.enrich_runner: [EnrichPipeline] [AFTER]  operator_s_warning_and_identification_plate/identification_lift_capacity_and_attachment_plate.dita type=topic      shortdesc='Typical Example'
2026-05-15 06:28:25,176 [INFO] pipeline.enrich_runner: [EnrichPipeline]          keywords=['Identification', 'Lift', 'Capacity', 'Attachment', 'Plate', 'Typical'] | indexterms=['Identification', 'Lift', 'Capacity']
2026-05-15 06:28:25,176 [INFO] pipeline.enrich_runner: [EnrichPipeline] [AFTER]  operator_s_warning_and_identification_plate/lift_truck_capacity_rating.dita type=concept    shortdesc='DO NOT exceed allowable lift truck working capacity load ratings.'
2026-05-15 06:28:25,176 [INFO] pipeline.enrich_runner: [EnrichPipeline]          keywords=['truck', 'capacity', 'centre', 'Lift', 'Truck', 'Capacity'] | indexterms=['truck', 'capacity', 'centre']
2026-05-15 06:28:25,176 [INFO] pipeline.enrich_runner: [EnrichPipeline] [AFTER]  operator_s_warning_and_identification_plate/mast_abbreviations.dita type=concept    shortdesc='Below are abbreviations that may appear on the Identification, Lift Ca…'
2026-05-15 06:28:25,177 [INFO] pipeline.enrich_runner: [EnrichPipeline]          keywords=['Mast', 'inner', 'Lift', 'Abbreviations', 'single', 'member'] | indexterms=['Mast', 'inner', 'Lift']
2026-05-15 06:28:25,177 [INFO] pipeline.enrich_runner: [EnrichPipeline] [AFTER]  operator_s_warning_and_identification_plate/operator_s_warning_and_identification_plate.dita type=concept    shortdesc='Familiarise yourself with the OPERATOR’S WARNING Plate and IDENTIFICAT…'
2026-05-15 06:28:25,177 [INFO] pipeline.enrich_runner: [EnrichPipeline]          keywords=['Plate', 'truck', 'Operator', 'Warning', 'Identification', 'Familiarise'] | indexterms=['Plate', 'truck', 'Operator']
2026-05-15 06:28:25,177 [INFO] pipeline.enrich_runner: [EnrichPipeline] [AFTER]  operator_s_warning_and_identification_plate/operator_s_warning_plate.dita type=topic      shortdesc='Typical Example'
2026-05-15 06:28:25,177 [INFO] pipeline.enrich_runner: [EnrichPipeline]          keywords=['Operator', 'Warning', 'Plate', 'Typical', 'Example', 'Located'] | indexterms=['Operator', 'Warning', 'Plate']
2026-05-15 06:28:25,177 [INFO] pipeline.enrich_runner: [EnrichPipeline] [AFTER]  safety/avoiding_lift_truck_tipover.dita            SKIPPED (empty topic)
2026-05-15 06:28:25,177 [INFO] pipeline.enrich_runner: [EnrichPipeline] [AFTER]  safety/batteries.dita                              type=concept    shortdesc='give off flammable fumes which can explode.'
2026-05-15 06:28:25,177 [INFO] pipeline.enrich_runner: [EnrichPipeline]          keywords=['Batteries', 'flammable', 'fumes', 'which', 'explode', 'smoke'] | indexterms=['Batteries', 'flammable', 'fumes']
2026-05-15 06:28:25,177 [INFO] pipeline.enrich_runner: [EnrichPipeline] [AFTER]  safety/before_operating_the_lift_truck.dita        type=task       shortdesc='Test brakes, steering controls, horn and other devices for proper oper…'
2026-05-15 06:28:25,177 [INFO] pipeline.enrich_runner: [EnrichPipeline]          keywords=['truck', 'Before', 'Operating', 'Lift', 'Truck', 'devices'] | indexterms=['truck', 'Before', 'Operating']
2026-05-15 06:28:25,177 [INFO] pipeline.enrich_runner: [EnrichPipeline] [AFTER]  safety/before_starting_the_lift_truck.dita         type=concept    shortdesc='Perform a walk-around inspection daily and at the start of each shift.'
2026-05-15 06:28:25,177 [INFO] pipeline.enrich_runner: [EnrichPipeline]          keywords=['Make', 'truck', 'Lift', 'Truck', 'controls', 'Before'] | indexterms=['Make', 'truck', 'Lift']
2026-05-15 06:28:25,177 [INFO] pipeline.enrich_runner: [EnrichPipeline] [AFTER]  safety/burn_prevention.dita                        SKIPPED (empty topic)
2026-05-15 06:28:25,177 [INFO] pipeline.enrich_runner: [EnrichPipeline] [AFTER]  safety/capacity_load_weight_and_load_centre.dita   type=concept    shortdesc='The capacity load of the lift truck is shown on the capacity/nameplate…'
2026-05-15 06:28:25,177 [INFO] pipeline.enrich_runner: [EnrichPipeline]          keywords=['capacity', 'truck', 'Time', 'Load', 'nameplate', 'centre'] | indexterms=['capacity', 'truck', 'Time']
2026-05-15 06:28:25,178 [INFO] pipeline.enrich_runner: [EnrichPipeline] [AFTER]  safety/centre_of_gravity_cg.dita                   type=concept    shortdesc='The point within an object, at which the whole weight of the object ma…'
2026-05-15 06:28:25,178 [INFO] pipeline.enrich_runner: [EnrichPipeline]          keywords=['object', 'Centre', 'Gravity', 'point', 'centre', 'uniform'] | indexterms=['object', 'Centre', 'Gravity']
2026-05-15 06:28:25,178 [INFO] pipeline.enrich_runner: [EnrichPipeline] [AFTER]  safety/coolant.dita                                type=task       shortdesc='At operating temperature, the engine coolant is hot and under pressure…'
2026-05-15 06:28:25,178 [INFO] pipeline.enrich_runner: [EnrichPipeline]          keywords=['engine', 'cause', 'system', 'Coolant', 'coolant', 'pressure'] | indexterms=['engine', 'cause', 'system']
2026-05-15 06:28:25,178 [INFO] pipeline.enrich_runner: [EnrichPipeline] [AFTER]  safety/crushing_or_cutting_prevention.dita         type=concept    shortdesc='Support equipment and attachments properly when working beneath them. …'
2026-05-15 06:28:25,178 [INFO] pipeline.enrich_runner: [EnrichPipeline]          keywords=['attachment', 'moving', 'Crushing', 'Cutting', 'Prevention', 'hydraulic'] | indexterms=['attachment', 'moving', 'Crushing']
2026-05-15 06:28:25,178 [INFO] pipeline.enrich_runner: [EnrichPipeline] [AFTER]  safety/emergency_lowering_guide.dita               type=task       shortdesc='To us the emergency lowering valve, follow these step.'
2026-05-15 06:28:25,178 [INFO] pipeline.enrich_runner: [EnrichPipeline]          keywords=['carriage', 'assembly', 'valve', 'lowering', 'using', 'emergency'] | indexterms=['carriage', 'assembly', 'valve']
2026-05-15 06:28:25,178 [INFO] pipeline.enrich_runner: [EnrichPipeline] [AFTER]  safety/falling_objects_protective_structure_fops.dita type=concept    shortdesc='This is an attached guard located above the operator's compartment and…'
2026-05-15 06:28:25,178 [INFO] pipeline.enrich_runner: [EnrichPipeline]          keywords=['FOPS', 'guard', 'Time', 'overhead', 'Falling', 'Objects'] | indexterms=['FOPS', 'guard', 'Time']
2026-05-15 06:28:25,178 [INFO] pipeline.enrich_runner: [EnrichPipeline] [AFTER]  safety/fasten_the_seat_belt.dita                   type=concept    shortdesc='Grip the plate (connector) of the belt and pull the belt from the retr…'
2026-05-15 06:28:25,178 [INFO] pipeline.enrich_runner: [EnrichPipeline]          keywords=['across', 'abdomen', 'Fasten', 'Seat', 'Belt', 'plate'] | indexterms=['across', 'abdomen', 'Fasten']
2026-05-15 06:28:25,178 [INFO] pipeline.enrich_runner: [EnrichPipeline] [AFTER]  safety/fire_extinguisher.dita                      type=topic      shortdesc='Have a fire extinguisher-type BC and 1.5KG minimum capacity-on rear ov…'
2026-05-15 06:28:25,178 [INFO] pipeline.enrich_runner: [EnrichPipeline]          keywords=['Fire', 'Extinguisher', 'extinguisher', 'minimum', 'capacity', 'overhead'] | indexterms=['Fire', 'Extinguisher', 'extinguisher']
2026-05-15 06:28:25,178 [INFO] pipeline.enrich_runner: [EnrichPipeline] [AFTER]  safety/fire_or_explosion_prevention.dita           type=task       shortdesc='All fuels, most lubricants and some coolant mixtures are flammable.'
2026-05-15 06:28:25,179 [INFO] pipeline.enrich_runner: [EnrichPipeline]          keywords=['flammable', 'electrical', 'where', 'terminal', 'starter', 'negative'] | indexterms=['flammable', 'electrical', 'where']
2026-05-15 06:28:25,179 [INFO] pipeline.enrich_runner: [EnrichPipeline] [AFTER]  safety/fluid_penetration.dita                      type=concept    shortdesc='Always use a board or cardboard when checking for a leak. Escaping flu…'
2026-05-15 06:28:25,179 [INFO] pipeline.enrich_runner: [EnrichPipeline]          keywords=['Fluid', 'Penetration', 'fluid', 'injury', 'Always', 'board'] | indexterms=['Fluid', 'Penetration', 'fluid']
2026-05-15 06:28:25,179 [INFO] pipeline.enrich_runner: [EnrichPipeline] [AFTER]  safety/general_hazard_information.dita             type=concept    shortdesc='Attach a “Do Not Operate” or similar warning tag to start switch or co…'
2026-05-15 06:28:25,179 [INFO] pipeline.enrich_runner: [EnrichPipeline]          keywords=['truck', 'other', 'overhead', 'guard', 'operating', 'backrest'] | indexterms=['truck', 'other', 'overhead']
2026-05-15 06:28:25,179 [INFO] pipeline.enrich_runner: [EnrichPipeline] [AFTER]  safety/general_warnings_to_operator.dita           type=task       shortdesc='Located on the operator's cell.'
2026-05-15 06:28:25,179 [INFO] pipeline.enrich_runner: [EnrichPipeline]          keywords=['machine', 'machines', 'operation', 'handling', 'brake', 'surfaces'] | indexterms=['machine', 'machines', 'operation']
2026-05-15 06:28:25,179 [INFO] pipeline.enrich_runner: [EnrichPipeline] [AFTER]  safety/hand_placement_warning.dita                 type=concept    shortdesc='Located on the mast.'
2026-05-15 06:28:25,179 [INFO] pipeline.enrich_runner: [EnrichPipeline]          keywords=['Warning', 'Located', 'place', 'stand', 'forks', 'Hand'] | indexterms=['Warning', 'Located', 'place']
2026-05-15 06:28:25,179 [INFO] pipeline.enrich_runner: [EnrichPipeline] [AFTER]  safety/how_to_survive_in_a_tipover.dita            type=concept    shortdesc='Always use operator restraint system.'
2026-05-15 06:28:25,179 [INFO] pipeline.enrich_runner: [EnrichPipeline]          keywords=['operator', 'Survive', 'Tipover', 'restraint', 'system', 'Lean'] | indexterms=['operator', 'Survive', 'Tipover']
2026-05-15 06:28:25,179 [INFO] pipeline.enrich_runner: [EnrichPipeline] [AFTER]  safety/inspection.dita                             type=concept    shortdesc='If the seat belt is torn, if pulling motion is interrupted during exte…'
2026-05-15 06:28:25,179 [INFO] pipeline.enrich_runner: [EnrichPipeline]          keywords=['Check', 'Time', 'operator', 'restraint', 'system', 'replaced'] | indexterms=['Check', 'Time', 'operator']
2026-05-15 06:28:25,179 [INFO] pipeline.enrich_runner: [EnrichPipeline] [AFTER]  safety/lift_truck_parking.dita                     type=task       shortdesc='When leaving the operator station, park the lift truck in authorised a…'
2026-05-15 06:28:25,179 [INFO] pipeline.enrich_runner: [EnrichPipeline]          keywords=['switch', 'Lift', 'Truck', 'Parking', 'truck', 'parking'] | indexterms=['switch', 'Lift', 'Truck']
2026-05-15 06:28:25,180 [INFO] pipeline.enrich_runner: [EnrichPipeline] [AFTER]  safety/lift_truck_stability.dita                   type=concept    shortdesc='Counterbalanced lift truck design is based on the balance of two weigh…'
2026-05-15 06:28:25,180 [INFO] pipeline.enrich_runner: [EnrichPipeline]          keywords=['truck', 'Lift', 'Truck', 'Stability', 'centre', 'gravity'] | indexterms=['truck', 'Lift', 'Truck']
2026-05-15 06:28:25,180 [INFO] pipeline.enrich_runner: [EnrichPipeline] [AFTER]  safety/lift_truck_stability_base.dita              type=concept    shortdesc='For the lift truck to be stable (not tip over forward or to the side),'
2026-05-15 06:28:25,180 [INFO] pipeline.enrich_runner: [EnrichPipeline]          keywords=['truck', 'stability', 'forward', 'Lift', 'Truck', 'Stability'] | indexterms=['truck', 'stability', 'forward']
2026-05-15 06:28:25,180 [INFO] pipeline.enrich_runner: [EnrichPipeline] [AFTER]  safety/lines_tubes_and_hoses.dita                  type=concept    shortdesc='Do not bend or strike high pressure lines. Do not install bent or dama…'
2026-05-15 06:28:25,180 [INFO] pipeline.enrich_runner: [EnrichPipeline]          keywords=['lines', 'damaged', 'tubes', 'hoses', 'Lines', 'Tubes'] | indexterms=['lines', 'damaged', 'tubes']
2026-05-15 06:28:25,180 [INFO] pipeline.enrich_runner: [EnrichPipeline] [AFTER]  safety/loading_or_unloading_trucks_trailers.dita   type=concept    shortdesc='Do not operate lift trucks on trucks or trailers which are not designe…'
2026-05-15 06:28:25,180 [INFO] pipeline.enrich_runner: [EnrichPipeline]          keywords=['trucks', 'trailers', 'certain', 'trailer', 'Loading', 'Unloading'] | indexterms=['trucks', 'trailers', 'certain']
2026-05-15 06:28:25,180 [INFO] pipeline.enrich_runner: [EnrichPipeline] [AFTER]  safety/lpg.dita                                    type=concept    shortdesc='is poisonous and flammable.'
2026-05-15 06:28:25,180 [INFO] pipeline.enrich_runner: [EnrichPipeline]          keywords=['cylinders', 'areas', 'store', 'poisonous', 'flammable', 'Breathing'] | indexterms=['cylinders', 'areas', 'store']
2026-05-15 06:28:25,180 [INFO] pipeline.enrich_runner: [EnrichPipeline] [AFTER]  safety/maintenance_information.dita                type=task       shortdesc='Perform all maintenance unless otherwise specified as follows:'
2026-05-15 06:28:25,180 [INFO] pipeline.enrich_runner: [EnrichPipeline]          keywords=['Maintenance', 'Information', 'Park', 'truck', 'parking', 'switch'] | indexterms=['Maintenance', 'Information', 'Park']
2026-05-15 06:28:25,180 [INFO] pipeline.enrich_runner: [EnrichPipeline] [AFTER]  safety/mounting_and_dismounting.dita               type=concept    shortdesc='Mount and dismount the lift truck carefully.'
2026-05-15 06:28:25,180 [INFO] pipeline.enrich_runner: [EnrichPipeline]          keywords=['truck', 'mounting', 'hands', 'dismounting', 'Never', 'Mounting'] | indexterms=['truck', 'mounting', 'hands']
2026-05-15 06:28:25,180 [INFO] pipeline.enrich_runner: [EnrichPipeline] [AFTER]  safety/moving_fan_warning.dita                     type=topic      shortdesc='To avoid personal injury, stay clear of moving fan.'
2026-05-15 06:28:25,180 [INFO] pipeline.enrich_runner: [EnrichPipeline]          keywords=['Moving', 'Warning', 'avoid', 'personal', 'injury', 'clear'] | indexterms=['Moving', 'Warning', 'avoid']
2026-05-15 06:28:25,181 [INFO] pipeline.enrich_runner: [EnrichPipeline] [AFTER]  safety/no_riders_warning.dita                      type=concept    shortdesc='Located on the operator's cell.'
2026-05-15 06:28:25,181 [INFO] pipeline.enrich_runner: [EnrichPipeline]          keywords=['Riders', 'Warning', 'riders', 'operator', 'avoid', 'personal'] | indexterms=['Riders', 'Warning', 'riders']
2026-05-15 06:28:25,181 [INFO] pipeline.enrich_runner: [EnrichPipeline] [AFTER]  safety/oils.dita                                   type=task       shortdesc='Hot oil and components can cause personal injury. Do not allow hot oil…'
2026-05-15 06:28:25,181 [INFO] pipeline.enrich_runner: [EnrichPipeline]          keywords=['hydraulic', 'pressure', 'filler', 'Oils', 'components', 'Remove'] | indexterms=['hydraulic', 'pressure', 'filler']
2026-05-15 06:28:25,181 [INFO] pipeline.enrich_runner: [EnrichPipeline] [AFTER]  safety/operating_the_lift_truck.dita               type=concept    shortdesc='Always keep the lift truck under control.'
2026-05-15 06:28:25,181 [INFO] pipeline.enrich_runner: [EnrichPipeline]          keywords=['truck', 'overhead', 'Always', 'grades', 'other', 'Slow'] | indexterms=['truck', 'overhead', 'Always']
2026-05-15 06:28:25,181 [INFO] pipeline.enrich_runner: [EnrichPipeline] [AFTER]  safety/operation_information.dita                  SKIPPED (empty topic)
2026-05-15 06:28:25,181 [INFO] pipeline.enrich_runner: [EnrichPipeline] [AFTER]  safety/operator_restraint_system.dita              SKIPPED (empty topic)
2026-05-15 06:28:25,181 [INFO] pipeline.enrich_runner: [EnrichPipeline] [AFTER]  safety/pressure_warning.dita                       type=topic      shortdesc='Located on the radiator top tank by the radiator cap.'
2026-05-15 06:28:25,181 [INFO] pipeline.enrich_runner: [EnrichPipeline]          keywords=['Pressure', 'Warning', 'radiator', 'Contents', 'under', 'pressure'] | indexterms=['Pressure', 'Warning', 'radiator']
2026-05-15 06:28:25,181 [INFO] pipeline.enrich_runner: [EnrichPipeline] [AFTER]  safety/release_the_seat_belt.dita                  type=topic      shortdesc='Push the button of the buckle to release the belt. The belt will autom…'
2026-05-15 06:28:25,181 [INFO] pipeline.enrich_runner: [EnrichPipeline]          keywords=['Release', 'Seat', 'Belt', 'retract', 'Push', 'button'] | indexterms=['Release', 'Seat', 'Belt']
2026-05-15 06:28:25,181 [INFO] pipeline.enrich_runner: [EnrichPipeline] [AFTER]  safety/safety.dita                                 type=concept    shortdesc='The safety rules and regulations in this section are representative of…'
2026-05-15 06:28:25,181 [INFO] pipeline.enrich_runner: [EnrichPipeline]          keywords=['regulations', 'Safety', 'National', 'Standards', 'truck', 'rules'] | indexterms=['regulations', 'Safety', 'National']
2026-05-15 06:28:25,181 [INFO] pipeline.enrich_runner: [EnrichPipeline] [AFTER]  safety/safety_rules.dita                           type=concept    shortdesc='Only properly trained and authorised personnel should operate forklift…'
2026-05-15 06:28:25,181 [INFO] pipeline.enrich_runner: [EnrichPipeline]          keywords=['truck', 'loads', 'forklift', 'cause', 'operate', 'forks'] | indexterms=['truck', 'loads', 'forklift']
2026-05-15 06:28:25,182 [INFO] pipeline.enrich_runner: [EnrichPipeline] [AFTER]  safety/seat_adjustment.dita                        type=concept    shortdesc='Move the lever, slide the seat to the desired position, and release th…'
2026-05-15 06:28:25,182 [INFO] pipeline.enrich_runner: [EnrichPipeline]          keywords=['lever', 'truck', 'adjust', 'height', 'Seat', 'Adjustment'] | indexterms=['lever', 'truck', 'adjust']
2026-05-15 06:28:25,182 [INFO] pipeline.enrich_runner: [EnrichPipeline] [AFTER]  safety/seat_belt.dita                              type=concept    shortdesc='The Operator Restraint System, Prevents the operator from jumping from…'
2026-05-15 06:28:25,182 [INFO] pipeline.enrich_runner: [EnrichPipeline]          keywords=['operator', 'Seat', 'Belt', 'compartment', 'event', 'tipover'] | indexterms=['operator', 'Seat', 'Belt']
2026-05-15 06:28:25,182 [INFO] pipeline.enrich_runner: [EnrichPipeline] [AFTER]  safety/stability_and_centre_of_gravity.dita        type=concept    shortdesc='The stability of the lift truck is determined by the location of its C…'
2026-05-15 06:28:25,182 [INFO] pipeline.enrich_runner: [EnrichPipeline]          keywords=['truck', 'moves', 'loaded', 'forward', 'backward', 'Stability'] | indexterms=['truck', 'moves', 'loaded']
2026-05-15 06:28:25,182 [INFO] pipeline.enrich_runner: [EnrichPipeline] [AFTER]  safety/starting_the_lift_truck.dita                type=task       shortdesc='Do not start the engine or move any of the controls if there is a'
2026-05-15 06:28:25,182 [INFO] pipeline.enrich_runner: [EnrichPipeline]          keywords=['Starting', 'Lift', 'Truck', 'start', 'controls', 'engine'] | indexterms=['Starting', 'Lift', 'Truck']
2026-05-15 06:28:25,182 [INFO] pipeline.enrich_runner: [EnrichPipeline] [AFTER]  safety/tilting_cabin_operation_warning.dita        type=concept    shortdesc='To avoid personal injury, do not put your hands on the side bracket.'
2026-05-15 06:28:25,182 [INFO] pipeline.enrich_runner: [EnrichPipeline]          keywords=['Tilting', 'Cabin', 'Operation', 'Warning', 'avoid', 'tilting'] | indexterms=['Tilting', 'Cabin', 'Operation']
2026-05-15 06:28:25,182 [INFO] pipeline.enrich_runner: [EnrichPipeline] [AFTER]  safety/training_required_to_operate_or_service.dita type=concept    shortdesc='Located on the operator’s cell.'
2026-05-15 06:28:25,182 [INFO] pipeline.enrich_runner: [EnrichPipeline]          keywords=['Training', 'Required', 'Operate', 'Service', 'Located', 'operator'] | indexterms=['Training', 'Required', 'Operate']
2026-05-15 06:28:25,182 [INFO] pipeline.enrich_runner: [EnrichPipeline] [AFTER]  safety/tyre_information.dita                       type=concept    shortdesc='Explosions of air-inflated tyres have resulted from heat-induced gas c…'
2026-05-15 06:28:25,182 [INFO] pipeline.enrich_runner: [EnrichPipeline]          keywords=['tyres', 'nitrogen', 'cause', 'explosion', 'inflation', 'inflated'] | indexterms=['tyres', 'nitrogen', 'cause']
2026-05-15 06:28:25,183 [INFO] pipeline.enrich_runner: [EnrichPipeline] [AFTER]  safety/tyre_warning.dita                           type=concept    shortdesc='A tyre can be broken down due to overheating, if operated for a prolon…'
2026-05-15 06:28:25,183 [INFO] pipeline.enrich_runner: [EnrichPipeline]          keywords=['Tyre', 'check', 'Warning', 'pressure', 'prolonged', 'period'] | indexterms=['Tyre', 'check', 'Warning']
2026-05-15 06:28:25,183 [INFO] pipeline.enrich_runner: [EnrichPipeline] [AFTER]  safety/warning_signs_and_labels.dita               type=concept    shortdesc='There are several specific safety signs on your lift truck. Their exac…'
2026-05-15 06:28:25,183 [INFO] pipeline.enrich_runner: [EnrichPipeline]          keywords=['labels', 'label', 'Warning', 'Signs', 'Labels', 'safety'] | indexterms=['labels', 'label', 'Warning']
2026-05-15 06:28:25,183 [INFO] pipeline.enrich_runner: [EnrichPipeline] [AFTER]  safety/warning_signs_and_labels_2.dita             type=concept    shortdesc='Your Time lift truck has the following tipover warning decals.'
2026-05-15 06:28:25,183 [INFO] pipeline.enrich_runner: [EnrichPipeline]          keywords=['truck', 'tipover', 'label', 'Warning', 'Signs', 'Labels'] | indexterms=['truck', 'tipover', 'label']
2026-05-15 06:28:25,183 [INFO] pipeline.enrich_runner: [EnrichPipeline] [AFTER]  seat_switch_system/air_suspension_seat_option_grammer.dita type=task       shortdesc='1 Seat Backrest 2 Auxiliary Seat Backrest 3 Armrest 4 Seat Mat 5 Seat …'
2026-05-15 06:28:25,183 [INFO] pipeline.enrich_runner: [EnrichPipeline]          keywords=['Seat', 'Adjustment', 'Lever', 'Adjusts', 'Suspension', 'Backrest'] | indexterms=['Seat', 'Adjustment', 'Lever']
2026-05-15 06:28:25,183 [INFO] pipeline.enrich_runner: [EnrichPipeline] [AFTER]  seat_switch_system/circuit_breaker.dita            type=concept    shortdesc='Typical Example'
2026-05-15 06:28:25,183 [INFO] pipeline.enrich_runner: [EnrichPipeline]          keywords=['Circuit', 'Breaker', 'electrical', 'circuit', 'button', 'Typical'] | indexterms=['Circuit', 'Breaker', 'electrical']
2026-05-15 06:28:25,183 [INFO] pipeline.enrich_runner: [EnrichPipeline] [AFTER]  seat_switch_system/fuse_box.dita                   type=concept    shortdesc='Typical Example'
2026-05-15 06:28:25,183 [INFO] pipeline.enrich_runner: [EnrichPipeline]          keywords=['Fuse', 'Fuses', 'Change', 'element', 'separates', 'Typical'] | indexterms=['Fuse', 'Fuses', 'Change']
2026-05-15 06:28:25,183 [INFO] pipeline.enrich_runner: [EnrichPipeline] [AFTER]  seat_switch_system/seat.dita                       SKIPPED (empty topic)
2026-05-15 06:28:25,183 [INFO] pipeline.enrich_runner: [EnrichPipeline] [AFTER]  seat_switch_system/seat_adjustment_2.dita          type=task       shortdesc='should be checked at the beginning of each shift and when operators ch…'
2026-05-15 06:28:25,184 [INFO] pipeline.enrich_runner: [EnrichPipeline]          keywords=['position', 'adjusted', 'desired', 'lever', 'Seat', 'selected'] | indexterms=['position', 'adjusted', 'desired']
2026-05-15 06:28:25,184 [INFO] pipeline.enrich_runner: [EnrichPipeline] [AFTER]  seat_switch_system/seat_switch_system.dita         type=concept    shortdesc='The lift truck is equipped with a SEAT SWITCH SYSTEM. In normal operat…'
2026-05-15 06:28:25,184 [INFO] pipeline.enrich_runner: [EnrichPipeline]          keywords=['truck', 'SEAT', 'SWITCH', 'SYSTEM', 'brake', 'direction'] | indexterms=['truck', 'SEAT', 'SWITCH']
2026-05-15 06:28:25,184 [INFO] pipeline.enrich_runner: [EnrichPipeline] [AFTER]  seat_switch_system/steering_column_tilting_angle_adjustment.dita type=concept    shortdesc='Typical Example'
2026-05-15 06:28:25,184 [INFO] pipeline.enrich_runner: [EnrichPipeline]          keywords=['Steering', 'Column', 'Tilting', 'Angle', 'Adjustment', 'steering'] | indexterms=['Steering', 'Column', 'Tilting']
2026-05-15 06:28:25,184 [INFO] pipeline.enrich_runner: [EnrichPipeline] [AFTER]  seat_switch_system/tow_eye.dita                    type=concept    shortdesc='Typical Example'
2026-05-15 06:28:25,184 [INFO] pipeline.enrich_runner: [EnrichPipeline]          keywords=['disabled', 'vehicle', 'towed', 'truck', 'Typical', 'Example'] | indexterms=['disabled', 'vehicle', 'towed']
2026-05-15 06:28:25,184 [INFO] pipeline.enrich_runner: [EnrichPipeline] [AFTER]  serial_number/serial_number.dita                   SKIPPED (empty topic)
2026-05-15 06:28:25,184 [INFO] pipeline.enrich_runner: [EnrichPipeline] [AFTER]  serial_number/serial_number_locations.dita         type=topic      shortdesc='For quick reference, record your lift truck's serial numbers in the sp…'
2026-05-15 06:28:25,184 [INFO] pipeline.enrich_runner: [EnrichPipeline]          keywords=['Serial', 'Number', 'Typical', 'Example', 'Locations', 'Engine'] | indexterms=['Serial', 'Number', 'Typical']
2026-05-15 06:28:25,184 [INFO] pipeline.enrich_runner: [EnrichPipeline] [AFTER]  specifications/specifications.dita                 type=task       shortdesc='CHRACTERISTICS 1 Model CD100S-7(TIERIV) CD120S-7(TIERIV) CD140S-7(TIER…'
2026-05-15 06:28:25,184 [INFO] pipeline.enrich_runner: [EnrichPipeline]          keywords=['loaded', 'front', 'unloaded', 'diesel', 'seated', 'driver'] | indexterms=['loaded', 'front', 'unloaded']
2026-05-15 06:28:25,184 [INFO] pipeline.enrich_runner: [EnrichPipeline] [AFTER]  starting_the_engine/prestart_conditions.dita       type=task       shortdesc='Typical Example'
2026-05-15 06:28:25,184 [INFO] pipeline.enrich_runner: [EnrichPipeline]          keywords=['Prestart', 'Conditions', 'engine', 'transmission', 'directional', 'control'] | indexterms=['Prestart', 'Conditions', 'engine']
2026-05-15 06:28:25,184 [INFO] pipeline.enrich_runner: [EnrichPipeline] [AFTER]  starting_the_engine/starting_diesel_engine_at_cold.dita type=task       shortdesc='If engine coolant is cold, engine low idle speed could be higher than …'
2026-05-15 06:28:25,185 [INFO] pipeline.enrich_runner: [EnrichPipeline]          keywords=['engine', 'ignition', 'Engine', 'position', 'preheat', 'light'] | indexterms=['engine', 'ignition', 'Engine']
2026-05-15 06:28:25,185 [INFO] pipeline.enrich_runner: [EnrichPipeline] [AFTER]  starting_the_engine/starting_diesel_engine_at_warm_mechanical_engine.dita type=task       shortdesc='Turn the ignition key to the ON position and then to START position, w…'
2026-05-15 06:28:25,185 [INFO] pipeline.enrich_runner: [EnrichPipeline]          keywords=['engine', 'ignition', 'position', 'Starting', 'Diesel', 'Engine'] | indexterms=['engine', 'ignition', 'position']
2026-05-15 06:28:25,185 [INFO] pipeline.enrich_runner: [EnrichPipeline] [AFTER]  starting_the_engine/starting_from_a_24_12_volt_external_source.dita type=task       shortdesc='Always connect the external power source ground cable to a point away …'
2026-05-15 06:28:25,185 [INFO] pipeline.enrich_runner: [EnrichPipeline]          keywords=['battery', 'ground', 'cables', 'NEGATIVE', 'Starting', 'Volt'] | indexterms=['battery', 'ground', 'cables']
2026-05-15 06:28:25,185 [INFO] pipeline.enrich_runner: [EnrichPipeline] [AFTER]  starting_the_engine/starting_the_engine.dita       SKIPPED (empty topic)
2026-05-15 06:28:25,185 [INFO] pipeline.enrich_runner: [EnrichPipeline] [AFTER]  starting_the_engine/starting_with_jumper_cables.dita type=concept    shortdesc='Prevent sparks near the batteries. They could cause vapors to explode.…'
2026-05-15 06:28:25,185 [INFO] pipeline.enrich_runner: [EnrichPipeline]          keywords=['battery', 'starting', 'batteries', 'truck', 'voltage', 'cause'] | indexterms=['battery', 'starting', 'batteries']
2026-05-15 06:28:25,185 [INFO] pipeline.enrich_runner: [EnrichPipeline] [AFTER]  starting_the_engine/use_of_jumper_cables.dita      type=task       shortdesc='When auxiliary start receptacles are not available, use the following …'
2026-05-15 06:28:25,185 [INFO] pipeline.enrich_runner: [EnrichPipeline]          keywords=['truck', 'stalled', 'battery', 'cable', 'boost', 'engine'] | indexterms=['truck', 'stalled', 'battery']
2026-05-15 06:28:25,185 [INFO] pipeline.enrich_runner: [EnrichPipeline] ── Layer 4: Quality Review ──
2026-05-15 06:28:25,194 [INFO] layers.layer4_quality_autofix: L4 › after_starting_the_engine/after_starting_the_engine.dita at /app/output/d85589d0-0895-437e-8214-fa98962ae40e/after_starting_the_engine/after_starting_the_engine.dita
2026-05-15 06:28:25,194 [INFO] layers.layer4_quality_autofix: L4 › after_starting_the_engine/def_ad_blue_level_inducement_for_europe.dita at /app/output/d85589d0-0895-437e-8214-fa98962ae40e/after_starting_the_engine/def_ad_blue_level_inducement_for_europe.dita
2026-05-15 06:28:25,194 [INFO] layers.layer4_quality_autofix: L4 › after_starting_the_engine/def_ad_blue_level_inducement_for_usa.dita at /app/output/d85589d0-0895-437e-8214-fa98962ae40e/after_starting_the_engine/def_ad_blue_level_inducement_for_usa.dita
2026-05-15 06:28:25,194 [INFO] layers.layer4_quality_autofix: L4 › after_starting_the_engine/def_ad_blue_level_inducement_for_usa_europe.dita at /app/output/d85589d0-0895-437e-8214-fa98962ae40e/after_starting_the_engine/def_ad_blue_level_inducement_for_usa_europe.dita
2026-05-15 06:28:25,195 [INFO] layers.layer4_quality_autofix: L4 › after_starting_the_engine/def_ad_blue_quality_failure_for_europe.dita at /app/output/d85589d0-0895-437e-8214-fa98962ae40e/after_starting_the_engine/def_ad_blue_quality_failure_for_europe.dita
2026-05-15 06:28:25,195 [INFO] layers.layer4_quality_autofix: L4 › after_starting_the_engine/def_ad_blue_quality_failure_for_usa.dita at /app/output/d85589d0-0895-437e-8214-fa98962ae40e/after_starting_the_engine/def_ad_blue_quality_failure_for_usa.dita
2026-05-15 06:28:25,195 [INFO] layers.layer4_quality_autofix: L4 › after_starting_the_engine/def_ad_blue_quality_failure_for_usa_europe.dita at /app/output/d85589d0-0895-437e-8214-fa98962ae40e/after_starting_the_engine/def_ad_blue_quality_failure_for_usa_europe.dita
2026-05-15 06:28:25,195 [INFO] layers.layer4_quality_autofix: L4 › after_starting_the_engine/detecting_control_failure.dita at /app/output/d85589d0-0895-437e-8214-fa98962ae40e/after_starting_the_engine/detecting_control_failure.dita
2026-05-15 06:28:25,195 [INFO] layers.layer4_quality_autofix: L4 › after_starting_the_engine/diesel_engine.dita at /app/output/d85589d0-0895-437e-8214-fa98962ae40e/after_starting_the_engine/diesel_engine.dita
2026-05-15 06:28:25,195 [INFO] layers.layer4_quality_autofix: L4 › after_starting_the_engine/display_of_detecting_control_failure.dita at /app/output/d85589d0-0895-437e-8214-fa98962ae40e/after_starting_the_engine/display_of_detecting_control_failure.dita
2026-05-15 06:28:25,196 [INFO] layers.layer4_quality_autofix: L4 › after_starting_the_engine/engine_and_after_treatment_system.dita at /app/output/d85589d0-0895-437e-8214-fa98962ae40e/after_starting_the_engine/engine_and_after_treatment_system.dita
2026-05-15 06:28:25,196 [INFO] layers.layer4_quality_autofix: L4 › after_starting_the_engine/impeded_egr_for_europe.dita at /app/output/d85589d0-0895-437e-8214-fa98962ae40e/after_starting_the_engine/impeded_egr_for_europe.dita
2026-05-15 06:28:25,196 [INFO] layers.layer4_quality_autofix: L4 › after_starting_the_engine/impeded_egr_interruption_of_dosing_for_europe_only.dita at /app/output/d85589d0-0895-437e-8214-fa98962ae40e/after_starting_the_engine/impeded_egr_interruption_of_dosing_for_europe_only.dita
2026-05-15 06:28:25,196 [INFO] layers.layer4_quality_autofix: L4 › after_starting_the_engine/interruption_of_dosing_for_europe.dita at /app/output/d85589d0-0895-437e-8214-fa98962ae40e/after_starting_the_engine/interruption_of_dosing_for_europe.dita
2026-05-15 06:28:25,196 [INFO] layers.layer4_quality_autofix: L4 › after_starting_the_engine/introduction.dita at /app/output/d85589d0-0895-437e-8214-fa98962ae40e/after_starting_the_engine/introduction.dita
2026-05-15 06:28:25,196 [INFO] layers.layer4_quality_autofix: L4 › after_starting_the_engine/scr_system_tampering_for_europe.dita at /app/output/d85589d0-0895-437e-8214-fa98962ae40e/after_starting_the_engine/scr_system_tampering_for_europe.dita
2026-05-15 06:28:25,196 [INFO] layers.layer4_quality_autofix: L4 › after_starting_the_engine/scr_system_tampering_for_usa.dita at /app/output/d85589d0-0895-437e-8214-fa98962ae40e/after_starting_the_engine/scr_system_tampering_for_usa.dita
2026-05-15 06:28:25,197 [INFO] layers.layer4_quality_autofix: L4 › after_starting_the_engine/scr_system_tampering_for_usa_europe.dita at /app/output/d85589d0-0895-437e-8214-fa98962ae40e/after_starting_the_engine/scr_system_tampering_for_usa_europe.dita
2026-05-15 06:28:25,197 [INFO] layers.layer4_quality_autofix: L4 › before_starting_the_engine/before_starting_the_engine.dita at /app/output/d85589d0-0895-437e-8214-fa98962ae40e/before_starting_the_engine/before_starting_the_engine.dita
2026-05-15 06:28:25,197 [INFO] layers.layer4_quality_autofix: L4 › before_starting_the_engine/walk_around_inspection.dita at /app/output/d85589d0-0895-437e-8214-fa98962ae40e/before_starting_the_engine/walk_around_inspection.dita
2026-05-15 06:28:25,197 [INFO] layers.layer4_quality_autofix: L4 › capacity_chart/capacity_chart.dita at /app/output/d85589d0-0895-437e-8214-fa98962ae40e/capacity_chart/capacity_chart.dita
2026-05-15 06:28:25,197 [INFO] layers.layer4_quality_autofix: L4 › important_safety_information/important_safety_information.dita at /app/output/d85589d0-0895-437e-8214-fa98962ae40e/important_safety_information/important_safety_information.dita
2026-05-15 06:28:25,197 [INFO] layers.layer4_quality_autofix: L4 › lift_truck_controls/cabin_tilting.dita at /app/output/d85589d0-0895-437e-8214-fa98962ae40e/lift_truck_controls/cabin_tilting.dita
2026-05-15 06:28:25,197 [INFO] layers.layer4_quality_autofix: L4 › lift_truck_controls/def_ad_blue_replenishment.dita at /app/output/d85589d0-0895-437e-8214-fa98962ae40e/lift_truck_controls/def_ad_blue_replenishment.dita
2026-05-15 06:28:25,198 [INFO] layers.layer4_quality_autofix: L4 › lift_truck_controls/direction_control_lever.dita at /app/output/d85589d0-0895-437e-8214-fa98962ae40e/lift_truck_controls/direction_control_lever.dita
2026-05-15 06:28:25,198 [INFO] layers.layer4_quality_autofix: L4 › lift_truck_controls/forward_reverse_lever.dita at /app/output/d85589d0-0895-437e-8214-fa98962ae40e/lift_truck_controls/forward_reverse_lever.dita
2026-05-15 06:28:25,198 [INFO] layers.layer4_quality_autofix: L4 › lift_truck_controls/how_to_fill_the_hydraulic_oil.dita at /app/output/d85589d0-0895-437e-8214-fa98962ae40e/lift_truck_controls/how_to_fill_the_hydraulic_oil.dita
2026-05-15 06:28:25,198 [INFO] layers.layer4_quality_autofix: L4 › lift_truck_controls/how_to_operate_the_power_pack_for_manual_tilting.dita at /app/output/d85589d0-0895-437e-8214-fa98962ae40e/lift_truck_controls/how_to_operate_the_power_pack_for_manual_tilting.dita
2026-05-15 06:28:25,198 [INFO] layers.layer4_quality_autofix: L4 › lift_truck_controls/lift_truck_controls.dita at /app/output/d85589d0-0895-437e-8214-fa98962ae40e/lift_truck_controls/lift_truck_controls.dita
2026-05-15 06:28:25,198 [INFO] layers.layer4_quality_autofix: L4 › lift_truck_controls/location_of_power_pack.dita at /app/output/d85589d0-0895-437e-8214-fa98962ae40e/lift_truck_controls/location_of_power_pack.dita
2026-05-15 06:28:25,198 [INFO] layers.layer4_quality_autofix: L4 › lift_truck_controls/neutral_lever_lock.dita at /app/output/d85589d0-0895-437e-8214-fa98962ae40e/lift_truck_controls/neutral_lever_lock.dita
2026-05-15 06:28:25,198 [INFO] layers.layer4_quality_autofix: L4 › lift_truck_controls/refueling.dita at /app/output/d85589d0-0895-437e-8214-fa98962ae40e/lift_truck_controls/refueling.dita
2026-05-15 06:28:25,199 [INFO] layers.layer4_quality_autofix: L4 › lift_truck_controls/scr_cleaning_desox_switch.dita at /app/output/d85589d0-0895-437e-8214-fa98962ae40e/lift_truck_controls/scr_cleaning_desox_switch.dita
2026-05-15 06:28:25,199 [INFO] layers.layer4_quality_autofix: L4 › lift_truck_controls/speed_selection.dita at /app/output/d85589d0-0895-437e-8214-fa98962ae40e/lift_truck_controls/speed_selection.dita
2026-05-15 06:28:25,199 [INFO] layers.layer4_quality_autofix: L4 › lift_truck_controls/transmission_display.dita at /app/output/d85589d0-0895-437e-8214-fa98962ae40e/lift_truck_controls/transmission_display.dita
2026-05-15 06:28:25,199 [INFO] layers.layer4_quality_autofix: L4 › lift_truck_operation/inching.dita at /app/output/d85589d0-0895-437e-8214-fa98962ae40e/lift_truck_operation/inching.dita
2026-05-15 06:28:25,199 [INFO] layers.layer4_quality_autofix: L4 › lift_truck_operation/lift_truck_operation.dita at /app/output/d85589d0-0895-437e-8214-fa98962ae40e/lift_truck_operation/lift_truck_operation.dita
2026-05-15 06:28:25,199 [INFO] layers.layer4_quality_autofix: L4 › lift_truck_operation/moving_and_stopping_the_lift_truck.dita at /app/output/d85589d0-0895-437e-8214-fa98962ae40e/lift_truck_operation/moving_and_stopping_the_lift_truck.dita
2026-05-15 06:28:25,199 [INFO] layers.layer4_quality_autofix: L4 › lift_truck_operation/steering_knob_if_equipped.dita at /app/output/d85589d0-0895-437e-8214-fa98962ae40e/lift_truck_operation/steering_knob_if_equipped.dita
2026-05-15 06:28:25,200 [INFO] layers.layer4_quality_autofix: L4 › noise_and_vibration/noise.dita at /app/output/d85589d0-0895-437e-8214-fa98962ae40e/noise_and_vibration/noise.dita
2026-05-15 06:28:25,200 [INFO] layers.layer4_quality_autofix: L4 › noise_and_vibration/noise_and_vibration.dita at /app/output/d85589d0-0895-437e-8214-fa98962ae40e/noise_and_vibration/noise_and_vibration.dita
2026-05-15 06:28:25,200 [INFO] layers.layer4_quality_autofix: L4 › noise_and_vibration/vibration_weighted_overall_value.dita at /app/output/d85589d0-0895-437e-8214-fa98962ae40e/noise_and_vibration/vibration_weighted_overall_value.dita
2026-05-15 06:28:25,200 [INFO] layers.layer4_quality_autofix: L4 › operating_techniques/inching_into_loads.dita at /app/output/d85589d0-0895-437e-8214-fa98962ae40e/operating_techniques/inching_into_loads.dita
2026-05-15 06:28:25,200 [INFO] layers.layer4_quality_autofix: L4 › operating_techniques/lifting_drums_or_round_objects.dita at /app/output/d85589d0-0895-437e-8214-fa98962ae40e/operating_techniques/lifting_drums_or_round_objects.dita
2026-05-15 06:28:25,200 [INFO] layers.layer4_quality_autofix: L4 › operating_techniques/lifting_the_load.dita at /app/output/d85589d0-0895-437e-8214-fa98962ae40e/operating_techniques/lifting_the_load.dita
2026-05-15 06:28:25,200 [INFO] layers.layer4_quality_autofix: L4 › operating_techniques/load_lateral_centre_of_gravity.dita at /app/output/d85589d0-0895-437e-8214-fa98962ae40e/operating_techniques/load_lateral_centre_of_gravity.dita
2026-05-15 06:28:25,201 [INFO] layers.layer4_quality_autofix: L4 › operating_techniques/load_shift.dita at /app/output/d85589d0-0895-437e-8214-fa98962ae40e/operating_techniques/load_shift.dita
2026-05-15 06:28:25,201 [INFO] layers.layer4_quality_autofix: L4 › operating_techniques/load_stability.dita at /app/output/d85589d0-0895-437e-8214-fa98962ae40e/operating_techniques/load_stability.dita
2026-05-15 06:28:25,201 [INFO] layers.layer4_quality_autofix: L4 › operating_techniques/load_swing.dita at /app/output/d85589d0-0895-437e-8214-fa98962ae40e/operating_techniques/load_swing.dita
2026-05-15 06:28:25,201 [INFO] layers.layer4_quality_autofix: L4 › operating_techniques/operating_in_hot_weather.dita at /app/output/d85589d0-0895-437e-8214-fa98962ae40e/operating_techniques/operating_in_hot_weather.dita
2026-05-15 06:28:25,201 [INFO] layers.layer4_quality_autofix: L4 › operating_techniques/operating_techniques.dita at /app/output/d85589d0-0895-437e-8214-fa98962ae40e/operating_techniques/operating_techniques.dita
2026-05-15 06:28:25,201 [INFO] layers.layer4_quality_autofix: L4 › operating_techniques/safety_instructions_for_attachments_when_transporting_suspended_load.dita at /app/output/d85589d0-0895-437e-8214-fa98962ae40e/operating_techniques/safety_instructions_for_attachments_when_transporting_suspended_load.dita
2026-05-15 06:28:25,201 [INFO] layers.layer4_quality_autofix: L4 › operating_techniques/safety_instructions_for_attachments_when_transporting_wide_loads.dita at /app/output/d85589d0-0895-437e-8214-fa98962ae40e/operating_techniques/safety_instructions_for_attachments_when_transporting_wide_loads.dita
2026-05-15 06:28:25,201 [INFO] layers.layer4_quality_autofix: L4 › operating_techniques/traveling_with_the_load.dita at /app/output/d85589d0-0895-437e-8214-fa98962ae40e/operating_techniques/traveling_with_the_load.dita
2026-05-15 06:28:25,202 [INFO] layers.layer4_quality_autofix: L4 › operating_techniques/turning.dita at /app/output/d85589d0-0895-437e-8214-fa98962ae40e/operating_techniques/turning.dita
2026-05-15 06:28:25,202 [INFO] layers.layer4_quality_autofix: L4 › operating_techniques/unloading.dita at /app/output/d85589d0-0895-437e-8214-fa98962ae40e/operating_techniques/unloading.dita
2026-05-15 06:28:25,202 [INFO] layers.layer4_quality_autofix: L4 › operating_techniques/visibility.dita at /app/output/d85589d0-0895-437e-8214-fa98962ae40e/operating_techniques/visibility.dita
2026-05-15 06:28:25,202 [INFO] layers.layer4_quality_autofix: L4 › operator_s_station_and_monitoring_systems/12v_socket.dita at /app/output/d85589d0-0895-437e-8214-fa98962ae40e/operator_s_station_and_monitoring_systems/12v_socket.dita
2026-05-15 06:28:25,202 [INFO] layers.layer4_quality_autofix: L4 › operator_s_station_and_monitoring_systems/1_the_right_side_dash_board_cabin.dita at /app/output/d85589d0-0895-437e-8214-fa98962ae40e/operator_s_station_and_monitoring_systems/1_the_right_side_dash_board_cabin.dita
2026-05-15 06:28:25,202 [INFO] layers.layer4_quality_autofix: L4 › operator_s_station_and_monitoring_systems/2_the_left_side_dash_board_cabin.dita at /app/output/d85589d0-0895-437e-8214-fa98962ae40e/operator_s_station_and_monitoring_systems/2_the_left_side_dash_board_cabin.dita
2026-05-15 06:28:25,202 [INFO] layers.layer4_quality_autofix: L4 › operator_s_station_and_monitoring_systems/3_the_operator_switches.dita at /app/output/d85589d0-0895-437e-8214-fa98962ae40e/operator_s_station_and_monitoring_systems/3_the_operator_switches.dita
2026-05-15 06:28:25,203 [INFO] layers.layer4_quality_autofix: L4 › operator_s_station_and_monitoring_systems/4_the_left_side_dash_board_ovhd_guard.dita at /app/output/d85589d0-0895-437e-8214-fa98962ae40e/operator_s_station_and_monitoring_systems/4_the_left_side_dash_board_ovhd_guard.dita
2026-05-15 06:28:25,203 [INFO] layers.layer4_quality_autofix: L4 › operator_s_station_and_monitoring_systems/5_pedal_configuration.dita at /app/output/d85589d0-0895-437e-8214-fa98962ae40e/operator_s_station_and_monitoring_systems/5_pedal_configuration.dita
2026-05-15 06:28:25,203 [INFO] layers.layer4_quality_autofix: L4 › operator_s_station_and_monitoring_systems/6_steering_wheel.dita at /app/output/d85589d0-0895-437e-8214-fa98962ae40e/operator_s_station_and_monitoring_systems/6_steering_wheel.dita
2026-05-15 06:28:25,203 [INFO] layers.layer4_quality_autofix: L4 › operator_s_station_and_monitoring_systems/a_description_of_the_buttons_basic_operation.dita at /app/output/d85589d0-0895-437e-8214-fa98962ae40e/operator_s_station_and_monitoring_systems/a_description_of_the_buttons_basic_operation.dita
2026-05-15 06:28:25,203 [INFO] layers.layer4_quality_autofix: L4 › operator_s_station_and_monitoring_systems/a_front_display_basic_operation_menu.dita at /app/output/d85589d0-0895-437e-8214-fa98962ae40e/operator_s_station_and_monitoring_systems/a_front_display_basic_operation_menu.dita
2026-05-15 06:28:25,203 [INFO] layers.layer4_quality_autofix: L4 › operator_s_station_and_monitoring_systems/a_instrument_panel.dita at /app/output/d85589d0-0895-437e-8214-fa98962ae40e/operator_s_station_and_monitoring_systems/a_instrument_panel.dita
2026-05-15 06:28:25,203 [INFO] layers.layer4_quality_autofix: L4 › operator_s_station_and_monitoring_systems/about_mp3_wma.dita at /app/output/d85589d0-0895-437e-8214-fa98962ae40e/operator_s_station_and_monitoring_systems/about_mp3_wma.dita
2026-05-15 06:28:25,204 [INFO] layers.layer4_quality_autofix: L4 › operator_s_station_and_monitoring_systems/adjusting_volume_directly.dita at /app/output/d85589d0-0895-437e-8214-fa98962ae40e/operator_s_station_and_monitoring_systems/adjusting_volume_directly.dita
2026-05-15 06:28:25,204 [INFO] layers.layer4_quality_autofix: L4 › operator_s_station_and_monitoring_systems/air_conditioner_controller.dita at /app/output/d85589d0-0895-437e-8214-fa98962ae40e/operator_s_station_and_monitoring_systems/air_conditioner_controller.dita
2026-05-15 06:28:25,204 [INFO] layers.layer4_quality_autofix: L4 › operator_s_station_and_monitoring_systems/audio_system_am_fm_tuner_with_usb_aux_player.dita at /app/output/d85589d0-0895-437e-8214-fa98962ae40e/operator_s_station_and_monitoring_systems/audio_system_am_fm_tuner_with_usb_aux_player.dita
2026-05-15 06:28:25,204 [INFO] layers.layer4_quality_autofix: L4 › operator_s_station_and_monitoring_systems/auto_manual_change_switch.dita at /app/output/d85589d0-0895-437e-8214-fa98962ae40e/operator_s_station_and_monitoring_systems/auto_manual_change_switch.dita
2026-05-15 06:28:25,204 [INFO] layers.layer4_quality_autofix: L4 › operator_s_station_and_monitoring_systems/aux_player.dita at /app/output/d85589d0-0895-437e-8214-fa98962ae40e/operator_s_station_and_monitoring_systems/aux_player.dita
2026-05-15 06:28:25,204 [INFO] layers.layer4_quality_autofix: L4 › operator_s_station_and_monitoring_systems/auxiliary_operation_lever_option.dita at /app/output/d85589d0-0895-437e-8214-fa98962ae40e/operator_s_station_and_monitoring_systems/auxiliary_operation_lever_option.dita
2026-05-15 06:28:25,204 [INFO] layers.layer4_quality_autofix: L4 › operator_s_station_and_monitoring_systems/b_operation_method.dita at /app/output/d85589d0-0895-437e-8214-fa98962ae40e/operator_s_station_and_monitoring_systems/b_operation_method.dita
2026-05-15 06:28:25,204 [INFO] layers.layer4_quality_autofix: L4 › operator_s_station_and_monitoring_systems/b_operation_method_display_menu.dita at /app/output/d85589d0-0895-437e-8214-fa98962ae40e/operator_s_station_and_monitoring_systems/b_operation_method_display_menu.dita
2026-05-15 06:28:25,205 [INFO] layers.layer4_quality_autofix: L4 › operator_s_station_and_monitoring_systems/b_speed_meter.dita at /app/output/d85589d0-0895-437e-8214-fa98962ae40e/operator_s_station_and_monitoring_systems/b_speed_meter.dita
2026-05-15 06:28:25,205 [INFO] layers.layer4_quality_autofix: L4 › operator_s_station_and_monitoring_systems/before_mp3_wma_usb_playback.dita at /app/output/d85589d0-0895-437e-8214-fa98962ae40e/operator_s_station_and_monitoring_systems/before_mp3_wma_usb_playback.dita
2026-05-15 06:28:25,205 [INFO] layers.layer4_quality_autofix: L4 › operator_s_station_and_monitoring_systems/c_engine_ignition_start_switch.dita at /app/output/d85589d0-0895-437e-8214-fa98962ae40e/operator_s_station_and_monitoring_systems/c_engine_ignition_start_switch.dita
2026-05-15 06:28:25,205 [INFO] layers.layer4_quality_autofix: L4 › operator_s_station_and_monitoring_systems/c_operation_method_setup_menu.dita at /app/output/d85589d0-0895-437e-8214-fa98962ae40e/operator_s_station_and_monitoring_systems/c_operation_method_setup_menu.dita
2026-05-15 06:28:25,205 [INFO] layers.layer4_quality_autofix: L4 › operator_s_station_and_monitoring_systems/calling_via_handsfree_lf_equipped.dita at /app/output/d85589d0-0895-437e-8214-fa98962ae40e/operator_s_station_and_monitoring_systems/calling_via_handsfree_lf_equipped.dita
2026-05-15 06:28:25,205 [INFO] layers.layer4_quality_autofix: L4 › operator_s_station_and_monitoring_systems/change_the_playback_mode.dita at /app/output/d85589d0-0895-437e-8214-fa98962ae40e/operator_s_station_and_monitoring_systems/change_the_playback_mode.dita
2026-05-15 06:28:25,205 [INFO] layers.layer4_quality_autofix: L4 › operator_s_station_and_monitoring_systems/cigar_jack.dita at /app/output/d85589d0-0895-437e-8214-fa98962ae40e/operator_s_station_and_monitoring_systems/cigar_jack.dita
2026-05-15 06:28:25,206 [INFO] layers.layer4_quality_autofix: L4 › operator_s_station_and_monitoring_systems/controlling_the_playback.dita at /app/output/d85589d0-0895-437e-8214-fa98962ae40e/operator_s_station_and_monitoring_systems/controlling_the_playback.dita
2026-05-15 06:28:25,206 [INFO] layers.layer4_quality_autofix: L4 › operator_s_station_and_monitoring_systems/d_console_tilt_angle_control_lever.dita at /app/output/d85589d0-0895-437e-8214-fa98962ae40e/operator_s_station_and_monitoring_systems/d_console_tilt_angle_control_lever.dita
2026-05-15 06:28:25,206 [INFO] layers.layer4_quality_autofix: L4 › operator_s_station_and_monitoring_systems/display_window.dita at /app/output/d85589d0-0895-437e-8214-fa98962ae40e/operator_s_station_and_monitoring_systems/display_window.dita
2026-05-15 06:28:25,206 [INFO] layers.layer4_quality_autofix: L4 › operator_s_station_and_monitoring_systems/e_console_up_down_control_lever_if_installed.dita at /app/output/d85589d0-0895-437e-8214-fa98962ae40e/operator_s_station_and_monitoring_systems/e_console_up_down_control_lever_if_installed.dita
2026-05-15 06:28:25,206 [INFO] layers.layer4_quality_autofix: L4 › operator_s_station_and_monitoring_systems/economic_fuel_saving_switch.dita at /app/output/d85589d0-0895-437e-8214-fa98962ae40e/operator_s_station_and_monitoring_systems/economic_fuel_saving_switch.dita
2026-05-15 06:28:25,206 [INFO] layers.layer4_quality_autofix: L4 › operator_s_station_and_monitoring_systems/emergency_lamp_switch.dita at /app/output/d85589d0-0895-437e-8214-fa98962ae40e/operator_s_station_and_monitoring_systems/emergency_lamp_switch.dita
2026-05-15 06:28:25,206 [INFO] layers.layer4_quality_autofix: L4 › operator_s_station_and_monitoring_systems/engine_diagnostic_switch.dita at /app/output/d85589d0-0895-437e-8214-fa98962ae40e/operator_s_station_and_monitoring_systems/engine_diagnostic_switch.dita
2026-05-15 06:28:25,207 [INFO] layers.layer4_quality_autofix: L4 › operator_s_station_and_monitoring_systems/engine_stop_switch.dita at /app/output/d85589d0-0895-437e-8214-fa98962ae40e/operator_s_station_and_monitoring_systems/engine_stop_switch.dita
2026-05-15 06:28:25,207 [INFO] layers.layer4_quality_autofix: L4 › operator_s_station_and_monitoring_systems/getting_started.dita at /app/output/d85589d0-0895-437e-8214-fa98962ae40e/operator_s_station_and_monitoring_systems/getting_started.dita
2026-05-15 06:28:25,207 [INFO] layers.layer4_quality_autofix: L4 › operator_s_station_and_monitoring_systems/handling_precautions_for_usb_device.dita at /app/output/d85589d0-0895-437e-8214-fa98962ae40e/operator_s_station_and_monitoring_systems/handling_precautions_for_usb_device.dita
2026-05-15 06:28:25,207 [INFO] layers.layer4_quality_autofix: L4 › operator_s_station_and_monitoring_systems/heater_flow_control_valve.dita at /app/output/d85589d0-0895-437e-8214-fa98962ae40e/operator_s_station_and_monitoring_systems/heater_flow_control_valve.dita
2026-05-15 06:28:25,207 [INFO] layers.layer4_quality_autofix: L4 › operator_s_station_and_monitoring_systems/idle_select_switch.dita at /app/output/d85589d0-0895-437e-8214-fa98962ae40e/operator_s_station_and_monitoring_systems/idle_select_switch.dita
2026-05-15 06:28:25,207 [INFO] layers.layer4_quality_autofix: L4 › operator_s_station_and_monitoring_systems/left_fork_operation_lever.dita at /app/output/d85589d0-0895-437e-8214-fa98962ae40e/operator_s_station_and_monitoring_systems/left_fork_operation_lever.dita
2026-05-15 06:28:25,207 [INFO] layers.layer4_quality_autofix: L4 › operator_s_station_and_monitoring_systems/lift_lever.dita at /app/output/d85589d0-0895-437e-8214-fa98962ae40e/operator_s_station_and_monitoring_systems/lift_lever.dita
2026-05-15 06:28:25,208 [INFO] layers.layer4_quality_autofix: L4 › operator_s_station_and_monitoring_systems/listening_to_a_preset_station.dita at /app/output/d85589d0-0895-437e-8214-fa98962ae40e/operator_s_station_and_monitoring_systems/listening_to_a_preset_station.dita
2026-05-15 06:28:25,208 [INFO] layers.layer4_quality_autofix: L4 › operator_s_station_and_monitoring_systems/listening_to_auxiliary_audio_equipment.dita at /app/output/d85589d0-0895-437e-8214-fa98962ae40e/operator_s_station_and_monitoring_systems/listening_to_auxiliary_audio_equipment.dita
2026-05-15 06:28:25,208 [INFO] layers.layer4_quality_autofix: L4 › operator_s_station_and_monitoring_systems/listening_to_dmb_sound_lf_equipped.dita at /app/output/d85589d0-0895-437e-8214-fa98962ae40e/operator_s_station_and_monitoring_systems/listening_to_dmb_sound_lf_equipped.dita
2026-05-15 06:28:25,208 [INFO] layers.layer4_quality_autofix: L4 › operator_s_station_and_monitoring_systems/location_of_controls.dita at /app/output/d85589d0-0895-437e-8214-fa98962ae40e/operator_s_station_and_monitoring_systems/location_of_controls.dita
2026-05-15 06:28:25,208 [INFO] layers.layer4_quality_autofix: L4 › operator_s_station_and_monitoring_systems/operator_s_station_and_monitoring_systems.dita at /app/output/d85589d0-0895-437e-8214-fa98962ae40e/operator_s_station_and_monitoring_systems/operator_s_station_and_monitoring_systems.dita
2026-05-15 06:28:25,208 [INFO] layers.layer4_quality_autofix: L4 › operator_s_station_and_monitoring_systems/parking_brake_switch.dita at /app/output/d85589d0-0895-437e-8214-fa98962ae40e/operator_s_station_and_monitoring_systems/parking_brake_switch.dita
2026-05-15 06:28:25,208 [INFO] layers.layer4_quality_autofix: L4 › operator_s_station_and_monitoring_systems/playing_a_usb_device.dita at /app/output/d85589d0-0895-437e-8214-fa98962ae40e/operator_s_station_and_monitoring_systems/playing_a_usb_device.dita
2026-05-15 06:28:25,208 [INFO] layers.layer4_quality_autofix: L4 › operator_s_station_and_monitoring_systems/radio.dita at /app/output/d85589d0-0895-437e-8214-fa98962ae40e/operator_s_station_and_monitoring_systems/radio.dita
2026-05-15 06:28:25,209 [INFO] layers.layer4_quality_autofix: L4 › operator_s_station_and_monitoring_systems/radio_2.dita at /app/output/d85589d0-0895-437e-8214-fa98962ae40e/operator_s_station_and_monitoring_systems/radio_2.dita
2026-05-15 06:28:25,209 [INFO] layers.layer4_quality_autofix: L4 › operator_s_station_and_monitoring_systems/rear_camera_only_rear_view_option.dita at /app/output/d85589d0-0895-437e-8214-fa98962ae40e/operator_s_station_and_monitoring_systems/rear_camera_only_rear_view_option.dita
2026-05-15 06:28:25,209 [INFO] layers.layer4_quality_autofix: L4 › operator_s_station_and_monitoring_systems/rear_camera_rear_view_with_steer_angle_option.dita at /app/output/d85589d0-0895-437e-8214-fa98962ae40e/operator_s_station_and_monitoring_systems/rear_camera_rear_view_with_steer_angle_option.dita
2026-05-15 06:28:25,209 [INFO] layers.layer4_quality_autofix: L4 › operator_s_station_and_monitoring_systems/rear_view_connectors.dita at /app/output/d85589d0-0895-437e-8214-fa98962ae40e/operator_s_station_and_monitoring_systems/rear_view_connectors.dita
2026-05-15 06:28:25,209 [INFO] layers.layer4_quality_autofix: L4 › operator_s_station_and_monitoring_systems/right_fork_operation_lever.dita at /app/output/d85589d0-0895-437e-8214-fa98962ae40e/operator_s_station_and_monitoring_systems/right_fork_operation_lever.dita
2026-05-15 06:28:25,209 [INFO] layers.layer4_quality_autofix: L4 › operator_s_station_and_monitoring_systems/saving_radio_stations_automatically.dita at /app/output/d85589d0-0895-437e-8214-fa98962ae40e/operator_s_station_and_monitoring_systems/saving_radio_stations_automatically.dita
2026-05-15 06:28:25,209 [INFO] layers.layer4_quality_autofix: L4 › operator_s_station_and_monitoring_systems/saving_radio_stations_manually.dita at /app/output/d85589d0-0895-437e-8214-fa98962ae40e/operator_s_station_and_monitoring_systems/saving_radio_stations_manually.dita
2026-05-15 06:28:25,210 [INFO] layers.layer4_quality_autofix: L4 › operator_s_station_and_monitoring_systems/seat_heater_switch_if_equipped.dita at /app/output/d85589d0-0895-437e-8214-fa98962ae40e/operator_s_station_and_monitoring_systems/seat_heater_switch_if_equipped.dita
2026-05-15 06:28:25,210 [INFO] layers.layer4_quality_autofix: L4 › operator_s_station_and_monitoring_systems/setting_the_region_of_radio_reception.dita at /app/output/d85589d0-0895-437e-8214-fa98962ae40e/operator_s_station_and_monitoring_systems/setting_the_region_of_radio_reception.dita
2026-05-15 06:28:25,210 [INFO] layers.layer4_quality_autofix: L4 › operator_s_station_and_monitoring_systems/tilt_lever.dita at /app/output/d85589d0-0895-437e-8214-fa98962ae40e/operator_s_station_and_monitoring_systems/tilt_lever.dita
2026-05-15 06:28:25,210 [INFO] layers.layer4_quality_autofix: L4 › operator_s_station_and_monitoring_systems/tuning_in_a_station.dita at /app/output/d85589d0-0895-437e-8214-fa98962ae40e/operator_s_station_and_monitoring_systems/tuning_in_a_station.dita
2026-05-15 06:28:25,210 [INFO] layers.layer4_quality_autofix: L4 › operator_s_station_and_monitoring_systems/turning_the_unit_on_off.dita at /app/output/d85589d0-0895-437e-8214-fa98962ae40e/operator_s_station_and_monitoring_systems/turning_the_unit_on_off.dita
2026-05-15 06:28:25,210 [INFO] layers.layer4_quality_autofix: L4 › operator_s_station_and_monitoring_systems/upper_rear_wipers_and_washer_switch.dita at /app/output/d85589d0-0895-437e-8214-fa98962ae40e/operator_s_station_and_monitoring_systems/upper_rear_wipers_and_washer_switch.dita
2026-05-15 06:28:25,210 [INFO] layers.layer4_quality_autofix: L4 › operator_s_station_and_monitoring_systems/usb_player.dita at /app/output/d85589d0-0895-437e-8214-fa98962ae40e/operator_s_station_and_monitoring_systems/usb_player.dita
2026-05-15 06:28:25,210 [INFO] layers.layer4_quality_autofix: L4 › operator_s_station_and_monitoring_systems/weight_scale_mode_option_hydraulic_type.dita at /app/output/d85589d0-0895-437e-8214-fa98962ae40e/operator_s_station_and_monitoring_systems/weight_scale_mode_option_hydraulic_type.dita
2026-05-15 06:28:25,211 [INFO] layers.layer4_quality_autofix: L4 › operator_s_station_and_monitoring_systems/wired_remote_controller.dita at /app/output/d85589d0-0895-437e-8214-fa98962ae40e/operator_s_station_and_monitoring_systems/wired_remote_controller.dita
2026-05-15 06:28:25,211 [INFO] layers.layer4_quality_autofix: L4 › operator_s_warning_and_identification_plate/attachment_abbreviations_includes_special_forks.dita at /app/output/d85589d0-0895-437e-8214-fa98962ae40e/operator_s_warning_and_identification_plate/attachment_abbreviations_includes_special_forks.dita
2026-05-15 06:28:25,211 [INFO] layers.layer4_quality_autofix: L4 › operator_s_warning_and_identification_plate/identification_lift_capacity_and_attachment_plate.dita at /app/output/d85589d0-0895-437e-8214-fa98962ae40e/operator_s_warning_and_identification_plate/identification_lift_capacity_and_attachment_plate.dita
2026-05-15 06:28:25,211 [INFO] layers.layer4_quality_autofix: L4 › operator_s_warning_and_identification_plate/lift_truck_capacity_rating.dita at /app/output/d85589d0-0895-437e-8214-fa98962ae40e/operator_s_warning_and_identification_plate/lift_truck_capacity_rating.dita
2026-05-15 06:28:25,211 [INFO] layers.layer4_quality_autofix: L4 › operator_s_warning_and_identification_plate/mast_abbreviations.dita at /app/output/d85589d0-0895-437e-8214-fa98962ae40e/operator_s_warning_and_identification_plate/mast_abbreviations.dita
2026-05-15 06:28:25,211 [INFO] layers.layer4_quality_autofix: L4 › operator_s_warning_and_identification_plate/operator_s_warning_and_identification_plate.dita at /app/output/d85589d0-0895-437e-8214-fa98962ae40e/operator_s_warning_and_identification_plate/operator_s_warning_and_identification_plate.dita
2026-05-15 06:28:25,211 [INFO] layers.layer4_quality_autofix: L4 › operator_s_warning_and_identification_plate/operator_s_warning_plate.dita at /app/output/d85589d0-0895-437e-8214-fa98962ae40e/operator_s_warning_and_identification_plate/operator_s_warning_plate.dita
2026-05-15 06:28:25,212 [INFO] layers.layer4_quality_autofix: L4 › safety/avoiding_lift_truck_tipover.dita at /app/output/d85589d0-0895-437e-8214-fa98962ae40e/safety/avoiding_lift_truck_tipover.dita
2026-05-15 06:28:25,212 [INFO] layers.layer4_quality_autofix: L4 › safety/batteries.dita at /app/output/d85589d0-0895-437e-8214-fa98962ae40e/safety/batteries.dita
2026-05-15 06:28:25,212 [INFO] layers.layer4_quality_autofix: L4 › safety/before_operating_the_lift_truck.dita at /app/output/d85589d0-0895-437e-8214-fa98962ae40e/safety/before_operating_the_lift_truck.dita
2026-05-15 06:28:25,212 [INFO] layers.layer4_quality_autofix: L4 › safety/before_starting_the_lift_truck.dita at /app/output/d85589d0-0895-437e-8214-fa98962ae40e/safety/before_starting_the_lift_truck.dita
2026-05-15 06:28:25,212 [INFO] layers.layer4_quality_autofix: L4 › safety/burn_prevention.dita at /app/output/d85589d0-0895-437e-8214-fa98962ae40e/safety/burn_prevention.dita
2026-05-15 06:28:25,212 [INFO] layers.layer4_quality_autofix: L4 › safety/capacity_load_weight_and_load_centre.dita at /app/output/d85589d0-0895-437e-8214-fa98962ae40e/safety/capacity_load_weight_and_load_centre.dita
2026-05-15 06:28:25,213 [INFO] layers.layer4_quality_autofix: L4 › safety/centre_of_gravity_cg.dita at /app/output/d85589d0-0895-437e-8214-fa98962ae40e/safety/centre_of_gravity_cg.dita
2026-05-15 06:28:25,213 [INFO] layers.layer4_quality_autofix: L4 › safety/coolant.dita at /app/output/d85589d0-0895-437e-8214-fa98962ae40e/safety/coolant.dita
2026-05-15 06:28:25,213 [INFO] layers.layer4_quality_autofix: L4 › safety/crushing_or_cutting_prevention.dita at /app/output/d85589d0-0895-437e-8214-fa98962ae40e/safety/crushing_or_cutting_prevention.dita
2026-05-15 06:28:25,213 [INFO] layers.layer4_quality_autofix: L4 › safety/emergency_lowering_guide.dita at /app/output/d85589d0-0895-437e-8214-fa98962ae40e/safety/emergency_lowering_guide.dita
2026-05-15 06:28:25,213 [INFO] layers.layer4_quality_autofix: L4 › safety/falling_objects_protective_structure_fops.dita at /app/output/d85589d0-0895-437e-8214-fa98962ae40e/safety/falling_objects_protective_structure_fops.dita
2026-05-15 06:28:25,213 [INFO] layers.layer4_quality_autofix: L4 › safety/fasten_the_seat_belt.dita at /app/output/d85589d0-0895-437e-8214-fa98962ae40e/safety/fasten_the_seat_belt.dita
2026-05-15 06:28:25,213 [INFO] layers.layer4_quality_autofix: L4 › safety/fire_extinguisher.dita at /app/output/d85589d0-0895-437e-8214-fa98962ae40e/safety/fire_extinguisher.dita
2026-05-15 06:28:25,214 [INFO] layers.layer4_quality_autofix: L4 › safety/fire_or_explosion_prevention.dita at /app/output/d85589d0-0895-437e-8214-fa98962ae40e/safety/fire_or_explosion_prevention.dita
2026-05-15 06:28:25,214 [INFO] layers.layer4_quality_autofix: L4 › safety/fluid_penetration.dita at /app/output/d85589d0-0895-437e-8214-fa98962ae40e/safety/fluid_penetration.dita
2026-05-15 06:28:25,214 [INFO] layers.layer4_quality_autofix: L4 › safety/general_hazard_information.dita at /app/output/d85589d0-0895-437e-8214-fa98962ae40e/safety/general_hazard_information.dita
2026-05-15 06:28:25,214 [INFO] layers.layer4_quality_autofix: L4 › safety/general_warnings_to_operator.dita at /app/output/d85589d0-0895-437e-8214-fa98962ae40e/safety/general_warnings_to_operator.dita
2026-05-15 06:28:25,214 [INFO] layers.layer4_quality_autofix: L4 › safety/hand_placement_warning.dita at /app/output/d85589d0-0895-437e-8214-fa98962ae40e/safety/hand_placement_warning.dita
2026-05-15 06:28:25,214 [INFO] layers.layer4_quality_autofix: L4 › safety/how_to_survive_in_a_tipover.dita at /app/output/d85589d0-0895-437e-8214-fa98962ae40e/safety/how_to_survive_in_a_tipover.dita
2026-05-15 06:28:25,214 [INFO] layers.layer4_quality_autofix: L4 › safety/inspection.dita at /app/output/d85589d0-0895-437e-8214-fa98962ae40e/safety/inspection.dita
2026-05-15 06:28:25,215 [INFO] layers.layer4_quality_autofix: L4 › safety/lift_truck_parking.dita at /app/output/d85589d0-0895-437e-8214-fa98962ae40e/safety/lift_truck_parking.dita
2026-05-15 06:28:25,215 [INFO] layers.layer4_quality_autofix: L4 › safety/lift_truck_stability.dita at /app/output/d85589d0-0895-437e-8214-fa98962ae40e/safety/lift_truck_stability.dita
2026-05-15 06:28:25,215 [INFO] layers.layer4_quality_autofix: L4 › safety/lift_truck_stability_base.dita at /app/output/d85589d0-0895-437e-8214-fa98962ae40e/safety/lift_truck_stability_base.dita
2026-05-15 06:28:25,215 [INFO] layers.layer4_quality_autofix: L4 › safety/lines_tubes_and_hoses.dita at /app/output/d85589d0-0895-437e-8214-fa98962ae40e/safety/lines_tubes_and_hoses.dita
2026-05-15 06:28:25,215 [INFO] layers.layer4_quality_autofix: L4 › safety/loading_or_unloading_trucks_trailers.dita at /app/output/d85589d0-0895-437e-8214-fa98962ae40e/safety/loading_or_unloading_trucks_trailers.dita
2026-05-15 06:28:25,215 [INFO] layers.layer4_quality_autofix: L4 › safety/lpg.dita at /app/output/d85589d0-0895-437e-8214-fa98962ae40e/safety/lpg.dita
2026-05-15 06:28:25,215 [INFO] layers.layer4_quality_autofix: L4 › safety/maintenance_information.dita at /app/output/d85589d0-0895-437e-8214-fa98962ae40e/safety/maintenance_information.dita
2026-05-15 06:28:25,215 [INFO] layers.layer4_quality_autofix: L4 › safety/mounting_and_dismounting.dita at /app/output/d85589d0-0895-437e-8214-fa98962ae40e/safety/mounting_and_dismounting.dita
2026-05-15 06:28:25,216 [INFO] layers.layer4_quality_autofix: L4 › safety/moving_fan_warning.dita at /app/output/d85589d0-0895-437e-8214-fa98962ae40e/safety/moving_fan_warning.dita
2026-05-15 06:28:25,216 [INFO] layers.layer4_quality_autofix: L4 › safety/no_riders_warning.dita at /app/output/d85589d0-0895-437e-8214-fa98962ae40e/safety/no_riders_warning.dita
2026-05-15 06:28:25,216 [INFO] layers.layer4_quality_autofix: L4 › safety/oils.dita at /app/output/d85589d0-0895-437e-8214-fa98962ae40e/safety/oils.dita
2026-05-15 06:28:25,216 [INFO] layers.layer4_quality_autofix: L4 › safety/operating_the_lift_truck.dita at /app/output/d85589d0-0895-437e-8214-fa98962ae40e/safety/operating_the_lift_truck.dita
2026-05-15 06:28:25,216 [INFO] layers.layer4_quality_autofix: L4 › safety/operation_information.dita at /app/output/d85589d0-0895-437e-8214-fa98962ae40e/safety/operation_information.dita
2026-05-15 06:28:25,216 [INFO] layers.layer4_quality_autofix: L4 › safety/operator_restraint_system.dita at /app/output/d85589d0-0895-437e-8214-fa98962ae40e/safety/operator_restraint_system.dita
2026-05-15 06:28:25,216 [INFO] layers.layer4_quality_autofix: L4 › safety/pressure_warning.dita at /app/output/d85589d0-0895-437e-8214-fa98962ae40e/safety/pressure_warning.dita
2026-05-15 06:28:25,216 [INFO] layers.layer4_quality_autofix: L4 › safety/release_the_seat_belt.dita at /app/output/d85589d0-0895-437e-8214-fa98962ae40e/safety/release_the_seat_belt.dita
2026-05-15 06:28:25,217 [INFO] layers.layer4_quality_autofix: L4 › safety/safety.dita at /app/output/d85589d0-0895-437e-8214-fa98962ae40e/safety/safety.dita
2026-05-15 06:28:25,217 [INFO] layers.layer4_quality_autofix: L4 › safety/safety_rules.dita at /app/output/d85589d0-0895-437e-8214-fa98962ae40e/safety/safety_rules.dita
2026-05-15 06:28:25,217 [INFO] layers.layer4_quality_autofix: L4 › safety/seat_adjustment.dita at /app/output/d85589d0-0895-437e-8214-fa98962ae40e/safety/seat_adjustment.dita
2026-05-15 06:28:25,217 [INFO] layers.layer4_quality_autofix: L4 › safety/seat_belt.dita at /app/output/d85589d0-0895-437e-8214-fa98962ae40e/safety/seat_belt.dita
2026-05-15 06:28:25,217 [INFO] layers.layer4_quality_autofix: L4 › safety/stability_and_centre_of_gravity.dita at /app/output/d85589d0-0895-437e-8214-fa98962ae40e/safety/stability_and_centre_of_gravity.dita
2026-05-15 06:28:25,217 [INFO] layers.layer4_quality_autofix: L4 › safety/starting_the_lift_truck.dita at /app/output/d85589d0-0895-437e-8214-fa98962ae40e/safety/starting_the_lift_truck.dita
2026-05-15 06:28:25,217 [INFO] layers.layer4_quality_autofix: L4 › safety/tilting_cabin_operation_warning.dita at /app/output/d85589d0-0895-437e-8214-fa98962ae40e/safety/tilting_cabin_operation_warning.dita
2026-05-15 06:28:25,218 [INFO] layers.layer4_quality_autofix: L4 › safety/training_required_to_operate_or_service.dita at /app/output/d85589d0-0895-437e-8214-fa98962ae40e/safety/training_required_to_operate_or_service.dita
2026-05-15 06:28:25,218 [INFO] layers.layer4_quality_autofix: L4 › safety/tyre_information.dita at /app/output/d85589d0-0895-437e-8214-fa98962ae40e/safety/tyre_information.dita
2026-05-15 06:28:25,218 [INFO] layers.layer4_quality_autofix: L4 › safety/tyre_warning.dita at /app/output/d85589d0-0895-437e-8214-fa98962ae40e/safety/tyre_warning.dita
2026-05-15 06:28:25,218 [INFO] layers.layer4_quality_autofix: L4 › safety/warning_signs_and_labels.dita at /app/output/d85589d0-0895-437e-8214-fa98962ae40e/safety/warning_signs_and_labels.dita
2026-05-15 06:28:25,218 [INFO] layers.layer4_quality_autofix: L4 › safety/warning_signs_and_labels_2.dita at /app/output/d85589d0-0895-437e-8214-fa98962ae40e/safety/warning_signs_and_labels_2.dita
2026-05-15 06:28:25,218 [INFO] layers.layer4_quality_autofix: L4 › seat_switch_system/air_suspension_seat_option_grammer.dita at /app/output/d85589d0-0895-437e-8214-fa98962ae40e/seat_switch_system/air_suspension_seat_option_grammer.dita
2026-05-15 06:28:25,218 [INFO] layers.layer4_quality_autofix: L4 › seat_switch_system/circuit_breaker.dita at /app/output/d85589d0-0895-437e-8214-fa98962ae40e/seat_switch_system/circuit_breaker.dita
2026-05-15 06:28:25,218 [INFO] layers.layer4_quality_autofix: L4 › seat_switch_system/fuse_box.dita at /app/output/d85589d0-0895-437e-8214-fa98962ae40e/seat_switch_system/fuse_box.dita
2026-05-15 06:28:25,219 [INFO] layers.layer4_quality_autofix: L4 › seat_switch_system/seat.dita at /app/output/d85589d0-0895-437e-8214-fa98962ae40e/seat_switch_system/seat.dita
2026-05-15 06:28:25,219 [INFO] layers.layer4_quality_autofix: L4 › seat_switch_system/seat_adjustment_2.dita at /app/output/d85589d0-0895-437e-8214-fa98962ae40e/seat_switch_system/seat_adjustment_2.dita
2026-05-15 06:28:25,219 [INFO] layers.layer4_quality_autofix: L4 › seat_switch_system/seat_switch_system.dita at /app/output/d85589d0-0895-437e-8214-fa98962ae40e/seat_switch_system/seat_switch_system.dita
2026-05-15 06:28:25,219 [INFO] layers.layer4_quality_autofix: L4 › seat_switch_system/steering_column_tilting_angle_adjustment.dita at /app/output/d85589d0-0895-437e-8214-fa98962ae40e/seat_switch_system/steering_column_tilting_angle_adjustment.dita
2026-05-15 06:28:25,219 [INFO] layers.layer4_quality_autofix: L4 › seat_switch_system/tow_eye.dita at /app/output/d85589d0-0895-437e-8214-fa98962ae40e/seat_switch_system/tow_eye.dita
2026-05-15 06:28:25,219 [INFO] layers.layer4_quality_autofix: L4 › serial_number/serial_number.dita at /app/output/d85589d0-0895-437e-8214-fa98962ae40e/serial_number/serial_number.dita
2026-05-15 06:28:25,219 [INFO] layers.layer4_quality_autofix: L4 › serial_number/serial_number_locations.dita at /app/output/d85589d0-0895-437e-8214-fa98962ae40e/serial_number/serial_number_locations.dita
2026-05-15 06:28:25,220 [INFO] layers.layer4_quality_autofix: L4 › specifications/specifications.dita at /app/output/d85589d0-0895-437e-8214-fa98962ae40e/specifications/specifications.dita
2026-05-15 06:28:25,220 [INFO] layers.layer4_quality_autofix: L4 › starting_the_engine/prestart_conditions.dita at /app/output/d85589d0-0895-437e-8214-fa98962ae40e/starting_the_engine/prestart_conditions.dita
2026-05-15 06:28:25,220 [INFO] layers.layer4_quality_autofix: L4 › starting_the_engine/starting_diesel_engine_at_cold.dita at /app/output/d85589d0-0895-437e-8214-fa98962ae40e/starting_the_engine/starting_diesel_engine_at_cold.dita
2026-05-15 06:28:25,220 [INFO] layers.layer4_quality_autofix: L4 › starting_the_engine/starting_diesel_engine_at_warm_mechanical_engine.dita at /app/output/d85589d0-0895-437e-8214-fa98962ae40e/starting_the_engine/starting_diesel_engine_at_warm_mechanical_engine.dita
2026-05-15 06:28:25,220 [INFO] layers.layer4_quality_autofix: L4 › starting_the_engine/starting_from_a_24_12_volt_external_source.dita at /app/output/d85589d0-0895-437e-8214-fa98962ae40e/starting_the_engine/starting_from_a_24_12_volt_external_source.dita
2026-05-15 06:28:25,220 [INFO] layers.layer4_quality_autofix: L4 › starting_the_engine/starting_the_engine.dita at /app/output/d85589d0-0895-437e-8214-fa98962ae40e/starting_the_engine/starting_the_engine.dita
2026-05-15 06:28:25,220 [INFO] layers.layer4_quality_autofix: L4 › starting_the_engine/starting_with_jumper_cables.dita at /app/output/d85589d0-0895-437e-8214-fa98962ae40e/starting_the_engine/starting_with_jumper_cables.dita
2026-05-15 06:28:25,220 [INFO] layers.layer4_quality_autofix: L4 › starting_the_engine/use_of_jumper_cables.dita at /app/output/d85589d0-0895-437e-8214-fa98962ae40e/starting_the_engine/use_of_jumper_cables.dita
2026-05-15 06:28:25,221 [INFO] layers.layer4_quality_autofix: L4 › review 193/193 topics (0 skipped)
2026-05-15 06:28:25,566 [INFO] httpx: HTTP Request: POST https://api.anthropic.com/v1/messages "HTTP/1.1 401 Unauthorized"
2026-05-15 06:28:25,567 [WARNING] layers.layer4_quality_autofix: L4 ✗ review: Error code: 401 - {'type': 'error', 'error': {'type': 'authentication_error', 'message': 'invalid x-api-key'}, 'request_id': 'req_011Cb3t4nWTw2k8tck4DE1C3'}
2026-05-15 06:28:25,568 [INFO] pipeline.enrich_runner: [EnrichPipeline] Layer 4 review — quality=fair, accuracy=0%
2026-05-15 06:28:25,568 [INFO] pipeline.enrich_runner: [EnrichPipeline] ── Layer 4: Autofix ──
2026-05-15 06:28:25,568 [INFO] layers.layer4_quality_autofix: L4 › autofix: 0 broken
2026-05-15 06:28:25,577 [INFO] pipeline.enrich_runner: [EnrichPipeline] Layer 4 autofix — fixed=0, flagged=0, failed=0
2026-05-15 06:28:25,577 [INFO] pipeline.enrich_runner: [EnrichPipeline] ── Layer 5: Final Validation ──
2026-05-15 06:28:25,577 [INFO] layers.layer5_final_validation: L5 ── structural validation start
2026-05-15 06:28:25,578 [INFO] layers.layer5_final_validation: L5 ⚠ after_starting_the_engine/after_starting_the_engine.dita — 1 issue(s)
2026-05-15 06:28:25,580 [INFO] layers.layer5_final_validation: L5 ⚠ after_starting_the_engine/def_ad_blue_level_inducement_for_europe.dita — 1 issue(s)
2026-05-15 06:28:25,582 [INFO] layers.layer5_final_validation: L5 ⚠ after_starting_the_engine/def_ad_blue_level_inducement_for_usa.dita — 1 issue(s)
2026-05-15 06:28:25,583 [INFO] layers.layer5_final_validation: L5 ⚠ after_starting_the_engine/def_ad_blue_level_inducement_for_usa_europe.dita — 1 issue(s)
2026-05-15 06:28:25,585 [INFO] layers.layer5_final_validation: L5 ⚠ after_starting_the_engine/def_ad_blue_quality_failure_for_europe.dita — 1 issue(s)
2026-05-15 06:28:25,586 [INFO] layers.layer5_final_validation: L5 ⚠ after_starting_the_engine/def_ad_blue_quality_failure_for_usa.dita — 1 issue(s)
2026-05-15 06:28:25,588 [INFO] layers.layer5_final_validation: L5 ⚠ after_starting_the_engine/def_ad_blue_quality_failure_for_usa_europe.dita — 1 issue(s)
2026-05-15 06:28:25,590 [INFO] layers.layer5_final_validation: L5 ⚠ after_starting_the_engine/detecting_control_failure.dita — 1 issue(s)
2026-05-15 06:28:25,591 [INFO] layers.layer5_final_validation: L5 ⚠ after_starting_the_engine/diesel_engine.dita — 2 issue(s)
2026-05-15 06:28:25,593 [INFO] layers.layer5_final_validation: L5 ⚠ after_starting_the_engine/display_of_detecting_control_failure.dita — 1 issue(s)
2026-05-15 06:28:25,594 [INFO] layers.layer5_final_validation: L5 ⚠ after_starting_the_engine/engine_and_after_treatment_system.dita — 2 issue(s)
2026-05-15 06:28:25,595 [INFO] layers.layer5_final_validation: L5 ⚠ after_starting_the_engine/impeded_egr_for_europe.dita — 1 issue(s)
2026-05-15 06:28:25,597 [INFO] layers.layer5_final_validation: L5 ⚠ after_starting_the_engine/impeded_egr_interruption_of_dosing_for_europe_only.dita — 1 issue(s)
2026-05-15 06:28:25,598 [INFO] layers.layer5_final_validation: L5 ⚠ after_starting_the_engine/interruption_of_dosing_for_europe.dita — 1 issue(s)
2026-05-15 06:28:25,600 [INFO] layers.layer5_final_validation: L5 ⚠ after_starting_the_engine/introduction.dita — 1 issue(s)
2026-05-15 06:28:25,601 [INFO] layers.layer5_final_validation: L5 ⚠ after_starting_the_engine/scr_system_tampering_for_europe.dita — 1 issue(s)
2026-05-15 06:28:25,603 [INFO] layers.layer5_final_validation: L5 ⚠ after_starting_the_engine/scr_system_tampering_for_usa.dita — 1 issue(s)
2026-05-15 06:28:25,604 [INFO] layers.layer5_final_validation: L5 ⚠ after_starting_the_engine/scr_system_tampering_for_usa_europe.dita — 1 issue(s)
2026-05-15 06:28:25,606 [INFO] layers.layer5_final_validation: L5 ⚠ before_starting_the_engine/before_starting_the_engine.dita — 2 issue(s)
2026-05-15 06:28:25,607 [INFO] layers.layer5_final_validation: L5 ⚠ before_starting_the_engine/walk_around_inspection.dita — 1 issue(s)
2026-05-15 06:28:25,608 [INFO] layers.layer5_final_validation: L5 ⚠ capacity_chart/capacity_chart.dita — 1 issue(s)
2026-05-15 06:28:25,610 [INFO] layers.layer5_final_validation: L5 ⚠ important_safety_information/important_safety_information.dita — 1 issue(s)
2026-05-15 06:28:25,611 [INFO] layers.layer5_final_validation: L5 ⚠ lift_truck_controls/cabin_tilting.dita — 2 issue(s)
2026-05-15 06:28:25,613 [INFO] layers.layer5_final_validation: L5 ⚠ lift_truck_controls/def_ad_blue_replenishment.dita — 1 issue(s)
2026-05-15 06:28:25,614 [INFO] layers.layer5_final_validation: L5 ⚠ lift_truck_controls/direction_control_lever.dita — 1 issue(s)
2026-05-15 06:28:25,615 [INFO] layers.layer5_final_validation: L5 ⚠ lift_truck_controls/forward_reverse_lever.dita — 1 issue(s)
2026-05-15 06:28:25,617 [INFO] layers.layer5_final_validation: L5 ⚠ lift_truck_controls/how_to_fill_the_hydraulic_oil.dita — 1 issue(s)
2026-05-15 06:28:25,618 [INFO] layers.layer5_final_validation: L5 ⚠ lift_truck_controls/how_to_operate_the_power_pack_for_manual_tilting.dita — 1 issue(s)
2026-05-15 06:28:25,619 [INFO] layers.layer5_final_validation: L5 ⚠ lift_truck_controls/lift_truck_controls.dita — 2 issue(s)
2026-05-15 06:28:25,621 [INFO] layers.layer5_final_validation: L5 ⚠ lift_truck_controls/location_of_power_pack.dita — 1 issue(s)
2026-05-15 06:28:25,622 [INFO] layers.layer5_final_validation: L5 ⚠ lift_truck_controls/neutral_lever_lock.dita — 1 issue(s)
2026-05-15 06:28:25,623 [INFO] layers.layer5_final_validation: L5 ⚠ lift_truck_controls/refueling.dita — 1 issue(s)
2026-05-15 06:28:25,625 [INFO] layers.layer5_final_validation: L5 ⚠ lift_truck_controls/scr_cleaning_desox_switch.dita — 2 issue(s)
2026-05-15 06:28:25,626 [INFO] layers.layer5_final_validation: L5 ⚠ lift_truck_controls/speed_selection.dita — 1 issue(s)
2026-05-15 06:28:25,627 [INFO] layers.layer5_final_validation: L5 ⚠ lift_truck_controls/transmission_display.dita — 1 issue(s)
2026-05-15 06:28:25,629 [INFO] layers.layer5_final_validation: L5 ⚠ lift_truck_operation/inching.dita — 1 issue(s)
2026-05-15 06:28:25,630 [INFO] layers.layer5_final_validation: L5 ⚠ lift_truck_operation/lift_truck_operation.dita — 2 issue(s)
2026-05-15 06:28:25,632 [INFO] layers.layer5_final_validation: L5 ⚠ lift_truck_operation/moving_and_stopping_the_lift_truck.dita — 1 issue(s)
2026-05-15 06:28:25,633 [INFO] layers.layer5_final_validation: L5 ⚠ lift_truck_operation/steering_knob_if_equipped.dita — 1 issue(s)
2026-05-15 06:28:25,634 [INFO] layers.layer5_final_validation: L5 ⚠ noise_and_vibration/noise.dita — 1 issue(s)
2026-05-15 06:28:25,636 [INFO] layers.layer5_final_validation: L5 ⚠ noise_and_vibration/noise_and_vibration.dita — 2 issue(s)
2026-05-15 06:28:25,637 [INFO] layers.layer5_final_validation: L5 ⚠ noise_and_vibration/vibration_weighted_overall_value.dita — 1 issue(s)
2026-05-15 06:28:25,638 [INFO] layers.layer5_final_validation: L5 ⚠ operating_techniques/inching_into_loads.dita — 1 issue(s)
2026-05-15 06:28:25,640 [INFO] layers.layer5_final_validation: L5 ⚠ operating_techniques/lifting_drums_or_round_objects.dita — 1 issue(s)
2026-05-15 06:28:25,641 [INFO] layers.layer5_final_validation: L5 ⚠ operating_techniques/lifting_the_load.dita — 1 issue(s)
2026-05-15 06:28:25,642 [INFO] layers.layer5_final_validation: L5 ⚠ operating_techniques/load_lateral_centre_of_gravity.dita — 1 issue(s)
2026-05-15 06:28:25,643 [INFO] layers.layer5_final_validation: L5 ⚠ operating_techniques/load_shift.dita — 1 issue(s)
2026-05-15 06:28:25,645 [INFO] layers.layer5_final_validation: L5 ⚠ operating_techniques/load_stability.dita — 1 issue(s)
2026-05-15 06:28:25,646 [INFO] layers.layer5_final_validation: L5 ⚠ operating_techniques/load_swing.dita — 1 issue(s)
2026-05-15 06:28:25,647 [INFO] layers.layer5_final_validation: L5 ⚠ operating_techniques/operating_in_hot_weather.dita — 1 issue(s)
2026-05-15 06:28:25,649 [INFO] layers.layer5_final_validation: L5 ⚠ operating_techniques/operating_techniques.dita — 2 issue(s)
2026-05-15 06:28:25,650 [INFO] layers.layer5_final_validation: L5 ⚠ operating_techniques/safety_instructions_for_attachments_when_transporting_suspended_load.dita — 1 issue(s)
2026-05-15 06:28:25,651 [INFO] layers.layer5_final_validation: L5 ⚠ operating_techniques/safety_instructions_for_attachments_when_transporting_wide_loads.dita — 1 issue(s)
2026-05-15 06:28:25,653 [INFO] layers.layer5_final_validation: L5 ⚠ operating_techniques/traveling_with_the_load.dita — 1 issue(s)
2026-05-15 06:28:25,654 [INFO] layers.layer5_final_validation: L5 ⚠ operating_techniques/turning.dita — 1 issue(s)
2026-05-15 06:28:25,655 [INFO] layers.layer5_final_validation: L5 ⚠ operating_techniques/unloading.dita — 1 issue(s)
2026-05-15 06:28:25,657 [INFO] layers.layer5_final_validation: L5 ⚠ operating_techniques/visibility.dita — 1 issue(s)
2026-05-15 06:28:25,658 [INFO] layers.layer5_final_validation: L5 ⚠ operator_s_station_and_monitoring_systems/12v_socket.dita — 1 issue(s)
2026-05-15 06:28:25,659 [INFO] layers.layer5_final_validation: L5 ⚠ operator_s_station_and_monitoring_systems/1_the_right_side_dash_board_cabin.dita — 1 issue(s)
2026-05-15 06:28:25,661 [INFO] layers.layer5_final_validation: L5 ⚠ operator_s_station_and_monitoring_systems/2_the_left_side_dash_board_cabin.dita — 1 issue(s)
2026-05-15 06:28:25,662 [INFO] layers.layer5_final_validation: L5 ⚠ operator_s_station_and_monitoring_systems/3_the_operator_switches.dita — 1 issue(s)
2026-05-15 06:28:25,664 [INFO] layers.layer5_final_validation: L5 ⚠ operator_s_station_and_monitoring_systems/4_the_left_side_dash_board_ovhd_guard.dita — 1 issue(s)
2026-05-15 06:28:25,665 [INFO] layers.layer5_final_validation: L5 ⚠ operator_s_station_and_monitoring_systems/5_pedal_configuration.dita — 1 issue(s)
2026-05-15 06:28:25,666 [INFO] layers.layer5_final_validation: L5 ⚠ operator_s_station_and_monitoring_systems/6_steering_wheel.dita — 1 issue(s)
2026-05-15 06:28:25,668 [INFO] layers.layer5_final_validation: L5 ⚠ operator_s_station_and_monitoring_systems/a_description_of_the_buttons_basic_operation.dita — 1 issue(s)
2026-05-15 06:28:25,669 [INFO] layers.layer5_final_validation: L5 ⚠ operator_s_station_and_monitoring_systems/a_front_display_basic_operation_menu.dita — 1 issue(s)
2026-05-15 06:28:25,671 [INFO] layers.layer5_final_validation: L5 ⚠ operator_s_station_and_monitoring_systems/a_instrument_panel.dita — 1 issue(s)
2026-05-15 06:28:25,672 [INFO] layers.layer5_final_validation: L5 ⚠ operator_s_station_and_monitoring_systems/about_mp3_wma.dita — 1 issue(s)
2026-05-15 06:28:25,673 [INFO] layers.layer5_final_validation: L5 ⚠ operator_s_station_and_monitoring_systems/adjusting_volume_directly.dita — 1 issue(s)
2026-05-15 06:28:25,675 [INFO] layers.layer5_final_validation: L5 ⚠ operator_s_station_and_monitoring_systems/air_conditioner_controller.dita — 1 issue(s)
2026-05-15 06:28:25,676 [INFO] layers.layer5_final_validation: L5 ⚠ operator_s_station_and_monitoring_systems/audio_system_am_fm_tuner_with_usb_aux_player.dita — 2 issue(s)
2026-05-15 06:28:25,677 [INFO] layers.layer5_final_validation: L5 ⚠ operator_s_station_and_monitoring_systems/auto_manual_change_switch.dita — 1 issue(s)
2026-05-15 06:28:25,679 [INFO] layers.layer5_final_validation: L5 ⚠ operator_s_station_and_monitoring_systems/aux_player.dita — 2 issue(s)
2026-05-15 06:28:25,680 [INFO] layers.layer5_final_validation: L5 ⚠ operator_s_station_and_monitoring_systems/auxiliary_operation_lever_option.dita — 1 issue(s)
2026-05-15 06:28:25,681 [INFO] layers.layer5_final_validation: L5 ⚠ operator_s_station_and_monitoring_systems/b_operation_method.dita — 1 issue(s)
2026-05-15 06:28:25,683 [INFO] layers.layer5_final_validation: L5 ⚠ operator_s_station_and_monitoring_systems/b_operation_method_display_menu.dita — 1 issue(s)
2026-05-15 06:28:25,684 [INFO] layers.layer5_final_validation: L5 ⚠ operator_s_station_and_monitoring_systems/b_speed_meter.dita — 1 issue(s)
2026-05-15 06:28:25,685 [INFO] layers.layer5_final_validation: L5 ⚠ operator_s_station_and_monitoring_systems/before_mp3_wma_usb_playback.dita — 1 issue(s)
2026-05-15 06:28:25,687 [INFO] layers.layer5_final_validation: L5 ⚠ operator_s_station_and_monitoring_systems/c_engine_ignition_start_switch.dita — 1 issue(s)
2026-05-15 06:28:25,688 [INFO] layers.layer5_final_validation: L5 ⚠ operator_s_station_and_monitoring_systems/c_operation_method_setup_menu.dita — 1 issue(s)
2026-05-15 06:28:25,690 [INFO] layers.layer5_final_validation: L5 ⚠ operator_s_station_and_monitoring_systems/calling_via_handsfree_lf_equipped.dita — 1 issue(s)
2026-05-15 06:28:25,691 [INFO] layers.layer5_final_validation: L5 ⚠ operator_s_station_and_monitoring_systems/change_the_playback_mode.dita — 1 issue(s)
2026-05-15 06:28:25,692 [INFO] layers.layer5_final_validation: L5 ⚠ operator_s_station_and_monitoring_systems/cigar_jack.dita — 1 issue(s)
2026-05-15 06:28:25,694 [INFO] layers.layer5_final_validation: L5 ⚠ operator_s_station_and_monitoring_systems/controlling_the_playback.dita — 1 issue(s)
2026-05-15 06:28:25,695 [INFO] layers.layer5_final_validation: L5 ⚠ operator_s_station_and_monitoring_systems/d_console_tilt_angle_control_lever.dita — 1 issue(s)
2026-05-15 06:28:25,697 [INFO] layers.layer5_final_validation: L5 ⚠ operator_s_station_and_monitoring_systems/display_window.dita — 1 issue(s)
2026-05-15 06:28:25,698 [INFO] layers.layer5_final_validation: L5 ⚠ operator_s_station_and_monitoring_systems/e_console_up_down_control_lever_if_installed.dita — 1 issue(s)
2026-05-15 06:28:25,699 [INFO] layers.layer5_final_validation: L5 ⚠ operator_s_station_and_monitoring_systems/economic_fuel_saving_switch.dita — 1 issue(s)
2026-05-15 06:28:25,701 [INFO] layers.layer5_final_validation: L5 ⚠ operator_s_station_and_monitoring_systems/emergency_lamp_switch.dita — 1 issue(s)
2026-05-15 06:28:25,702 [INFO] layers.layer5_final_validation: L5 ⚠ operator_s_station_and_monitoring_systems/engine_diagnostic_switch.dita — 1 issue(s)
2026-05-15 06:28:25,703 [INFO] layers.layer5_final_validation: L5 ⚠ operator_s_station_and_monitoring_systems/engine_stop_switch.dita — 1 issue(s)
2026-05-15 06:28:25,704 [INFO] layers.layer5_final_validation: L5 ⚠ operator_s_station_and_monitoring_systems/getting_started.dita — 2 issue(s)
2026-05-15 06:28:25,706 [INFO] layers.layer5_final_validation: L5 ⚠ operator_s_station_and_monitoring_systems/handling_precautions_for_usb_device.dita — 1 issue(s)
2026-05-15 06:28:25,707 [INFO] layers.layer5_final_validation: L5 ⚠ operator_s_station_and_monitoring_systems/heater_flow_control_valve.dita — 1 issue(s)
2026-05-15 06:28:25,708 [INFO] layers.layer5_final_validation: L5 ⚠ operator_s_station_and_monitoring_systems/idle_select_switch.dita — 1 issue(s)
2026-05-15 06:28:25,710 [INFO] layers.layer5_final_validation: L5 ⚠ operator_s_station_and_monitoring_systems/left_fork_operation_lever.dita — 1 issue(s)
2026-05-15 06:28:25,711 [INFO] layers.layer5_final_validation: L5 ⚠ operator_s_station_and_monitoring_systems/lift_lever.dita — 1 issue(s)
2026-05-15 06:28:25,713 [INFO] layers.layer5_final_validation: L5 ⚠ operator_s_station_and_monitoring_systems/listening_to_a_preset_station.dita — 1 issue(s)
2026-05-15 06:28:25,715 [INFO] layers.layer5_final_validation: L5 ⚠ operator_s_station_and_monitoring_systems/listening_to_auxiliary_audio_equipment.dita — 1 issue(s)
2026-05-15 06:28:25,717 [INFO] layers.layer5_final_validation: L5 ⚠ operator_s_station_and_monitoring_systems/listening_to_dmb_sound_lf_equipped.dita — 1 issue(s)
2026-05-15 06:28:25,720 [INFO] layers.layer5_final_validation: L5 ⚠ operator_s_station_and_monitoring_systems/location_of_controls.dita — 1 issue(s)
2026-05-15 06:28:25,721 [INFO] layers.layer5_final_validation: L5 ⚠ operator_s_station_and_monitoring_systems/operator_s_station_and_monitoring_systems.dita — 1 issue(s)
2026-05-15 06:28:25,723 [INFO] layers.layer5_final_validation: L5 ⚠ operator_s_station_and_monitoring_systems/parking_brake_switch.dita — 1 issue(s)
2026-05-15 06:28:25,724 [INFO] layers.layer5_final_validation: L5 ⚠ operator_s_station_and_monitoring_systems/playing_a_usb_device.dita — 1 issue(s)
2026-05-15 06:28:25,725 [INFO] layers.layer5_final_validation: L5 ⚠ operator_s_station_and_monitoring_systems/radio.dita — 2 issue(s)
2026-05-15 06:28:25,726 [INFO] layers.layer5_final_validation: L5 ⚠ operator_s_station_and_monitoring_systems/radio_2.dita — 2 issue(s)
2026-05-15 06:28:25,728 [INFO] layers.layer5_final_validation: L5 ⚠ operator_s_station_and_monitoring_systems/rear_camera_only_rear_view_option.dita — 2 issue(s)
2026-05-15 06:28:25,729 [INFO] layers.layer5_final_validation: L5 ⚠ operator_s_station_and_monitoring_systems/rear_camera_rear_view_with_steer_angle_option.dita — 2 issue(s)
2026-05-15 06:28:25,730 [INFO] layers.layer5_final_validation: L5 ⚠ operator_s_station_and_monitoring_systems/rear_view_connectors.dita — 1 issue(s)
2026-05-15 06:28:25,732 [INFO] layers.layer5_final_validation: L5 ⚠ operator_s_station_and_monitoring_systems/right_fork_operation_lever.dita — 1 issue(s)
2026-05-15 06:28:25,733 [INFO] layers.layer5_final_validation: L5 ⚠ operator_s_station_and_monitoring_systems/saving_radio_stations_automatically.dita — 1 issue(s)
2026-05-15 06:28:25,734 [INFO] layers.layer5_final_validation: L5 ⚠ operator_s_station_and_monitoring_systems/saving_radio_stations_manually.dita — 1 issue(s)
2026-05-15 06:28:25,735 [INFO] layers.layer5_final_validation: L5 ⚠ operator_s_station_and_monitoring_systems/seat_heater_switch_if_equipped.dita — 1 issue(s)
2026-05-15 06:28:25,737 [INFO] layers.layer5_final_validation: L5 ⚠ operator_s_station_and_monitoring_systems/setting_the_region_of_radio_reception.dita — 1 issue(s)
2026-05-15 06:28:25,738 [INFO] layers.layer5_final_validation: L5 ⚠ operator_s_station_and_monitoring_systems/tilt_lever.dita — 1 issue(s)
2026-05-15 06:28:25,739 [INFO] layers.layer5_final_validation: L5 ⚠ operator_s_station_and_monitoring_systems/tuning_in_a_station.dita — 1 issue(s)
2026-05-15 06:28:25,741 [INFO] layers.layer5_final_validation: L5 ⚠ operator_s_station_and_monitoring_systems/turning_the_unit_on_off.dita — 1 issue(s)
2026-05-15 06:28:25,742 [INFO] layers.layer5_final_validation: L5 ⚠ operator_s_station_and_monitoring_systems/upper_rear_wipers_and_washer_switch.dita — 1 issue(s)
2026-05-15 06:28:25,743 [INFO] layers.layer5_final_validation: L5 ⚠ operator_s_station_and_monitoring_systems/usb_player.dita — 2 issue(s)
2026-05-15 06:28:25,744 [INFO] layers.layer5_final_validation: L5 ⚠ operator_s_station_and_monitoring_systems/weight_scale_mode_option_hydraulic_type.dita — 1 issue(s)
2026-05-15 06:28:25,746 [INFO] layers.layer5_final_validation: L5 ⚠ operator_s_station_and_monitoring_systems/wired_remote_controller.dita — 1 issue(s)
2026-05-15 06:28:25,747 [INFO] layers.layer5_final_validation: L5 ⚠ operator_s_warning_and_identification_plate/attachment_abbreviations_includes_special_forks.dita — 1 issue(s)
2026-05-15 06:28:25,748 [INFO] layers.layer5_final_validation: L5 ⚠ operator_s_warning_and_identification_plate/identification_lift_capacity_and_attachment_plate.dita — 1 issue(s)
2026-05-15 06:28:25,750 [INFO] layers.layer5_final_validation: L5 ⚠ operator_s_warning_and_identification_plate/lift_truck_capacity_rating.dita — 1 issue(s)
2026-05-15 06:28:25,751 [INFO] layers.layer5_final_validation: L5 ⚠ operator_s_warning_and_identification_plate/mast_abbreviations.dita — 1 issue(s)
2026-05-15 06:28:25,752 [INFO] layers.layer5_final_validation: L5 ⚠ operator_s_warning_and_identification_plate/operator_s_warning_and_identification_plate.dita — 1 issue(s)
2026-05-15 06:28:25,753 [INFO] layers.layer5_final_validation: L5 ⚠ operator_s_warning_and_identification_plate/operator_s_warning_plate.dita — 1 issue(s)
2026-05-15 06:28:25,755 [INFO] layers.layer5_final_validation: L5 ⚠ safety/avoiding_lift_truck_tipover.dita — 2 issue(s)
2026-05-15 06:28:25,756 [INFO] layers.layer5_final_validation: L5 ⚠ safety/batteries.dita — 1 issue(s)
2026-05-15 06:28:25,757 [INFO] layers.layer5_final_validation: L5 ⚠ safety/before_operating_the_lift_truck.dita — 1 issue(s)
2026-05-15 06:28:25,759 [INFO] layers.layer5_final_validation: L5 ⚠ safety/before_starting_the_lift_truck.dita — 1 issue(s)
2026-05-15 06:28:25,760 [INFO] layers.layer5_final_validation: L5 ⚠ safety/burn_prevention.dita — 2 issue(s)
2026-05-15 06:28:25,761 [INFO] layers.layer5_final_validation: L5 ⚠ safety/capacity_load_weight_and_load_centre.dita — 1 issue(s)
2026-05-15 06:28:25,762 [INFO] layers.layer5_final_validation: L5 ⚠ safety/centre_of_gravity_cg.dita — 1 issue(s)
2026-05-15 06:28:25,764 [INFO] layers.layer5_final_validation: L5 ⚠ safety/coolant.dita — 1 issue(s)
2026-05-15 06:28:25,765 [INFO] layers.layer5_final_validation: L5 ⚠ safety/crushing_or_cutting_prevention.dita — 1 issue(s)
2026-05-15 06:28:25,767 [INFO] layers.layer5_final_validation: L5 ⚠ safety/emergency_lowering_guide.dita — 1 issue(s)
2026-05-15 06:28:25,768 [INFO] layers.layer5_final_validation: L5 ⚠ safety/falling_objects_protective_structure_fops.dita — 1 issue(s)
2026-05-15 06:28:25,769 [INFO] layers.layer5_final_validation: L5 ⚠ safety/fasten_the_seat_belt.dita — 1 issue(s)
2026-05-15 06:28:25,770 [INFO] layers.layer5_final_validation: L5 ⚠ safety/fire_extinguisher.dita — 1 issue(s)
2026-05-15 06:28:25,772 [INFO] layers.layer5_final_validation: L5 ⚠ safety/fire_or_explosion_prevention.dita — 1 issue(s)
2026-05-15 06:28:25,773 [INFO] layers.layer5_final_validation: L5 ⚠ safety/fluid_penetration.dita — 1 issue(s)
2026-05-15 06:28:25,774 [INFO] layers.layer5_final_validation: L5 ⚠ safety/general_hazard_information.dita — 1 issue(s)
2026-05-15 06:28:25,776 [INFO] layers.layer5_final_validation: L5 ⚠ safety/general_warnings_to_operator.dita — 1 issue(s)
2026-05-15 06:28:25,777 [INFO] layers.layer5_final_validation: L5 ⚠ safety/hand_placement_warning.dita — 1 issue(s)
2026-05-15 06:28:25,778 [INFO] layers.layer5_final_validation: L5 ⚠ safety/how_to_survive_in_a_tipover.dita — 1 issue(s)
2026-05-15 06:28:25,780 [INFO] layers.layer5_final_validation: L5 ⚠ safety/inspection.dita — 1 issue(s)
2026-05-15 06:28:25,781 [INFO] layers.layer5_final_validation: L5 ⚠ safety/lift_truck_parking.dita — 1 issue(s)
2026-05-15 06:28:25,782 [INFO] layers.layer5_final_validation: L5 ⚠ safety/lift_truck_stability.dita — 1 issue(s)
2026-05-15 06:28:25,783 [INFO] layers.layer5_final_validation: L5 ⚠ safety/lift_truck_stability_base.dita — 1 issue(s)
2026-05-15 06:28:25,785 [INFO] layers.layer5_final_validation: L5 ⚠ safety/lines_tubes_and_hoses.dita — 1 issue(s)
2026-05-15 06:28:25,786 [INFO] layers.layer5_final_validation: L5 ⚠ safety/loading_or_unloading_trucks_trailers.dita — 1 issue(s)
2026-05-15 06:28:25,787 [INFO] layers.layer5_final_validation: L5 ⚠ safety/lpg.dita — 1 issue(s)
2026-05-15 06:28:25,789 [INFO] layers.layer5_final_validation: L5 ⚠ safety/maintenance_information.dita — 1 issue(s)
2026-05-15 06:28:25,790 [INFO] layers.layer5_final_validation: L5 ⚠ safety/mounting_and_dismounting.dita — 1 issue(s)
2026-05-15 06:28:25,791 [INFO] layers.layer5_final_validation: L5 ⚠ safety/moving_fan_warning.dita — 1 issue(s)
2026-05-15 06:28:25,792 [INFO] layers.layer5_final_validation: L5 ⚠ safety/no_riders_warning.dita — 1 issue(s)
2026-05-15 06:28:25,794 [INFO] layers.layer5_final_validation: L5 ⚠ safety/oils.dita — 1 issue(s)
2026-05-15 06:28:25,795 [INFO] layers.layer5_final_validation: L5 ⚠ safety/operating_the_lift_truck.dita — 1 issue(s)
2026-05-15 06:28:25,796 [INFO] layers.layer5_final_validation: L5 ⚠ safety/operation_information.dita — 2 issue(s)
2026-05-15 06:28:25,797 [INFO] layers.layer5_final_validation: L5 ⚠ safety/operator_restraint_system.dita — 2 issue(s)
2026-05-15 06:28:25,799 [INFO] layers.layer5_final_validation: L5 ⚠ safety/pressure_warning.dita — 1 issue(s)
2026-05-15 06:28:25,800 [INFO] layers.layer5_final_validation: L5 ⚠ safety/release_the_seat_belt.dita — 1 issue(s)
2026-05-15 06:28:25,801 [INFO] layers.layer5_final_validation: L5 ⚠ safety/safety.dita — 1 issue(s)
2026-05-15 06:28:25,803 [INFO] layers.layer5_final_validation: L5 ⚠ safety/safety_rules.dita — 1 issue(s)
2026-05-15 06:28:25,804 [INFO] layers.layer5_final_validation: L5 ⚠ safety/seat_adjustment.dita — 1 issue(s)
2026-05-15 06:28:25,805 [INFO] layers.layer5_final_validation: L5 ⚠ safety/seat_belt.dita — 1 issue(s)
2026-05-15 06:28:25,807 [INFO] layers.layer5_final_validation: L5 ⚠ safety/stability_and_centre_of_gravity.dita — 1 issue(s)
2026-05-15 06:28:25,808 [INFO] layers.layer5_final_validation: L5 ⚠ safety/starting_the_lift_truck.dita — 1 issue(s)
2026-05-15 06:28:25,809 [INFO] layers.layer5_final_validation: L5 ⚠ safety/tilting_cabin_operation_warning.dita — 1 issue(s)
2026-05-15 06:28:25,811 [INFO] layers.layer5_final_validation: L5 ⚠ safety/training_required_to_operate_or_service.dita — 1 issue(s)
2026-05-15 06:28:25,812 [INFO] layers.layer5_final_validation: L5 ⚠ safety/tyre_information.dita — 1 issue(s)
2026-05-15 06:28:25,813 [INFO] layers.layer5_final_validation: L5 ⚠ safety/tyre_warning.dita — 1 issue(s)
2026-05-15 06:28:25,814 [INFO] layers.layer5_final_validation: L5 ⚠ safety/warning_signs_and_labels.dita — 1 issue(s)
2026-05-15 06:28:25,816 [INFO] layers.layer5_final_validation: L5 ⚠ safety/warning_signs_and_labels_2.dita — 1 issue(s)
2026-05-15 06:28:25,817 [INFO] layers.layer5_final_validation: L5 ⚠ seat_switch_system/air_suspension_seat_option_grammer.dita — 1 issue(s)
2026-05-15 06:28:25,818 [INFO] layers.layer5_final_validation: L5 ⚠ seat_switch_system/circuit_breaker.dita — 1 issue(s)
2026-05-15 06:28:25,820 [INFO] layers.layer5_final_validation: L5 ⚠ seat_switch_system/fuse_box.dita — 1 issue(s)
2026-05-15 06:28:25,821 [INFO] layers.layer5_final_validation: L5 ⚠ seat_switch_system/seat.dita — 2 issue(s)
2026-05-15 06:28:25,822 [INFO] layers.layer5_final_validation: L5 ⚠ seat_switch_system/seat_adjustment_2.dita — 1 issue(s)
2026-05-15 06:28:25,823 [INFO] layers.layer5_final_validation: L5 ⚠ seat_switch_system/seat_switch_system.dita — 1 issue(s)
2026-05-15 06:28:25,825 [INFO] layers.layer5_final_validation: L5 ⚠ seat_switch_system/steering_column_tilting_angle_adjustment.dita — 1 issue(s)
2026-05-15 06:28:25,826 [INFO] layers.layer5_final_validation: L5 ⚠ seat_switch_system/tow_eye.dita — 1 issue(s)
2026-05-15 06:28:25,827 [INFO] layers.layer5_final_validation: L5 ⚠ serial_number/serial_number.dita — 2 issue(s)
2026-05-15 06:28:25,828 [INFO] layers.layer5_final_validation: L5 ⚠ serial_number/serial_number_locations.dita — 1 issue(s)
2026-05-15 06:28:25,831 [INFO] layers.layer5_final_validation: L5 ⚠ specifications/specifications.dita — 1 issue(s)
2026-05-15 06:28:25,832 [INFO] layers.layer5_final_validation: L5 ⚠ starting_the_engine/prestart_conditions.dita — 1 issue(s)
2026-05-15 06:28:25,834 [INFO] layers.layer5_final_validation: L5 ⚠ starting_the_engine/starting_diesel_engine_at_cold.dita — 1 issue(s)
2026-05-15 06:28:25,835 [INFO] layers.layer5_final_validation: L5 ⚠ starting_the_engine/starting_diesel_engine_at_warm_mechanical_engine.dita — 1 issue(s)
2026-05-15 06:28:25,836 [INFO] layers.layer5_final_validation: L5 ⚠ starting_the_engine/starting_from_a_24_12_volt_external_source.dita — 1 issue(s)
2026-05-15 06:28:25,837 [INFO] layers.layer5_final_validation: L5 ⚠ starting_the_engine/starting_the_engine.dita — 2 issue(s)
2026-05-15 06:28:25,839 [INFO] layers.layer5_final_validation: L5 ⚠ starting_the_engine/starting_with_jumper_cables.dita — 1 issue(s)
2026-05-15 06:28:25,840 [INFO] layers.layer5_final_validation: L5 ⚠ starting_the_engine/use_of_jumper_cables.dita — 1 issue(s)
2026-05-15 06:28:25,840 [INFO] layers.layer5_final_validation: L5 ✓ done pass=True acc=100% crit=0 err=0 warn=217
2026-05-15 06:28:25,840 [INFO] layers.layer5_final_validation: L5 DTD schema start
2026-05-15 06:28:25,843 [INFO] utils.dita_schema_validator: [SchemaValidator] WARNINGS after_starting_the_engine.dita — 3 issue(s)
2026-05-15 06:28:25,844 [INFO] utils.dita_schema_validator: [SchemaValidator] WARNINGS def_ad_blue_level_inducement_for_europe.dita — 7 issue(s)
2026-05-15 06:28:25,844 [INFO] utils.dita_schema_validator: [SchemaValidator] WARNINGS def_ad_blue_level_inducement_for_usa.dita — 6 issue(s)
2026-05-15 06:28:25,845 [INFO] utils.dita_schema_validator: [SchemaValidator] VALID    def_ad_blue_level_inducement_for_usa_europe.dita
2026-05-15 06:28:25,845 [INFO] utils.dita_schema_validator: [SchemaValidator] WARNINGS def_ad_blue_quality_failure_for_europe.dita — 7 issue(s)
2026-05-15 06:28:25,846 [INFO] utils.dita_schema_validator: [SchemaValidator] WARNINGS def_ad_blue_quality_failure_for_usa.dita — 6 issue(s)
2026-05-15 06:28:25,846 [INFO] utils.dita_schema_validator: [SchemaValidator] VALID    def_ad_blue_quality_failure_for_usa_europe.dita
2026-05-15 06:28:25,847 [INFO] utils.dita_schema_validator: [SchemaValidator] VALID    detecting_control_failure.dita
2026-05-15 06:28:25,847 [INFO] utils.dita_schema_validator: [SchemaValidator] VALID    diesel_engine.dita
2026-05-15 06:28:25,848 [INFO] utils.dita_schema_validator: [SchemaValidator] WARNINGS display_of_detecting_control_failure.dita — 4 issue(s)
2026-05-15 06:28:25,848 [INFO] utils.dita_schema_validator: [SchemaValidator] VALID    engine_and_after_treatment_system.dita
2026-05-15 06:28:25,848 [INFO] utils.dita_schema_validator: [SchemaValidator] WARNINGS impeded_egr_for_europe.dita — 6 issue(s)
2026-05-15 06:28:25,849 [INFO] utils.dita_schema_validator: [SchemaValidator] VALID    impeded_egr_interruption_of_dosing_for_europe_only.dita
2026-05-15 06:28:25,849 [INFO] utils.dita_schema_validator: [SchemaValidator] WARNINGS interruption_of_dosing_for_europe.dita — 6 issue(s)
2026-05-15 06:28:25,849 [INFO] utils.dita_schema_validator: [SchemaValidator] WARNINGS introduction.dita — 1 issue(s)
2026-05-15 06:28:25,850 [INFO] utils.dita_schema_validator: [SchemaValidator] WARNINGS scr_system_tampering_for_europe.dita — 6 issue(s)
2026-05-15 06:28:25,850 [INFO] utils.dita_schema_validator: [SchemaValidator] WARNINGS scr_system_tampering_for_usa.dita — 6 issue(s)
2026-05-15 06:28:25,850 [INFO] utils.dita_schema_validator: [SchemaValidator] VALID    scr_system_tampering_for_usa_europe.dita
2026-05-15 06:28:25,851 [INFO] utils.dita_schema_validator: [SchemaValidator] VALID    before_starting_the_engine.dita
2026-05-15 06:28:25,851 [INFO] utils.dita_schema_validator: [SchemaValidator] WARNINGS walk_around_inspection.dita — 6 issue(s)
2026-05-15 06:28:25,851 [INFO] utils.dita_schema_validator: [SchemaValidator] WARNINGS capacity_chart.dita — 2 issue(s)
2026-05-15 06:28:25,851 [INFO] utils.dita_schema_validator: [SchemaValidator] VALID    important_safety_information.dita
2026-05-15 06:28:25,852 [INFO] utils.dita_schema_validator: [SchemaValidator] VALID    cabin_tilting.dita
2026-05-15 06:28:25,852 [INFO] utils.dita_schema_validator: [SchemaValidator] WARNINGS def_ad_blue_replenishment.dita — 2 issue(s)
2026-05-15 06:28:25,852 [INFO] utils.dita_schema_validator: [SchemaValidator] WARNINGS direction_control_lever.dita — 1 issue(s)
2026-05-15 06:28:25,852 [INFO] utils.dita_schema_validator: [SchemaValidator] VALID    forward_reverse_lever.dita
2026-05-15 06:28:25,852 [INFO] utils.dita_schema_validator: [SchemaValidator] WARNINGS how_to_fill_the_hydraulic_oil.dita — 1 issue(s)
2026-05-15 06:28:25,853 [INFO] utils.dita_schema_validator: [SchemaValidator] WARNINGS how_to_operate_the_power_pack_for_manual_tilting.dita — 2 issue(s)
2026-05-15 06:28:25,853 [INFO] utils.dita_schema_validator: [SchemaValidator] VALID    lift_truck_controls.dita
2026-05-15 06:28:25,853 [INFO] utils.dita_schema_validator: [SchemaValidator] WARNINGS location_of_power_pack.dita — 1 issue(s)
2026-05-15 06:28:25,853 [INFO] utils.dita_schema_validator: [SchemaValidator] VALID    neutral_lever_lock.dita
2026-05-15 06:28:25,854 [INFO] utils.dita_schema_validator: [SchemaValidator] WARNINGS refueling.dita — 2 issue(s)
2026-05-15 06:28:25,854 [INFO] utils.dita_schema_validator: [SchemaValidator] WARNINGS scr_cleaning_desox_switch.dita — 7 issue(s)
2026-05-15 06:28:25,854 [INFO] utils.dita_schema_validator: [SchemaValidator] VALID    speed_selection.dita
2026-05-15 06:28:25,854 [INFO] utils.dita_schema_validator: [SchemaValidator] WARNINGS transmission_display.dita — 2 issue(s)
2026-05-15 06:28:25,855 [INFO] utils.dita_schema_validator: [SchemaValidator] WARNINGS inching.dita — 1 issue(s)
2026-05-15 06:28:25,855 [INFO] utils.dita_schema_validator: [SchemaValidator] VALID    lift_truck_operation.dita
2026-05-15 06:28:25,855 [INFO] utils.dita_schema_validator: [SchemaValidator] WARNINGS moving_and_stopping_the_lift_truck.dita — 2 issue(s)
2026-05-15 06:28:25,855 [INFO] utils.dita_schema_validator: [SchemaValidator] WARNINGS steering_knob_if_equipped.dita — 1 issue(s)
2026-05-15 06:28:25,856 [INFO] utils.dita_schema_validator: [SchemaValidator] VALID    noise.dita
2026-05-15 06:28:25,856 [INFO] utils.dita_schema_validator: [SchemaValidator] VALID    noise_and_vibration.dita
2026-05-15 06:28:25,856 [INFO] utils.dita_schema_validator: [SchemaValidator] VALID    vibration_weighted_overall_value.dita
2026-05-15 06:28:25,856 [INFO] utils.dita_schema_validator: [SchemaValidator] WARNINGS inching_into_loads.dita — 2 issue(s)
2026-05-15 06:28:25,857 [INFO] utils.dita_schema_validator: [SchemaValidator] WARNINGS lifting_drums_or_round_objects.dita — 2 issue(s)
2026-05-15 06:28:25,857 [INFO] utils.dita_schema_validator: [SchemaValidator] WARNINGS lifting_the_load.dita — 2 issue(s)
2026-05-15 06:28:25,857 [INFO] utils.dita_schema_validator: [SchemaValidator] VALID    load_lateral_centre_of_gravity.dita
2026-05-15 06:28:25,857 [INFO] utils.dita_schema_validator: [SchemaValidator] VALID    load_shift.dita
2026-05-15 06:28:25,857 [INFO] utils.dita_schema_validator: [SchemaValidator] VALID    load_stability.dita
2026-05-15 06:28:25,858 [INFO] utils.dita_schema_validator: [SchemaValidator] VALID    load_swing.dita
2026-05-15 06:28:25,858 [INFO] utils.dita_schema_validator: [SchemaValidator] VALID    operating_in_hot_weather.dita
2026-05-15 06:28:25,858 [INFO] utils.dita_schema_validator: [SchemaValidator] VALID    operating_techniques.dita
2026-05-15 06:28:25,858 [INFO] utils.dita_schema_validator: [SchemaValidator] WARNINGS safety_instructions_for_attachments_when_transporting_suspended_load.dita — 1 issue(s)
2026-05-15 06:28:25,858 [INFO] utils.dita_schema_validator: [SchemaValidator] WARNINGS safety_instructions_for_attachments_when_transporting_wide_loads.dita — 1 issue(s)
2026-05-15 06:28:25,859 [INFO] utils.dita_schema_validator: [SchemaValidator] WARNINGS traveling_with_the_load.dita — 2 issue(s)
2026-05-15 06:28:25,859 [INFO] utils.dita_schema_validator: [SchemaValidator] WARNINGS turning.dita — 2 issue(s)
2026-05-15 06:28:25,859 [INFO] utils.dita_schema_validator: [SchemaValidator] WARNINGS unloading.dita — 4 issue(s)
2026-05-15 06:28:25,859 [INFO] utils.dita_schema_validator: [SchemaValidator] VALID    visibility.dita
2026-05-15 06:28:25,860 [INFO] utils.dita_schema_validator: [SchemaValidator] VALID    12v_socket.dita
2026-05-15 06:28:25,860 [INFO] utils.dita_schema_validator: [SchemaValidator] WARNINGS 1_the_right_side_dash_board_cabin.dita — 1 issue(s)
2026-05-15 06:28:25,860 [INFO] utils.dita_schema_validator: [SchemaValidator] WARNINGS 2_the_left_side_dash_board_cabin.dita — 3 issue(s)
2026-05-15 06:28:25,860 [INFO] utils.dita_schema_validator: [SchemaValidator] WARNINGS 3_the_operator_switches.dita — 3 issue(s)
2026-05-15 06:28:25,861 [INFO] utils.dita_schema_validator: [SchemaValidator] WARNINGS 4_the_left_side_dash_board_ovhd_guard.dita — 1 issue(s)
2026-05-15 06:28:25,861 [INFO] utils.dita_schema_validator: [SchemaValidator] WARNINGS 5_pedal_configuration.dita — 1 issue(s)
2026-05-15 06:28:25,861 [INFO] utils.dita_schema_validator: [SchemaValidator] WARNINGS 6_steering_wheel.dita — 2 issue(s)
2026-05-15 06:28:25,862 [INFO] utils.dita_schema_validator: [SchemaValidator] WARNINGS a_description_of_the_buttons_basic_operation.dita — 1 issue(s)
2026-05-15 06:28:25,862 [INFO] utils.dita_schema_validator: [SchemaValidator] WARNINGS a_front_display_basic_operation_menu.dita — 1 issue(s)
2026-05-15 06:28:25,862 [INFO] utils.dita_schema_validator: [SchemaValidator] WARNINGS a_instrument_panel.dita — 16 issue(s)
2026-05-15 06:28:25,863 [INFO] utils.dita_schema_validator: [SchemaValidator] VALID    about_mp3_wma.dita
2026-05-15 06:28:25,863 [INFO] utils.dita_schema_validator: [SchemaValidator] WARNINGS adjusting_volume_directly.dita — 5 issue(s)
2026-05-15 06:28:25,863 [INFO] utils.dita_schema_validator: [SchemaValidator] WARNINGS air_conditioner_controller.dita — 1 issue(s)
2026-05-15 06:28:25,864 [INFO] utils.dita_schema_validator: [SchemaValidator] VALID    audio_system_am_fm_tuner_with_usb_aux_player.dita
2026-05-15 06:28:25,864 [INFO] utils.dita_schema_validator: [SchemaValidator] WARNINGS auto_manual_change_switch.dita — 2 issue(s)
2026-05-15 06:28:25,864 [INFO] utils.dita_schema_validator: [SchemaValidator] VALID    aux_player.dita
2026-05-15 06:28:25,864 [INFO] utils.dita_schema_validator: [SchemaValidator] VALID    auxiliary_operation_lever_option.dita
2026-05-15 06:28:25,865 [INFO] utils.dita_schema_validator: [SchemaValidator] WARNINGS b_operation_method.dita — 9 issue(s)
2026-05-15 06:28:25,865 [INFO] utils.dita_schema_validator: [SchemaValidator] WARNINGS b_operation_method_display_menu.dita — 2 issue(s)
2026-05-15 06:28:25,865 [INFO] utils.dita_schema_validator: [SchemaValidator] WARNINGS b_speed_meter.dita — 1 issue(s)
2026-05-15 06:28:25,865 [INFO] utils.dita_schema_validator: [SchemaValidator] WARNINGS before_mp3_wma_usb_playback.dita — 1 issue(s)
2026-05-15 06:28:25,866 [INFO] utils.dita_schema_validator: [SchemaValidator] WARNINGS c_engine_ignition_start_switch.dita — 1 issue(s)
2026-05-15 06:28:25,866 [INFO] utils.dita_schema_validator: [SchemaValidator] WARNINGS c_operation_method_setup_menu.dita — 34 issue(s)
2026-05-15 06:28:25,866 [INFO] utils.dita_schema_validator: [SchemaValidator] VALID    calling_via_handsfree_lf_equipped.dita
2026-05-15 06:28:25,867 [INFO] utils.dita_schema_validator: [SchemaValidator] WARNINGS change_the_playback_mode.dita — 12 issue(s)
2026-05-15 06:28:25,867 [INFO] utils.dita_schema_validator: [SchemaValidator] VALID    cigar_jack.dita
2026-05-15 06:28:25,867 [INFO] utils.dita_schema_validator: [SchemaValidator] WARNINGS controlling_the_playback.dita — 4 issue(s)
2026-05-15 06:28:25,868 [INFO] utils.dita_schema_validator: [SchemaValidator] WARNINGS d_console_tilt_angle_control_lever.dita — 1 issue(s)
2026-05-15 06:28:25,868 [INFO] utils.dita_schema_validator: [SchemaValidator] WARNINGS display_window.dita — 5 issue(s)
2026-05-15 06:28:25,868 [INFO] utils.dita_schema_validator: [SchemaValidator] WARNINGS e_console_up_down_control_lever_if_installed.dita — 1 issue(s)
2026-05-15 06:28:25,868 [INFO] utils.dita_schema_validator: [SchemaValidator] WARNINGS economic_fuel_saving_switch.dita — 2 issue(s)
2026-05-15 06:28:25,869 [INFO] utils.dita_schema_validator: [SchemaValidator] VALID    emergency_lamp_switch.dita
2026-05-15 06:28:25,869 [INFO] utils.dita_schema_validator: [SchemaValidator] WARNINGS engine_diagnostic_switch.dita — 1 issue(s)
2026-05-15 06:28:25,869 [INFO] utils.dita_schema_validator: [SchemaValidator] WARNINGS engine_stop_switch.dita — 2 issue(s)
2026-05-15 06:28:25,869 [INFO] utils.dita_schema_validator: [SchemaValidator] VALID    getting_started.dita
2026-05-15 06:28:25,869 [INFO] utils.dita_schema_validator: [SchemaValidator] VALID    handling_precautions_for_usb_device.dita
2026-05-15 06:28:25,870 [INFO] utils.dita_schema_validator: [SchemaValidator] WARNINGS heater_flow_control_valve.dita — 1 issue(s)
2026-05-15 06:28:25,870 [INFO] utils.dita_schema_validator: [SchemaValidator] WARNINGS idle_select_switch.dita — 3 issue(s)
2026-05-15 06:28:25,870 [INFO] utils.dita_schema_validator: [SchemaValidator] VALID    left_fork_operation_lever.dita
2026-05-15 06:28:25,870 [INFO] utils.dita_schema_validator: [SchemaValidator] VALID    lift_lever.dita
2026-05-15 06:28:25,870 [INFO] utils.dita_schema_validator: [SchemaValidator] WARNINGS listening_to_a_preset_station.dita — 2 issue(s)
2026-05-15 06:28:25,871 [INFO] utils.dita_schema_validator: [SchemaValidator] WARNINGS listening_to_auxiliary_audio_equipment.dita — 4 issue(s)
2026-05-15 06:28:25,871 [INFO] utils.dita_schema_validator: [SchemaValidator] VALID    listening_to_dmb_sound_lf_equipped.dita
2026-05-15 06:28:25,871 [INFO] utils.dita_schema_validator: [SchemaValidator] WARNINGS location_of_controls.dita — 2 issue(s)
2026-05-15 06:28:25,871 [INFO] utils.dita_schema_validator: [SchemaValidator] WARNINGS operator_s_station_and_monitoring_systems.dita — 2 issue(s)
2026-05-15 06:28:25,872 [INFO] utils.dita_schema_validator: [SchemaValidator] WARNINGS parking_brake_switch.dita — 1 issue(s)
2026-05-15 06:28:25,872 [INFO] utils.dita_schema_validator: [SchemaValidator] WARNINGS playing_a_usb_device.dita — 5 issue(s)
2026-05-15 06:28:25,872 [INFO] utils.dita_schema_validator: [SchemaValidator] VALID    radio.dita
2026-05-15 06:28:25,872 [INFO] utils.dita_schema_validator: [SchemaValidator] VALID    radio_2.dita
2026-05-15 06:28:25,872 [INFO] utils.dita_schema_validator: [SchemaValidator] VALID    rear_camera_only_rear_view_option.dita
2026-05-15 06:28:25,873 [INFO] utils.dita_schema_validator: [SchemaValidator] VALID    rear_camera_rear_view_with_steer_angle_option.dita
2026-05-15 06:28:25,873 [INFO] utils.dita_schema_validator: [SchemaValidator] WARNINGS rear_view_connectors.dita — 3 issue(s)
2026-05-15 06:28:25,873 [INFO] utils.dita_schema_validator: [SchemaValidator] VALID    right_fork_operation_lever.dita
2026-05-15 06:28:25,873 [INFO] utils.dita_schema_validator: [SchemaValidator] WARNINGS saving_radio_stations_automatically.dita — 2 issue(s)
2026-05-15 06:28:25,874 [INFO] utils.dita_schema_validator: [SchemaValidator] WARNINGS saving_radio_stations_manually.dita — 1 issue(s)
2026-05-15 06:28:25,874 [INFO] utils.dita_schema_validator: [SchemaValidator] VALID    seat_heater_switch_if_equipped.dita
2026-05-15 06:28:25,874 [INFO] utils.dita_schema_validator: [SchemaValidator] WARNINGS setting_the_region_of_radio_reception.dita — 8 issue(s)
2026-05-15 06:28:25,874 [INFO] utils.dita_schema_validator: [SchemaValidator] VALID    tilt_lever.dita
2026-05-15 06:28:25,874 [INFO] utils.dita_schema_validator: [SchemaValidator] WARNINGS tuning_in_a_station.dita — 2 issue(s)
2026-05-15 06:28:25,875 [INFO] utils.dita_schema_validator: [SchemaValidator] WARNINGS turning_the_unit_on_off.dita — 3 issue(s)
2026-05-15 06:28:25,875 [INFO] utils.dita_schema_validator: [SchemaValidator] VALID    upper_rear_wipers_and_washer_switch.dita
2026-05-15 06:28:25,875 [INFO] utils.dita_schema_validator: [SchemaValidator] VALID    usb_player.dita
2026-05-15 06:28:25,875 [INFO] utils.dita_schema_validator: [SchemaValidator] WARNINGS weight_scale_mode_option_hydraulic_type.dita — 2 issue(s)
2026-05-15 06:28:25,876 [INFO] utils.dita_schema_validator: [SchemaValidator] WARNINGS wired_remote_controller.dita — 1 issue(s)
2026-05-15 06:28:25,876 [INFO] utils.dita_schema_validator: [SchemaValidator] VALID    attachment_abbreviations_includes_special_forks.dita
2026-05-15 06:28:25,876 [INFO] utils.dita_schema_validator: [SchemaValidator] WARNINGS identification_lift_capacity_and_attachment_plate.dita — 1 issue(s)
2026-05-15 06:28:25,876 [INFO] utils.dita_schema_validator: [SchemaValidator] VALID    lift_truck_capacity_rating.dita
2026-05-15 06:28:25,876 [INFO] utils.dita_schema_validator: [SchemaValidator] VALID    mast_abbreviations.dita
2026-05-15 06:28:25,877 [INFO] utils.dita_schema_validator: [SchemaValidator] VALID    operator_s_warning_and_identification_plate.dita
2026-05-15 06:28:25,877 [INFO] utils.dita_schema_validator: [SchemaValidator] WARNINGS operator_s_warning_plate.dita — 1 issue(s)
2026-05-15 06:28:25,877 [INFO] utils.dita_schema_validator: [SchemaValidator] VALID    avoiding_lift_truck_tipover.dita
2026-05-15 06:28:25,877 [INFO] utils.dita_schema_validator: [SchemaValidator] VALID    batteries.dita
2026-05-15 06:28:25,877 [INFO] utils.dita_schema_validator: [SchemaValidator] VALID    before_operating_the_lift_truck.dita
2026-05-15 06:28:25,878 [INFO] utils.dita_schema_validator: [SchemaValidator] VALID    before_starting_the_lift_truck.dita
2026-05-15 06:28:25,878 [INFO] utils.dita_schema_validator: [SchemaValidator] VALID    burn_prevention.dita
2026-05-15 06:28:25,878 [INFO] utils.dita_schema_validator: [SchemaValidator] WARNINGS capacity_load_weight_and_load_centre.dita — 1 issue(s)
2026-05-15 06:28:25,878 [INFO] utils.dita_schema_validator: [SchemaValidator] WARNINGS centre_of_gravity_cg.dita — 1 issue(s)
2026-05-15 06:28:25,878 [INFO] utils.dita_schema_validator: [SchemaValidator] VALID    coolant.dita
2026-05-15 06:28:25,879 [INFO] utils.dita_schema_validator: [SchemaValidator] VALID    crushing_or_cutting_prevention.dita
2026-05-15 06:28:25,879 [INFO] utils.dita_schema_validator: [SchemaValidator] WARNINGS emergency_lowering_guide.dita — 1 issue(s)
2026-05-15 06:28:25,879 [INFO] utils.dita_schema_validator: [SchemaValidator] VALID    falling_objects_protective_structure_fops.dita
2026-05-15 06:28:25,879 [INFO] utils.dita_schema_validator: [SchemaValidator] WARNINGS fasten_the_seat_belt.dita — 1 issue(s)
2026-05-15 06:28:25,879 [INFO] utils.dita_schema_validator: [SchemaValidator] VALID    fire_extinguisher.dita
2026-05-15 06:28:25,880 [INFO] utils.dita_schema_validator: [SchemaValidator] VALID    fire_or_explosion_prevention.dita
2026-05-15 06:28:25,880 [INFO] utils.dita_schema_validator: [SchemaValidator] VALID    fluid_penetration.dita
2026-05-15 06:28:25,880 [INFO] utils.dita_schema_validator: [SchemaValidator] WARNINGS general_hazard_information.dita — 2 issue(s)
2026-05-15 06:28:25,881 [INFO] utils.dita_schema_validator: [SchemaValidator] WARNINGS general_warnings_to_operator.dita — 1 issue(s)
2026-05-15 06:28:25,881 [INFO] utils.dita_schema_validator: [SchemaValidator] WARNINGS hand_placement_warning.dita — 4 issue(s)
2026-05-15 06:28:25,881 [INFO] utils.dita_schema_validator: [SchemaValidator] WARNINGS how_to_survive_in_a_tipover.dita — 6 issue(s)
2026-05-15 06:28:25,881 [INFO] utils.dita_schema_validator: [SchemaValidator] WARNINGS inspection.dita — 3 issue(s)
2026-05-15 06:28:25,882 [INFO] utils.dita_schema_validator: [SchemaValidator] WARNINGS lift_truck_parking.dita — 1 issue(s)
2026-05-15 06:28:25,882 [INFO] utils.dita_schema_validator: [SchemaValidator] WARNINGS lift_truck_stability.dita — 1 issue(s)
2026-05-15 06:28:25,882 [INFO] utils.dita_schema_validator: [SchemaValidator] WARNINGS lift_truck_stability_base.dita — 1 issue(s)
2026-05-15 06:28:25,882 [INFO] utils.dita_schema_validator: [SchemaValidator] VALID    lines_tubes_and_hoses.dita
2026-05-15 06:28:25,883 [INFO] utils.dita_schema_validator: [SchemaValidator] VALID    loading_or_unloading_trucks_trailers.dita
2026-05-15 06:28:25,883 [INFO] utils.dita_schema_validator: [SchemaValidator] VALID    lpg.dita
2026-05-15 06:28:25,883 [INFO] utils.dita_schema_validator: [SchemaValidator] VALID    maintenance_information.dita
2026-05-15 06:28:25,883 [INFO] utils.dita_schema_validator: [SchemaValidator] VALID    mounting_and_dismounting.dita
2026-05-15 06:28:25,883 [INFO] utils.dita_schema_validator: [SchemaValidator] WARNINGS moving_fan_warning.dita — 1 issue(s)
2026-05-15 06:28:25,884 [INFO] utils.dita_schema_validator: [SchemaValidator] WARNINGS no_riders_warning.dita — 1 issue(s)
2026-05-15 06:28:25,884 [INFO] utils.dita_schema_validator: [SchemaValidator] VALID    oils.dita
2026-05-15 06:28:25,884 [INFO] utils.dita_schema_validator: [SchemaValidator] WARNINGS operating_the_lift_truck.dita — 2 issue(s)
2026-05-15 06:28:25,884 [INFO] utils.dita_schema_validator: [SchemaValidator] VALID    operation_information.dita
2026-05-15 06:28:25,884 [INFO] utils.dita_schema_validator: [SchemaValidator] VALID    operator_restraint_system.dita
2026-05-15 06:28:25,885 [INFO] utils.dita_schema_validator: [SchemaValidator] WARNINGS pressure_warning.dita — 1 issue(s)
2026-05-15 06:28:25,885 [INFO] utils.dita_schema_validator: [SchemaValidator] WARNINGS release_the_seat_belt.dita — 1 issue(s)
2026-05-15 06:28:25,885 [INFO] utils.dita_schema_validator: [SchemaValidator] VALID    safety.dita
2026-05-15 06:28:25,886 [INFO] utils.dita_schema_validator: [SchemaValidator] WARNINGS safety_rules.dita — 35 issue(s)
2026-05-15 06:28:25,886 [INFO] utils.dita_schema_validator: [SchemaValidator] WARNINGS seat_adjustment.dita — 7 issue(s)
2026-05-15 06:28:25,886 [INFO] utils.dita_schema_validator: [SchemaValidator] VALID    seat_belt.dita
2026-05-15 06:28:25,886 [INFO] utils.dita_schema_validator: [SchemaValidator] WARNINGS stability_and_centre_of_gravity.dita — 2 issue(s)
2026-05-15 06:28:25,887 [INFO] utils.dita_schema_validator: [SchemaValidator] WARNINGS starting_the_lift_truck.dita — 1 issue(s)
2026-05-15 06:28:25,887 [INFO] utils.dita_schema_validator: [SchemaValidator] WARNINGS tilting_cabin_operation_warning.dita — 2 issue(s)
2026-05-15 06:28:25,887 [INFO] utils.dita_schema_validator: [SchemaValidator] WARNINGS training_required_to_operate_or_service.dita — 2 issue(s)
2026-05-15 06:28:25,887 [INFO] utils.dita_schema_validator: [SchemaValidator] WARNINGS tyre_information.dita — 1 issue(s)
2026-05-15 06:28:25,887 [INFO] utils.dita_schema_validator: [SchemaValidator] VALID    tyre_warning.dita
2026-05-15 06:28:25,888 [INFO] utils.dita_schema_validator: [SchemaValidator] VALID    warning_signs_and_labels.dita
2026-05-15 06:28:25,888 [INFO] utils.dita_schema_validator: [SchemaValidator] WARNINGS warning_signs_and_labels_2.dita — 3 issue(s)
2026-05-15 06:28:25,888 [INFO] utils.dita_schema_validator: [SchemaValidator] WARNINGS air_suspension_seat_option_grammer.dita — 1 issue(s)
2026-05-15 06:28:25,888 [INFO] utils.dita_schema_validator: [SchemaValidator] WARNINGS circuit_breaker.dita — 1 issue(s)
2026-05-15 06:28:25,889 [INFO] utils.dita_schema_validator: [SchemaValidator] WARNINGS fuse_box.dita — 1 issue(s)
2026-05-15 06:28:25,889 [INFO] utils.dita_schema_validator: [SchemaValidator] VALID    seat.dita
2026-05-15 06:28:25,889 [INFO] utils.dita_schema_validator: [SchemaValidator] WARNINGS seat_adjustment_2.dita — 3 issue(s)
2026-05-15 06:28:25,889 [INFO] utils.dita_schema_validator: [SchemaValidator] WARNINGS seat_switch_system.dita — 1 issue(s)
2026-05-15 06:28:25,889 [INFO] utils.dita_schema_validator: [SchemaValidator] WARNINGS steering_column_tilting_angle_adjustment.dita — 1 issue(s)
2026-05-15 06:28:25,890 [INFO] utils.dita_schema_validator: [SchemaValidator] WARNINGS tow_eye.dita — 1 issue(s)
2026-05-15 06:28:25,890 [INFO] utils.dita_schema_validator: [SchemaValidator] VALID    serial_number.dita
2026-05-15 06:28:25,890 [INFO] utils.dita_schema_validator: [SchemaValidator] WARNINGS serial_number_locations.dita — 3 issue(s)
2026-05-15 06:28:25,891 [INFO] utils.dita_schema_validator: [SchemaValidator] WARNINGS specifications.dita — 1 issue(s)
2026-05-15 06:28:25,892 [INFO] utils.dita_schema_validator: [SchemaValidator] WARNINGS prestart_conditions.dita — 1 issue(s)
2026-05-15 06:28:25,892 [INFO] utils.dita_schema_validator: [SchemaValidator] VALID    starting_diesel_engine_at_cold.dita
2026-05-15 06:28:25,892 [INFO] utils.dita_schema_validator: [SchemaValidator] VALID    starting_diesel_engine_at_warm_mechanical_engine.dita
2026-05-15 06:28:25,892 [INFO] utils.dita_schema_validator: [SchemaValidator] WARNINGS starting_from_a_24_12_volt_external_source.dita — 1 issue(s)
2026-05-15 06:28:25,892 [INFO] utils.dita_schema_validator: [SchemaValidator] VALID    starting_the_engine.dita
2026-05-15 06:28:25,893 [INFO] utils.dita_schema_validator: [SchemaValidator] VALID    starting_with_jumper_cables.dita
2026-05-15 06:28:25,893 [INFO] utils.dita_schema_validator: [SchemaValidator] WARNINGS use_of_jumper_cables.dita — 1 issue(s)
2026-05-15 06:28:25,893 [INFO] utils.dita_schema_validator: [SchemaValidator] ── DONE ── schema_passed=True, valid=193/193
2026-05-15 06:28:25,893 [INFO] layers.layer5_final_validation: L5 DTD schema pass=True valid=193/193
2026-05-15 06:28:25,893 [INFO] pipeline.enrich_runner: [EnrichPipeline] Layer 5 — passed=True, accuracy=100%
2026-05-15 06:28:25,893 [INFO] pipeline.enrich_runner: [EnrichPipeline] ── Post-Enrichment Structural Validation ──
2026-05-15 06:28:25,893 [INFO] utils.structure_validator: [StructureValidator] Checking .ditamap topicref and mapref references
2026-05-15 06:28:25,918 [INFO] utils.structure_validator: [StructureValidator] Checking for duplicate id attributes
2026-05-15 06:28:25,943 [INFO] utils.structure_validator: [StructureValidator] Checking <xref> href targets
2026-05-15 06:28:25,966 [INFO] utils.structure_validator: [StructureValidator] Checking for spaces in filenames and folder names
2026-05-15 06:28:25,970 [INFO] utils.structure_validator: [StructureValidator] Running per-file DITA schema validation
2026-05-15 06:28:25,971 [WARNING] utils.structure_validator: [StructureValidator] WARNING [empty_body]: 'lift_truck_operation/lift_truck_operation.dita' — <conbody> exists but has no child elements or text content
2026-05-15 06:28:25,971 [WARNING] utils.structure_validator: [StructureValidator] WARNING [missing_shortdesc]: 'lift_truck_operation/lift_truck_operation.dita' — <shortdesc> element is missing — required for search previews and navigation
2026-05-15 06:28:25,972 [WARNING] utils.structure_validator: [StructureValidator] WARNING [image_missing_alt]: 'lift_truck_operation/moving_and_stopping_the_lift_truck.dita' — <image> #1 (href='../media/image783.png') has no alt text — required for accessibility
2026-05-15 06:28:25,972 [WARNING] utils.structure_validator: [StructureValidator] WARNING [image_missing_alt]: 'lift_truck_operation/moving_and_stopping_the_lift_truck.dita' — <image> #2 (href='../media/image756(1).png') has no alt text — required for accessibility
2026-05-15 06:28:25,972 [WARNING] utils.structure_validator: [StructureValidator] WARNING [image_missing_alt]: 'lift_truck_operation/steering_knob_if_equipped.dita' — <image> #1 (href='../media/image797.png') has no alt text — required for accessibility
2026-05-15 06:28:25,973 [WARNING] utils.structure_validator: [StructureValidator] WARNING [image_missing_alt]: 'lift_truck_operation/inching.dita' — <image> #1 (href='../media/image795.png') has no alt text — required for accessibility
2026-05-15 06:28:25,974 [WARNING] utils.structure_validator: [StructureValidator] WARNING [image_missing_alt]: 'lift_truck_controls/refueling.dita' — <image> #1 (href='../media/image736.png') has no alt text — required for accessibility
2026-05-15 06:28:25,974 [WARNING] utils.structure_validator: [StructureValidator] WARNING [image_missing_alt]: 'lift_truck_controls/refueling.dita' — <image> #2 (href='../media/image738.png') has no alt text — required for accessibility
2026-05-15 06:28:25,974 [WARNING] utils.structure_validator: [StructureValidator] WARNING [invalid_conbody_child]: 'lift_truck_controls/transmission_display.dita' — <conbody> contains unexpected element <info> — not standard in concept body
2026-05-15 06:28:25,975 [WARNING] utils.structure_validator: [StructureValidator] WARNING [image_missing_alt]: 'lift_truck_controls/transmission_display.dita' — <image> #1 (href='../media/image711.png') has no alt text — required for accessibility
2026-05-15 06:28:25,975 [WARNING] utils.structure_validator: [StructureValidator] WARNING [image_missing_alt]: 'lift_truck_controls/transmission_display.dita' — <image> #2 (href='../media/image712a.png') has no alt text — required for accessibility
2026-05-15 06:28:25,975 [WARNING] utils.structure_validator: [StructureValidator] WARNING [empty_body]: 'lift_truck_controls/cabin_tilting.dita' — <conbody> exists but has no child elements or text content
2026-05-15 06:28:25,975 [WARNING] utils.structure_validator: [StructureValidator] WARNING [missing_shortdesc]: 'lift_truck_controls/cabin_tilting.dita' — <shortdesc> element is missing — required for search previews and navigation
2026-05-15 06:28:25,975 [WARNING] utils.structure_validator: [StructureValidator] WARNING [empty_body]: 'lift_truck_controls/lift_truck_controls.dita' — <conbody> exists but has no child elements or text content
2026-05-15 06:28:25,976 [WARNING] utils.structure_validator: [StructureValidator] WARNING [missing_shortdesc]: 'lift_truck_controls/lift_truck_controls.dita' — <shortdesc> element is missing — required for search previews and navigation
2026-05-15 06:28:25,976 [WARNING] utils.structure_validator: [StructureValidator] WARNING [image_missing_alt]: 'lift_truck_controls/how_to_fill_the_hydraulic_oil.dita' — <image> #1 (href='../media/image724a.png') has no alt text — required for accessibility
2026-05-15 06:28:25,977 [WARNING] utils.structure_validator: [StructureValidator] WARNING [invalid_conbody_child]: 'lift_truck_controls/scr_cleaning_desox_switch.dita' — <conbody> contains unexpected element <info> — not standard in concept body
2026-05-15 06:28:25,977 [WARNING] utils.structure_validator: [StructureValidator] WARNING [invalid_conbody_child]: 'lift_truck_controls/scr_cleaning_desox_switch.dita' — <conbody> contains unexpected element <info> — not standard in concept body
2026-05-15 06:28:25,977 [WARNING] utils.structure_validator: [StructureValidator] WARNING [image_missing_alt]: 'lift_truck_controls/scr_cleaning_desox_switch.dita' — <image> #1 (href='../media/image713.png') has no alt text — required for accessibility
2026-05-15 06:28:25,977 [WARNING] utils.structure_validator: [StructureValidator] WARNING [image_missing_alt]: 'lift_truck_controls/scr_cleaning_desox_switch.dita' — <image> #2 (href='../media/image715.png') has no alt text — required for accessibility
2026-05-15 06:28:25,978 [WARNING] utils.structure_validator: [StructureValidator] WARNING [image_missing_alt]: 'lift_truck_controls/scr_cleaning_desox_switch.dita' — <image> #3 (href='../media/image725.png') has no alt text — required for accessibility
2026-05-15 06:28:25,978 [WARNING] utils.structure_validator: [StructureValidator] WARNING [image_missing_alt]: 'lift_truck_controls/scr_cleaning_desox_switch.dita' — <image> #4 (href='../media/image717.png') has no alt text — required for accessibility
2026-05-15 06:28:25,978 [WARNING] utils.structure_validator: [StructureValidator] WARNING [image_missing_alt]: 'lift_truck_controls/scr_cleaning_desox_switch.dita' — <image> #5 (href='../media/image718.png') has no alt text — required for accessibility
2026-05-15 06:28:25,978 [WARNING] utils.structure_validator: [StructureValidator] WARNING [image_missing_alt]: 'lift_truck_controls/scr_cleaning_desox_switch.dita' — <image> #6 (href='../media/image719.png') has no alt text — required for accessibility
2026-05-15 06:28:25,978 [WARNING] utils.structure_validator: [StructureValidator] WARNING [image_missing_alt]: 'lift_truck_controls/scr_cleaning_desox_switch.dita' — <image> #7 (href='../media/image720.png') has no alt text — required for accessibility
2026-05-15 06:28:25,978 [WARNING] utils.structure_validator: [StructureValidator] WARNING [missing_shortdesc]: 'lift_truck_controls/scr_cleaning_desox_switch.dita' — <shortdesc> element is missing — required for search previews and navigation
2026-05-15 06:28:25,979 [WARNING] utils.structure_validator: [StructureValidator] WARNING [image_missing_alt]: 'lift_truck_controls/def_ad_blue_replenishment.dita' — <image> #1 (href='../media/image740.png') has no alt text — required for accessibility
2026-05-15 06:28:25,979 [WARNING] utils.structure_validator: [StructureValidator] WARNING [image_missing_alt]: 'lift_truck_controls/def_ad_blue_replenishment.dita' — <image> #2 (href='../media/image742.png') has no alt text — required for accessibility
2026-05-15 06:28:25,980 [WARNING] utils.structure_validator: [StructureValidator] WARNING [image_missing_alt]: 'lift_truck_controls/direction_control_lever.dita' — <image> #1 (href='../media/image710.png') has no alt text — required for accessibility
2026-05-15 06:28:25,980 [WARNING] utils.structure_validator: [StructureValidator] WARNING [image_missing_alt]: 'lift_truck_controls/location_of_power_pack.dita' — <image> #1 (href='../media/image731.png') has no alt text — required for accessibility
2026-05-15 06:28:25,981 [WARNING] utils.structure_validator: [StructureValidator] WARNING [invalid_conbody_child]: 'lift_truck_controls/how_to_operate_the_power_pack_for_manual_tilting.dita' — <conbody> contains unexpected element <steps-informal> — not standard in concept body
2026-05-15 06:28:25,981 [WARNING] utils.structure_validator: [StructureValidator] WARNING [image_missing_alt]: 'lift_truck_controls/how_to_operate_the_power_pack_for_manual_tilting.dita' — <image> #1 (href='../media/image722a.png') has no alt text — required for accessibility
2026-05-15 06:28:25,981 [WARNING] utils.structure_validator: [StructureValidator] WARNING [image_missing_alt]: 'lift_truck_controls/how_to_operate_the_power_pack_for_manual_tilting.dita' — <image> #2 (href='../media/image723a.png') has no alt text — required for accessibility
2026-05-15 06:28:25,981 [WARNING] utils.structure_validator: [StructureValidator] WARNING [missing_steps]: 'safety/maintenance_information.dita' — <taskbody> has no <steps> or <steps-unordered> element
2026-05-15 06:28:25,982 [WARNING] utils.structure_validator: [StructureValidator] WARNING [image_missing_alt]: 'safety/stability_and_centre_of_gravity.dita' — <image> #1 (href='../media/image42.png') has no alt text — required for accessibility
2026-05-15 06:28:25,982 [WARNING] utils.structure_validator: [StructureValidator] WARNING [image_missing_alt]: 'safety/stability_and_centre_of_gravity.dita' — <image> #2 (href='../media/image43.png') has no alt text — required for accessibility
2026-05-15 06:28:25,983 [WARNING] utils.structure_validator: [StructureValidator] WARNING [invalid_conbody_child]: 'safety/tyre_information.dita' — <conbody> contains unexpected element <steps-informal> — not standard in concept body
2026-05-15 06:28:25,983 [WARNING] utils.structure_validator: [StructureValidator] WARNING [image_missing_alt]: 'safety/tyre_information.dita' — <image> #1 (href='../media/image21.png') has no alt text — required for accessibility
2026-05-15 06:28:25,983 [WARNING] utils.structure_validator: [StructureValidator] WARNING [invalid_conbody_child]: 'safety/fasten_the_seat_belt.dita' — <conbody> contains unexpected element <info> — not standard in concept body
2026-05-15 06:28:25,984 [WARNING] utils.structure_validator: [StructureValidator] WARNING [image_missing_alt]: 'safety/fasten_the_seat_belt.dita' — <image> #1 (href='../media/image36.png') has no alt text — required for accessibility
2026-05-15 06:28:25,984 [WARNING] utils.structure_validator: [StructureValidator] WARNING [image_missing_alt]: 'safety/centre_of_gravity_cg.dita' — <image> #1 (href='../media/image41.png') has no alt text — required for accessibility
2026-05-15 06:28:25,985 [WARNING] utils.structure_validator: [StructureValidator] WARNING [invalid_conbody_child]: 'safety/warning_signs_and_labels_2.dita' — <conbody> contains unexpected element <steps-informal> — not standard in concept body
2026-05-15 06:28:25,985 [WARNING] utils.structure_validator: [StructureValidator] WARNING [image_missing_alt]: 'safety/warning_signs_and_labels_2.dita' — <image> #1 (href='../media/image22.png') has no alt text — required for accessibility
2026-05-15 06:28:25,985 [WARNING] utils.structure_validator: [StructureValidator] WARNING [image_missing_alt]: 'safety/warning_signs_and_labels_2.dita' — <image> #2 (href='../media/image23.png') has no alt text — required for accessibility
2026-05-15 06:28:25,985 [WARNING] utils.structure_validator: [StructureValidator] WARNING [image_missing_alt]: 'safety/warning_signs_and_labels_2.dita' — <image> #3 (href='../media/image24.png') has no alt text — required for accessibility
2026-05-15 06:28:25,986 [WARNING] utils.structure_validator: [StructureValidator] WARNING [image_missing_alt]: 'safety/moving_fan_warning.dita' — <image> #1 (href='../media/image11.png') has no alt text — required for accessibility
2026-05-15 06:28:25,987 [WARNING] utils.structure_validator: [StructureValidator] WARNING [image_missing_alt]: 'safety/lift_truck_stability_base.dita' — <image> #1 (href='../media/image44.png') has no alt text — required for accessibility
2026-05-15 06:28:25,987 [WARNING] utils.structure_validator: [StructureValidator] WARNING [invalid_conbody_child]: 'safety/capacity_load_weight_and_load_centre.dita' — <conbody> contains unexpected element <info> — not standard in concept body
2026-05-15 06:28:25,988 [WARNING] utils.structure_validator: [StructureValidator] WARNING [image_missing_alt]: 'safety/capacity_load_weight_and_load_centre.dita' — <image> #1 (href='../media/image45.png') has no alt text — required for accessibility
2026-05-15 06:28:25,989 [WARNING] utils.structure_validator: [StructureValidator] WARNING [invalid_conbody_child]: 'safety/inspection.dita' — <conbody> contains unexpected element <info> — not standard in concept body
2026-05-15 06:28:25,989 [WARNING] utils.structure_validator: [StructureValidator] WARNING [image_missing_alt]: 'safety/inspection.dita' — <image> #1 (href='../media/image46.png') has no alt text — required for accessibility
2026-05-15 06:28:25,989 [WARNING] utils.structure_validator: [StructureValidator] WARNING [image_missing_alt]: 'safety/inspection.dita' — <image> #2 (href='../media/image34.png') has no alt text — required for accessibility
2026-05-15 06:28:25,989 [WARNING] utils.structure_validator: [StructureValidator] WARNING [image_missing_alt]: 'safety/inspection.dita' — <image> #3 (href='../media/image35.png') has no alt text — required for accessibility
2026-05-15 06:28:25,990 [WARNING] utils.structure_validator: [StructureValidator] WARNING [missing_steps]: 'safety/lift_truck_parking.dita' — <taskbody> has no <steps> or <steps-unordered> element
2026-05-15 06:28:25,990 [WARNING] utils.structure_validator: [StructureValidator] WARNING [image_missing_alt]: 'safety/lift_truck_parking.dita' — <image> #1 (href='../media/image31.png') has no alt text — required for accessibility
2026-05-15 06:28:25,991 [WARNING] utils.structure_validator: [StructureValidator] WARNING [image_missing_alt]: 'safety/seat_adjustment.dita' — <image> #1 (href='../media/image37.png') has no alt text — required for accessibility
2026-05-15 06:28:25,991 [WARNING] utils.structure_validator: [StructureValidator] WARNING [image_missing_alt]: 'safety/seat_adjustment.dita' — <image> #2 (href='../media/image26.png') has no alt text — required for accessibility
2026-05-15 06:28:25,991 [WARNING] utils.structure_validator: [StructureValidator] WARNING [image_missing_alt]: 'safety/seat_adjustment.dita' — <image> #3 (href='../media/image40.png') has no alt text — required for accessibility
2026-05-15 06:28:25,991 [WARNING] utils.structure_validator: [StructureValidator] WARNING [image_missing_alt]: 'safety/seat_adjustment.dita' — <image> #4 (href='../media/image28.png') has no alt text — required for accessibility
2026-05-15 06:28:25,991 [WARNING] utils.structure_validator: [StructureValidator] WARNING [image_missing_alt]: 'safety/seat_adjustment.dita' — <image> #5 (href='../media/image29.png') has no alt text — required for accessibility
2026-05-15 06:28:25,991 [WARNING] utils.structure_validator: [StructureValidator] WARNING [image_missing_alt]: 'safety/seat_adjustment.dita' — <image> #6 (href='../media/image30.png') has no alt text — required for accessibility
2026-05-15 06:28:25,991 [WARNING] utils.structure_validator: [StructureValidator] WARNING [image_missing_alt]: 'safety/seat_adjustment.dita' — <image> #7 (href='../media/image32.png') has no alt text — required for accessibility
2026-05-15 06:28:25,992 [WARNING] utils.structure_validator: [StructureValidator] WARNING [empty_body]: 'safety/avoiding_lift_truck_tipover.dita' — <conbody> exists but has no child elements or text content
2026-05-15 06:28:25,992 [WARNING] utils.structure_validator: [StructureValidator] WARNING [missing_shortdesc]: 'safety/avoiding_lift_truck_tipover.dita' — <shortdesc> element is missing — required for search previews and navigation
2026-05-15 06:28:25,992 [WARNING] utils.structure_validator: [StructureValidator] WARNING [image_missing_alt]: 'safety/release_the_seat_belt.dita' — <image> #1 (href='../media/image38.png') has no alt text — required for accessibility
2026-05-15 06:28:25,993 [WARNING] utils.structure_validator: [StructureValidator] WARNING [empty_body]: 'safety/burn_prevention.dita' — <conbody> exists but has no child elements or text content
2026-05-15 06:28:25,993 [WARNING] utils.structure_validator: [StructureValidator] WARNING [missing_shortdesc]: 'safety/burn_prevention.dita' — <shortdesc> element is missing — required for search previews and navigation
2026-05-15 06:28:25,994 [WARNING] utils.structure_validator: [StructureValidator] WARNING [image_missing_alt]: 'safety/hand_placement_warning.dita' — <image> #1 (href='../media/image6.png') has no alt text — required for accessibility
2026-05-15 06:28:25,994 [WARNING] utils.structure_validator: [StructureValidator] WARNING [image_missing_alt]: 'safety/hand_placement_warning.dita' — <image> #2 (href='../media/image7.png') has no alt text — required for accessibility
2026-05-15 06:28:25,994 [WARNING] utils.structure_validator: [StructureValidator] WARNING [image_missing_alt]: 'safety/hand_placement_warning.dita' — <image> #3 (href='../media/image8.png') has no alt text — required for accessibility
2026-05-15 06:28:25,994 [WARNING] utils.structure_validator: [StructureValidator] WARNING [image_missing_alt]: 'safety/hand_placement_warning.dita' — <image> #4 (href='../media/image17.png') has no alt text — required for accessibility
2026-05-15 06:28:25,995 [WARNING] utils.structure_validator: [StructureValidator] WARNING [empty_body]: 'safety/operation_information.dita' — <conbody> exists but has no child elements or text content
2026-05-15 06:28:25,995 [WARNING] utils.structure_validator: [StructureValidator] WARNING [missing_shortdesc]: 'safety/operation_information.dita' — <shortdesc> element is missing — required for search previews and navigation
2026-05-15 06:28:25,995 [WARNING] utils.structure_validator: [StructureValidator] WARNING [image_missing_alt]: 'safety/no_riders_warning.dita' — <image> #1 (href='../media/image197.png') has no alt text — required for accessibility
2026-05-15 06:28:25,997 [WARNING] utils.structure_validator: [StructureValidator] WARNING [image_missing_alt]: 'safety/pressure_warning.dita' — <image> #1 (href='../media/image5.png') has no alt text — required for accessibility
2026-05-15 06:28:25,997 [WARNING] utils.structure_validator: [StructureValidator] WARNING [image_missing_alt]: 'safety/general_hazard_information.dita' — <image> #1 (href='../media/image14.png') has no alt text — required for accessibility
2026-05-15 06:28:25,998 [WARNING] utils.structure_validator: [StructureValidator] WARNING [image_missing_alt]: 'safety/general_hazard_information.dita' — <image> #2 (href='../media/image15.png') has no alt text — required for accessibility
2026-05-15 06:28:25,998 [WARNING] utils.structure_validator: [StructureValidator] WARNING [step_empty_cmd]: 'safety/general_warnings_to_operator.dita' — step 1 has an empty <cmd> element
2026-05-15 06:28:25,998 [WARNING] utils.structure_validator: [StructureValidator] WARNING [step_empty_cmd]: 'safety/general_warnings_to_operator.dita' — step 2 has an empty <cmd> element
2026-05-15 06:28:25,998 [WARNING] utils.structure_validator: [StructureValidator] WARNING [step_empty_cmd]: 'safety/general_warnings_to_operator.dita' — step 3 has an empty <cmd> element
2026-05-15 06:28:25,999 [WARNING] utils.structure_validator: [StructureValidator] WARNING [step_empty_cmd]: 'safety/general_warnings_to_operator.dita' — step 4 has an empty <cmd> element
2026-05-15 06:28:25,999 [WARNING] utils.structure_validator: [StructureValidator] WARNING [step_empty_cmd]: 'safety/general_warnings_to_operator.dita' — step 5 has an empty <cmd> element
2026-05-15 06:28:25,999 [WARNING] utils.structure_validator: [StructureValidator] WARNING [step_empty_cmd]: 'safety/general_warnings_to_operator.dita' — step 6 has an empty <cmd> element
2026-05-15 06:28:25,999 [WARNING] utils.structure_validator: [StructureValidator] WARNING [step_empty_cmd]: 'safety/general_warnings_to_operator.dita' — step 7 has an empty <cmd> element
2026-05-15 06:28:25,999 [WARNING] utils.structure_validator: [StructureValidator] WARNING [step_empty_cmd]: 'safety/general_warnings_to_operator.dita' — step 8 has an empty <cmd> element
2026-05-15 06:28:25,999 [WARNING] utils.structure_validator: [StructureValidator] WARNING [step_empty_cmd]: 'safety/general_warnings_to_operator.dita' — step 9 has an empty <cmd> element
2026-05-15 06:28:25,999 [WARNING] utils.structure_validator: [StructureValidator] WARNING [step_empty_cmd]: 'safety/general_warnings_to_operator.dita' — step 10 has an empty <cmd> element
2026-05-15 06:28:25,999 [WARNING] utils.structure_validator: [StructureValidator] WARNING [step_empty_cmd]: 'safety/general_warnings_to_operator.dita' — step 11 has an empty <cmd> element
2026-05-15 06:28:25,999 [WARNING] utils.structure_validator: [StructureValidator] WARNING [step_empty_cmd]: 'safety/general_warnings_to_operator.dita' — step 12 has an empty <cmd> element
2026-05-15 06:28:25,999 [WARNING] utils.structure_validator: [StructureValidator] WARNING [step_empty_cmd]: 'safety/general_warnings_to_operator.dita' — step 13 has an empty <cmd> element
2026-05-15 06:28:25,999 [WARNING] utils.structure_validator: [StructureValidator] WARNING [step_empty_cmd]: 'safety/general_warnings_to_operator.dita' — step 14 has an empty <cmd> element
2026-05-15 06:28:25,999 [WARNING] utils.structure_validator: [StructureValidator] WARNING [step_empty_cmd]: 'safety/general_warnings_to_operator.dita' — step 15 has an empty <cmd> element
2026-05-15 06:28:25,999 [WARNING] utils.structure_validator: [StructureValidator] WARNING [step_empty_cmd]: 'safety/general_warnings_to_operator.dita' — step 16 has an empty <cmd> element
2026-05-15 06:28:25,999 [WARNING] utils.structure_validator: [StructureValidator] WARNING [step_empty_cmd]: 'safety/general_warnings_to_operator.dita' — step 17 has an empty <cmd> element
2026-05-15 06:28:26,000 [WARNING] utils.structure_validator: [StructureValidator] WARNING [step_empty_cmd]: 'safety/general_warnings_to_operator.dita' — step 18 has an empty <cmd> element
2026-05-15 06:28:26,000 [WARNING] utils.structure_validator: [StructureValidator] WARNING [step_empty_cmd]: 'safety/general_warnings_to_operator.dita' — step 19 has an empty <cmd> element
2026-05-15 06:28:26,000 [WARNING] utils.structure_validator: [StructureValidator] WARNING [step_empty_cmd]: 'safety/general_warnings_to_operator.dita' — step 20 has an empty <cmd> element
2026-05-15 06:28:26,000 [WARNING] utils.structure_validator: [StructureValidator] WARNING [image_missing_alt]: 'safety/general_warnings_to_operator.dita' — <image> #1 (href='../media/image4.png') has no alt text — required for accessibility
2026-05-15 06:28:26,000 [WARNING] utils.structure_validator: [StructureValidator] WARNING [image_missing_alt]: 'safety/tilting_cabin_operation_warning.dita' — <image> #1 (href='../media/image226.png') has no alt text — required for accessibility
2026-05-15 06:28:26,000 [WARNING] utils.structure_validator: [StructureValidator] WARNING [image_missing_alt]: 'safety/tilting_cabin_operation_warning.dita' — <image> #2 (href='../media/image2410.png') has no alt text — required for accessibility
2026-05-15 06:28:26,001 [WARNING] utils.structure_validator: [StructureValidator] WARNING [empty_body]: 'safety/operator_restraint_system.dita' — <conbody> exists but has no child elements or text content
2026-05-15 06:28:26,001 [WARNING] utils.structure_validator: [StructureValidator] WARNING [missing_shortdesc]: 'safety/operator_restraint_system.dita' — <shortdesc> element is missing — required for search previews and navigation
2026-05-15 06:28:26,001 [WARNING] utils.structure_validator: [StructureValidator] WARNING [image_missing_alt]: 'safety/lift_truck_stability.dita' — <image> #1 (href='../media/image39.png') has no alt text — required for accessibility
2026-05-15 06:28:26,002 [WARNING] utils.structure_validator: [StructureValidator] WARNING [image_missing_alt]: 'safety/training_required_to_operate_or_service.dita' — <image> #1 (href='../media/image2.png') has no alt text — required for accessibility
2026-05-15 06:28:26,002 [WARNING] utils.structure_validator: [StructureValidator] WARNING [image_missing_alt]: 'safety/training_required_to_operate_or_service.dita' — <image> #2 (href='../media/image3.png') has no alt text — required for accessibility
2026-05-15 06:28:26,003 [WARNING] utils.structure_validator: [StructureValidator] WARNING [invalid_conbody_child]: 'safety/how_to_survive_in_a_tipover.dita' — <conbody> contains unexpected element <steps-informal> — not standard in concept body
2026-05-15 06:28:26,003 [WARNING] utils.structure_validator: [StructureValidator] WARNING [image_missing_alt]: 'safety/how_to_survive_in_a_tipover.dita' — <image> #1 (href='../media/image84.png') has no alt text — required for accessibility
2026-05-15 06:28:26,004 [WARNING] utils.structure_validator: [StructureValidator] WARNING [image_missing_alt]: 'safety/how_to_survive_in_a_tipover.dita' — <image> #2 (href='../media/image85.png') has no alt text — required for accessibility
2026-05-15 06:28:26,004 [WARNING] utils.structure_validator: [StructureValidator] WARNING [image_missing_alt]: 'safety/how_to_survive_in_a_tipover.dita' — <image> #3 (href='../media/image86.png') has no alt text — required for accessibility
2026-05-15 06:28:26,004 [WARNING] utils.structure_validator: [StructureValidator] WARNING [image_missing_alt]: 'safety/how_to_survive_in_a_tipover.dita' — <image> #4 (href='../media/image87.png') has no alt text — required for accessibility
2026-05-15 06:28:26,004 [WARNING] utils.structure_validator: [StructureValidator] WARNING [image_missing_alt]: 'safety/how_to_survive_in_a_tipover.dita' — <image> #5 (href='../media/image88.png') has no alt text — required for accessibility
2026-05-15 06:28:26,004 [WARNING] utils.structure_validator: [StructureValidator] WARNING [image_missing_alt]: 'safety/how_to_survive_in_a_tipover.dita' — <image> #6 (href='../media/image89.png') has no alt text — required for accessibility
2026-05-15 06:28:26,007 [WARNING] utils.structure_validator: [StructureValidator] WARNING [invalid_conbody_child]: 'safety/safety_rules.dita' — <conbody> contains unexpected element <steps-informal> — not standard in concept body
2026-05-15 06:28:26,007 [WARNING] utils.structure_validator: [StructureValidator] WARNING [image_missing_alt]: 'safety/safety_rules.dita' — <image> #1 (href='../media/image48.png') has no alt text — required for accessibility
2026-05-15 06:28:26,007 [WARNING] utils.structure_validator: [StructureValidator] WARNING [image_missing_alt]: 'safety/safety_rules.dita' — <image> #2 (href='../media/image49.png') has no alt text — required for accessibility
2026-05-15 06:28:26,007 [WARNING] utils.structure_validator: [StructureValidator] WARNING [image_missing_alt]: 'safety/safety_rules.dita' — <image> #3 (href='../media/image50.png') has no alt text — required for accessibility
2026-05-15 06:28:26,007 [WARNING] utils.structure_validator: [StructureValidator] WARNING [image_missing_alt]: 'safety/safety_rules.dita' — <image> #4 (href='../media/image62.png') has no alt text — required for accessibility
2026-05-15 06:28:26,007 [WARNING] utils.structure_validator: [StructureValidator] WARNING [image_missing_alt]: 'safety/safety_rules.dita' — <image> #5 (href='../media/image52.png') has no alt text — required for accessibility
2026-05-15 06:28:26,007 [WARNING] utils.structure_validator: [StructureValidator] WARNING [image_missing_alt]: 'safety/safety_rules.dita' — <image> #6 (href='../media/image53.png') has no alt text — required for accessibility
2026-05-15 06:28:26,008 [WARNING] utils.structure_validator: [StructureValidator] WARNING [image_missing_alt]: 'safety/safety_rules.dita' — <image> #7 (href='../media/image54.png') has no alt text — required for accessibility
2026-05-15 06:28:26,008 [WARNING] utils.structure_validator: [StructureValidator] WARNING [image_missing_alt]: 'safety/safety_rules.dita' — <image> #8 (href='../media/image55.png') has no alt text — required for accessibility
2026-05-15 06:28:26,008 [WARNING] utils.structure_validator: [StructureValidator] WARNING [image_missing_alt]: 'safety/safety_rules.dita' — <image> #9 (href='../media/image56.png') has no alt text — required for accessibility
2026-05-15 06:28:26,008 [WARNING] utils.structure_validator: [StructureValidator] WARNING [image_missing_alt]: 'safety/safety_rules.dita' — <image> #10 (href='../media/image57.png') has no alt text — required for accessibility
2026-05-15 06:28:26,008 [WARNING] utils.structure_validator: [StructureValidator] WARNING [image_missing_alt]: 'safety/safety_rules.dita' — <image> #11 (href='../media/image58.png') has no alt text — required for accessibility
2026-05-15 06:28:26,008 [WARNING] utils.structure_validator: [StructureValidator] WARNING [image_missing_alt]: 'safety/safety_rules.dita' — <image> #12 (href='../media/image59.png') has no alt text — required for accessibility
2026-05-15 06:28:26,008 [WARNING] utils.structure_validator: [StructureValidator] WARNING [image_missing_alt]: 'safety/safety_rules.dita' — <image> #13 (href='../media/image60.png') has no alt text — required for accessibility
2026-05-15 06:28:26,008 [WARNING] utils.structure_validator: [StructureValidator] WARNING [image_missing_alt]: 'safety/safety_rules.dita' — <image> #14 (href='../media/image61.png') has no alt text — required for accessibility
2026-05-15 06:28:26,008 [WARNING] utils.structure_validator: [StructureValidator] WARNING [image_missing_alt]: 'safety/safety_rules.dita' — <image> #15 (href='../media/image63.png') has no alt text — required for accessibility
2026-05-15 06:28:26,008 [WARNING] utils.structure_validator: [StructureValidator] WARNING [image_missing_alt]: 'safety/safety_rules.dita' — <image> #16 (href='../media/image64.png') has no alt text — required for accessibility
2026-05-15 06:28:26,008 [WARNING] utils.structure_validator: [StructureValidator] WARNING [image_missing_alt]: 'safety/safety_rules.dita' — <image> #17 (href='../media/image65.png') has no alt text — required for accessibility
2026-05-15 06:28:26,008 [WARNING] utils.structure_validator: [StructureValidator] WARNING [image_missing_alt]: 'safety/safety_rules.dita' — <image> #18 (href='../media/image66.png') has no alt text — required for accessibility
2026-05-15 06:28:26,008 [WARNING] utils.structure_validator: [StructureValidator] WARNING [image_missing_alt]: 'safety/safety_rules.dita' — <image> #19 (href='../media/image67.png') has no alt text — required for accessibility
2026-05-15 06:28:26,008 [WARNING] utils.structure_validator: [StructureValidator] WARNING [image_missing_alt]: 'safety/safety_rules.dita' — <image> #20 (href='../media/image68.png') has no alt text — required for accessibility
2026-05-15 06:28:26,008 [WARNING] utils.structure_validator: [StructureValidator] WARNING [image_missing_alt]: 'safety/safety_rules.dita' — <image> #21 (href='../media/image69.png') has no alt text — required for accessibility
2026-05-15 06:28:26,009 [WARNING] utils.structure_validator: [StructureValidator] WARNING [image_missing_alt]: 'safety/safety_rules.dita' — <image> #22 (href='../media/image70.png') has no alt text — required for accessibility
2026-05-15 06:28:26,009 [WARNING] utils.structure_validator: [StructureValidator] WARNING [image_missing_alt]: 'safety/safety_rules.dita' — <image> #23 (href='../media/image71.png') has no alt text — required for accessibility
2026-05-15 06:28:26,009 [WARNING] utils.structure_validator: [StructureValidator] WARNING [image_missing_alt]: 'safety/safety_rules.dita' — <image> #24 (href='../media/image72.png') has no alt text — required for accessibility
2026-05-15 06:28:26,009 [WARNING] utils.structure_validator: [StructureValidator] WARNING [image_missing_alt]: 'safety/safety_rules.dita' — <image> #25 (href='../media/image73.png') has no alt text — required for accessibility
2026-05-15 06:28:26,009 [WARNING] utils.structure_validator: [StructureValidator] WARNING [image_missing_alt]: 'safety/safety_rules.dita' — <image> #26 (href='../media/image74.png') has no alt text — required for accessibility
2026-05-15 06:28:26,009 [WARNING] utils.structure_validator: [StructureValidator] WARNING [image_missing_alt]: 'safety/safety_rules.dita' — <image> #27 (href='../media/image75.png') has no alt text — required for accessibility
2026-05-15 06:28:26,009 [WARNING] utils.structure_validator: [StructureValidator] WARNING [image_missing_alt]: 'safety/safety_rules.dita' — <image> #28 (href='../media/image76.png') has no alt text — required for accessibility
2026-05-15 06:28:26,009 [WARNING] utils.structure_validator: [StructureValidator] WARNING [image_missing_alt]: 'safety/safety_rules.dita' — <image> #29 (href='../media/image77.png') has no alt text — required for accessibility
2026-05-15 06:28:26,009 [WARNING] utils.structure_validator: [StructureValidator] WARNING [image_missing_alt]: 'safety/safety_rules.dita' — <image> #30 (href='../media/image78.png') has no alt text — required for accessibility
2026-05-15 06:28:26,009 [WARNING] utils.structure_validator: [StructureValidator] WARNING [image_missing_alt]: 'safety/safety_rules.dita' — <image> #31 (href='../media/image79.png') has no alt text — required for accessibility
2026-05-15 06:28:26,009 [WARNING] utils.structure_validator: [StructureValidator] WARNING [image_missing_alt]: 'safety/safety_rules.dita' — <image> #32 (href='../media/image93.png') has no alt text — required for accessibility
2026-05-15 06:28:26,009 [WARNING] utils.structure_validator: [StructureValidator] WARNING [image_missing_alt]: 'safety/safety_rules.dita' — <image> #33 (href='../media/image92.png') has no alt text — required for accessibility
2026-05-15 06:28:26,009 [WARNING] utils.structure_validator: [StructureValidator] WARNING [image_missing_alt]: 'safety/safety_rules.dita' — <image> #34 (href='../media/image95.png') has no alt text — required for accessibility
2026-05-15 06:28:26,009 [WARNING] utils.structure_validator: [StructureValidator] WARNING [image_missing_alt]: 'safety/safety_rules.dita' — <image> #35 (href='../media/image83.png') has no alt text — required for accessibility
2026-05-15 06:28:26,010 [WARNING] utils.structure_validator: [StructureValidator] WARNING [missing_steps]: 'safety/starting_the_lift_truck.dita' — <taskbody> has no <steps> or <steps-unordered> element
2026-05-15 06:28:26,010 [WARNING] utils.structure_validator: [StructureValidator] WARNING [image_missing_alt]: 'safety/starting_the_lift_truck.dita' — <image> #1 (href='../media/image16.png') has no alt text — required for accessibility
2026-05-15 06:28:26,011 [WARNING] utils.structure_validator: [StructureValidator] WARNING [image_missing_alt]: 'safety/emergency_lowering_guide.dita' — <image> #1 (href='../media/image47.png') has no alt text — required for accessibility
2026-05-15 06:28:26,011 [WARNING] utils.structure_validator: [StructureValidator] WARNING [image_missing_alt]: 'safety/operating_the_lift_truck.dita' — <image> #1 (href='../media/image18.png') has no alt text — required for accessibility
2026-05-15 06:28:26,012 [WARNING] utils.structure_validator: [StructureValidator] WARNING [image_missing_alt]: 'safety/operating_the_lift_truck.dita' — <image> #2 (href='../media/image19.png') has no alt text — required for accessibility
2026-05-15 06:28:26,012 [WARNING] utils.structure_validator: [StructureValidator] WARNING [image_missing_alt]: 'starting_the_engine/prestart_conditions.dita' — <image> #1 (href='../media/image756a.png') has no alt text — required for accessibility
2026-05-15 06:28:26,013 [WARNING] utils.structure_validator: [StructureValidator] WARNING [empty_body]: 'starting_the_engine/starting_the_engine.dita' — <conbody> exists but has no child elements or text content
2026-05-15 06:28:26,013 [WARNING] utils.structure_validator: [StructureValidator] WARNING [missing_shortdesc]: 'starting_the_engine/starting_the_engine.dita' — <shortdesc> element is missing — required for search previews and navigation
2026-05-15 06:28:26,014 [WARNING] utils.structure_validator: [StructureValidator] WARNING [missing_steps]: 'starting_the_engine/starting_from_a_24_12_volt_external_source.dita' — <taskbody> has no <steps> or <steps-unordered> element
2026-05-15 06:28:26,014 [WARNING] utils.structure_validator: [StructureValidator] WARNING [image_missing_alt]: 'starting_the_engine/starting_from_a_24_12_volt_external_source.dita' — <image> #1 (href='../media/image759.png') has no alt text — required for accessibility
2026-05-15 06:28:26,014 [WARNING] utils.structure_validator: [StructureValidator] WARNING [image_missing_alt]: 'starting_the_engine/use_of_jumper_cables.dita' — <image> #1 (href='../media/image745a.png') has no alt text — required for accessibility
2026-05-15 06:28:26,015 [WARNING] utils.structure_validator: [StructureValidator] WARNING [empty_body]: 'noise_and_vibration/noise_and_vibration.dita' — <conbody> exists but has no child elements or text content
2026-05-15 06:28:26,015 [WARNING] utils.structure_validator: [StructureValidator] WARNING [missing_shortdesc]: 'noise_and_vibration/noise_and_vibration.dita' — <shortdesc> element is missing — required for search previews and navigation
2026-05-15 06:28:26,016 [WARNING] utils.structure_validator: [StructureValidator] WARNING [missing_steps]: 'noise_and_vibration/noise.dita' — <taskbody> has no <steps> or <steps-unordered> element
2026-05-15 06:28:26,016 [WARNING] utils.structure_validator: [StructureValidator] WARNING [table_col_mismatch]: 'noise_and_vibration/noise.dita' — table 1 row has 2 entries but cols=7
2026-05-15 06:28:26,016 [WARNING] utils.structure_validator: [StructureValidator] WARNING [table_col_mismatch]: 'noise_and_vibration/noise.dita' — table 1 row has 3 entries but cols=7
2026-05-15 06:28:26,016 [WARNING] utils.structure_validator: [StructureValidator] WARNING [table_col_mismatch]: 'noise_and_vibration/noise.dita' — table 1 row has 4 entries but cols=7
2026-05-15 06:28:26,016 [WARNING] utils.structure_validator: [StructureValidator] WARNING [table_col_mismatch]: 'noise_and_vibration/noise.dita' — table 1 row has 6 entries but cols=7
2026-05-15 06:28:26,016 [WARNING] utils.structure_validator: [StructureValidator] WARNING [table_missing_title]: 'noise_and_vibration/noise.dita' — <table> #1 has no <title> element — required for accessibility and DITA compliance
2026-05-15 06:28:26,017 [WARNING] utils.structure_validator: [StructureValidator] WARNING [missing_steps]: 'noise_and_vibration/vibration_weighted_overall_value.dita' — <taskbody> has no <steps> or <steps-unordered> element
2026-05-15 06:28:26,017 [WARNING] utils.structure_validator: [StructureValidator] WARNING [table_col_mismatch]: 'noise_and_vibration/vibration_weighted_overall_value.dita' — table 1 row has 2 entries but cols=4
2026-05-15 06:28:26,017 [WARNING] utils.structure_validator: [StructureValidator] WARNING [table_col_mismatch]: 'noise_and_vibration/vibration_weighted_overall_value.dita' — table 1 row has 3 entries but cols=4
2026-05-15 06:28:26,017 [WARNING] utils.structure_validator: [StructureValidator] WARNING [table_missing_title]: 'noise_and_vibration/vibration_weighted_overall_value.dita' — <table> #1 has no <title> element — required for accessibility and DITA compliance
2026-05-15 06:28:26,018 [WARNING] utils.structure_validator: [StructureValidator] WARNING [empty_body]: 'operator_s_station_and_monitoring_systems/radio.dita' — <conbody> exists but has no child elements or text content
2026-05-15 06:28:26,018 [WARNING] utils.structure_validator: [StructureValidator] WARNING [missing_shortdesc]: 'operator_s_station_and_monitoring_systems/radio.dita' — <shortdesc> element is missing — required for search previews and navigation
2026-05-15 06:28:26,018 [WARNING] utils.structure_validator: [StructureValidator] WARNING [image_missing_alt]: 'operator_s_station_and_monitoring_systems/d_console_tilt_angle_control_lever.dita' — <image> #1 (href='../media/image232.png') has no alt text — required for accessibility
2026-05-15 06:28:26,019 [WARNING] utils.structure_validator: [StructureValidator] WARNING [empty_body]: 'operator_s_station_and_monitoring_systems/getting_started.dita' — <conbody> exists but has no child elements or text content
2026-05-15 06:28:26,019 [WARNING] utils.structure_validator: [StructureValidator] WARNING [missing_shortdesc]: 'operator_s_station_and_monitoring_systems/getting_started.dita' — <shortdesc> element is missing — required for search previews and navigation
2026-05-15 06:28:26,019 [WARNING] utils.structure_validator: [StructureValidator] WARNING [image_missing_alt]: 'operator_s_station_and_monitoring_systems/4_the_left_side_dash_board_ovhd_guard.dita' — <image> #1 (href='../media/image215.png') has no alt text — required for accessibility
2026-05-15 06:28:26,021 [WARNING] utils.structure_validator: [StructureValidator] WARNING [invalid_conbody_child]: 'operator_s_station_and_monitoring_systems/a_instrument_panel.dita' — <conbody> contains unexpected element <info> — not standard in concept body
2026-05-15 06:28:26,021 [WARNING] utils.structure_validator: [StructureValidator] WARNING [image_missing_alt]: 'operator_s_station_and_monitoring_systems/a_instrument_panel.dita' — <image> #1 (href='../media/image179.png') has no alt text — required for accessibility
2026-05-15 06:28:26,021 [WARNING] utils.structure_validator: [StructureValidator] WARNING [image_missing_alt]: 'operator_s_station_and_monitoring_systems/a_instrument_panel.dita' — <image> #2 (href='../media/image187.png') has no alt text — required for accessibility
2026-05-15 06:28:26,021 [WARNING] utils.structure_validator: [StructureValidator] WARNING [image_missing_alt]: 'operator_s_station_and_monitoring_systems/a_instrument_panel.dita' — <image> #3 (href='../media/image188.png') has no alt text — required for accessibility
2026-05-15 06:28:26,021 [WARNING] utils.structure_validator: [StructureValidator] WARNING [image_missing_alt]: 'operator_s_station_and_monitoring_systems/a_instrument_panel.dita' — <image> #4 (href='../media/image189.png') has no alt text — required for accessibility
2026-05-15 06:28:26,021 [WARNING] utils.structure_validator: [StructureValidator] WARNING [image_missing_alt]: 'operator_s_station_and_monitoring_systems/a_instrument_panel.dita' — <image> #5 (href='../media/image190.png') has no alt text — required for accessibility
2026-05-15 06:28:26,021 [WARNING] utils.structure_validator: [StructureValidator] WARNING [image_missing_alt]: 'operator_s_station_and_monitoring_systems/a_instrument_panel.dita' — <image> #6 (href='../media/image191.png') has no alt text — required for accessibility
2026-05-15 06:28:26,021 [WARNING] utils.structure_validator: [StructureValidator] WARNING [image_missing_alt]: 'operator_s_station_and_monitoring_systems/a_instrument_panel.dita' — <image> #7 (href='../media/image192.png') has no alt text — required for accessibility
2026-05-15 06:28:26,021 [WARNING] utils.structure_validator: [StructureValidator] WARNING [image_missing_alt]: 'operator_s_station_and_monitoring_systems/a_instrument_panel.dita' — <image> #8 (href='../media/image193.png') has no alt text — required for accessibility
2026-05-15 06:28:26,022 [WARNING] utils.structure_validator: [StructureValidator] WARNING [image_missing_alt]: 'operator_s_station_and_monitoring_systems/a_instrument_panel.dita' — <image> #9 (href='../media/image194.png') has no alt text — required for accessibility
2026-05-15 06:28:26,022 [WARNING] utils.structure_validator: [StructureValidator] WARNING [image_missing_alt]: 'operator_s_station_and_monitoring_systems/a_instrument_panel.dita' — <image> #10 (href='../media/image195.png') has no alt text — required for accessibility
2026-05-15 06:28:26,022 [WARNING] utils.structure_validator: [StructureValidator] WARNING [image_missing_alt]: 'operator_s_station_and_monitoring_systems/a_instrument_panel.dita' — <image> #11 (href='../media/image196.png') has no alt text — required for accessibility
2026-05-15 06:28:26,022 [WARNING] utils.structure_validator: [StructureValidator] WARNING [image_missing_alt]: 'operator_s_station_and_monitoring_systems/a_instrument_panel.dita' — <image> #12 (href='../media/image198.png') has no alt text — required for accessibility
2026-05-15 06:28:26,022 [WARNING] utils.structure_validator: [StructureValidator] WARNING [image_missing_alt]: 'operator_s_station_and_monitoring_systems/a_instrument_panel.dita' — <image> #13 (href='../media/image199.png') has no alt text — required for accessibility
2026-05-15 06:28:26,022 [WARNING] utils.structure_validator: [StructureValidator] WARNING [image_missing_alt]: 'operator_s_station_and_monitoring_systems/a_instrument_panel.dita' — <image> #14 (href='../media/image200.png') has no alt text — required for accessibility
2026-05-15 06:28:26,022 [WARNING] utils.structure_validator: [StructureValidator] WARNING [image_missing_alt]: 'operator_s_station_and_monitoring_systems/a_instrument_panel.dita' — <image> #15 (href='../media/image201.png') has no alt text — required for accessibility
2026-05-15 06:28:26,022 [WARNING] utils.structure_validator: [StructureValidator] WARNING [image_missing_alt]: 'operator_s_station_and_monitoring_systems/a_instrument_panel.dita' — <image> #16 (href='../media/image202.png') has no alt text — required for accessibility
2026-05-15 06:28:26,023 [WARNING] utils.structure_validator: [StructureValidator] WARNING [step_empty_cmd]: 'operator_s_station_and_monitoring_systems/b_operation_method.dita' — step 1 has an empty <cmd> element
2026-05-15 06:28:26,023 [WARNING] utils.structure_validator: [StructureValidator] WARNING [step_empty_cmd]: 'operator_s_station_and_monitoring_systems/b_operation_method.dita' — step 3 has an empty <cmd> element
2026-05-15 06:28:26,023 [WARNING] utils.structure_validator: [StructureValidator] WARNING [step_empty_cmd]: 'operator_s_station_and_monitoring_systems/b_operation_method.dita' — step 4 has an empty <cmd> element
2026-05-15 06:28:26,024 [WARNING] utils.structure_validator: [StructureValidator] WARNING [step_empty_cmd]: 'operator_s_station_and_monitoring_systems/b_operation_method.dita' — step 5 has an empty <cmd> element
2026-05-15 06:28:26,024 [WARNING] utils.structure_validator: [StructureValidator] WARNING [step_empty_cmd]: 'operator_s_station_and_monitoring_systems/b_operation_method.dita' — step 6 has an empty <cmd> element
2026-05-15 06:28:26,024 [WARNING] utils.structure_validator: [StructureValidator] WARNING [step_empty_cmd]: 'operator_s_station_and_monitoring_systems/b_operation_method.dita' — step 7 has an empty <cmd> element
2026-05-15 06:28:26,024 [WARNING] utils.structure_validator: [StructureValidator] WARNING [step_empty_cmd]: 'operator_s_station_and_monitoring_systems/b_operation_method.dita' — step 8 has an empty <cmd> element
2026-05-15 06:28:26,024 [WARNING] utils.structure_validator: [StructureValidator] WARNING [image_missing_alt]: 'operator_s_station_and_monitoring_systems/b_operation_method.dita' — <image> #1 (href='../media/image684.png') has no alt text — required for accessibility
2026-05-15 06:28:26,024 [WARNING] utils.structure_validator: [StructureValidator] WARNING [image_missing_alt]: 'operator_s_station_and_monitoring_systems/b_operation_method.dita' — <image> #2 (href='../media/image684.png') has no alt text — required for accessibility
2026-05-15 06:28:26,024 [WARNING] utils.structure_validator: [StructureValidator] WARNING [image_missing_alt]: 'operator_s_station_and_monitoring_systems/b_operation_method.dita' — <image> #3 (href='../media/image670.png') has no alt text — required for accessibility
2026-05-15 06:28:26,024 [WARNING] utils.structure_validator: [StructureValidator] WARNING [image_missing_alt]: 'operator_s_station_and_monitoring_systems/b_operation_method.dita' — <image> #4 (href='../media/image671c.png') has no alt text — required for accessibility
2026-05-15 06:28:26,024 [WARNING] utils.structure_validator: [StructureValidator] WARNING [image_missing_alt]: 'operator_s_station_and_monitoring_systems/b_operation_method.dita' — <image> #5 (href='../media/image672f.png') has no alt text — required for accessibility
2026-05-15 06:28:26,024 [WARNING] utils.structure_validator: [StructureValidator] WARNING [image_missing_alt]: 'operator_s_station_and_monitoring_systems/b_operation_method.dita' — <image> #6 (href='../media/image675r.png') has no alt text — required for accessibility
2026-05-15 06:28:26,024 [WARNING] utils.structure_validator: [StructureValidator] WARNING [image_missing_alt]: 'operator_s_station_and_monitoring_systems/b_operation_method.dita' — <image> #7 (href='../media/image676w.png') has no alt text — required for accessibility
2026-05-15 06:28:26,024 [WARNING] utils.structure_validator: [StructureValidator] WARNING [image_missing_alt]: 'operator_s_station_and_monitoring_systems/b_operation_method.dita' — <image> #8 (href='../media/image677d.png') has no alt text — required for accessibility
2026-05-15 06:28:26,024 [WARNING] utils.structure_validator: [StructureValidator] WARNING [image_missing_alt]: 'operator_s_station_and_monitoring_systems/b_operation_method.dita' — <image> #9 (href='../media/image678q.png') has no alt text — required for accessibility
2026-05-15 06:28:26,025 [WARNING] utils.structure_validator: [StructureValidator] WARNING [image_missing_alt]: 'operator_s_station_and_monitoring_systems/setting_the_region_of_radio_reception.dita' — <image> #1 (href='../media/image380.png') has no alt text — required for accessibility
2026-05-15 06:28:26,025 [WARNING] utils.structure_validator: [StructureValidator] WARNING [image_missing_alt]: 'operator_s_station_and_monitoring_systems/setting_the_region_of_radio_reception.dita' — <image> #2 (href='../media/image381.png') has no alt text — required for accessibility
2026-05-15 06:28:26,026 [WARNING] utils.structure_validator: [StructureValidator] WARNING [image_missing_alt]: 'operator_s_station_and_monitoring_systems/setting_the_region_of_radio_reception.dita' — <image> #3 (href='../media/image382.png') has no alt text — required for accessibility
2026-05-15 06:28:26,026 [WARNING] utils.structure_validator: [StructureValidator] WARNING [image_missing_alt]: 'operator_s_station_and_monitoring_systems/setting_the_region_of_radio_reception.dita' — <image> #4 (href='../media/image383(1).png') has no alt text — required for accessibility
2026-05-15 06:28:26,026 [WARNING] utils.structure_validator: [StructureValidator] WARNING [image_missing_alt]: 'operator_s_station_and_monitoring_systems/setting_the_region_of_radio_reception.dita' — <image> #5 (href='../media/image380(1).png') has no alt text — required for accessibility
2026-05-15 06:28:26,026 [WARNING] utils.structure_validator: [StructureValidator] WARNING [image_missing_alt]: 'operator_s_station_and_monitoring_systems/setting_the_region_of_radio_reception.dita' — <image> #6 (href='../media/image383(1).png') has no alt text — required for accessibility
2026-05-15 06:28:26,026 [WARNING] utils.structure_validator: [StructureValidator] WARNING [image_missing_alt]: 'operator_s_station_and_monitoring_systems/setting_the_region_of_radio_reception.dita' — <image> #7 (href='../media/image382(1).png') has no alt text — required for accessibility
2026-05-15 06:28:26,026 [WARNING] utils.structure_validator: [StructureValidator] WARNING [image_missing_alt]: 'operator_s_station_and_monitoring_systems/setting_the_region_of_radio_reception.dita' — <image> #8 (href='../media/image381(1).png') has no alt text — required for accessibility
2026-05-15 06:28:26,027 [WARNING] utils.structure_validator: [StructureValidator] WARNING [invalid_conbody_child]: 'operator_s_station_and_monitoring_systems/turning_the_unit_on_off.dita' — <conbody> contains unexpected element <info> — not standard in concept body
2026-05-15 06:28:26,027 [WARNING] utils.structure_validator: [StructureValidator] WARNING [image_missing_alt]: 'operator_s_station_and_monitoring_systems/turning_the_unit_on_off.dita' — <image> #1 (href='../media/image343.png') has no alt text — required for accessibility
2026-05-15 06:28:26,027 [WARNING] utils.structure_validator: [StructureValidator] WARNING [image_missing_alt]: 'operator_s_station_and_monitoring_systems/turning_the_unit_on_off.dita' — <image> #2 (href='../media/image349.png') has no alt text — required for accessibility
2026-05-15 06:28:26,027 [WARNING] utils.structure_validator: [StructureValidator] WARNING [image_missing_alt]: 'operator_s_station_and_monitoring_systems/turning_the_unit_on_off.dita' — <image> #3 (href='../media/image353.png') has no alt text — required for accessibility
2026-05-15 06:28:26,027 [WARNING] utils.structure_validator: [StructureValidator] WARNING [image_missing_alt]: 'operator_s_station_and_monitoring_systems/before_mp3_wma_usb_playback.dita' — <image> #1 (href='../media/image453a.png') has no alt text — required for accessibility
2026-05-15 06:28:26,028 [WARNING] utils.structure_validator: [StructureValidator] WARNING [invalid_conbody_child]: 'operator_s_station_and_monitoring_systems/3_the_operator_switches.dita' — <conbody> contains unexpected element <info> — not standard in concept body
2026-05-15 06:28:26,028 [WARNING] utils.structure_validator: [StructureValidator] WARNING [image_missing_alt]: 'operator_s_station_and_monitoring_systems/3_the_operator_switches.dita' — <image> #1 (href='../media/image211.png') has no alt text — required for accessibility
2026-05-15 06:28:26,028 [WARNING] utils.structure_validator: [StructureValidator] WARNING [image_missing_alt]: 'operator_s_station_and_monitoring_systems/3_the_operator_switches.dita' — <image> #2 (href='../media/image212.png') has no alt text — required for accessibility
2026-05-15 06:28:26,028 [WARNING] utils.structure_validator: [StructureValidator] WARNING [image_missing_alt]: 'operator_s_station_and_monitoring_systems/3_the_operator_switches.dita' — <image> #3 (href='../media/image214.png') has no alt text — required for accessibility
2026-05-15 06:28:26,029 [WARNING] utils.structure_validator: [StructureValidator] WARNING [table_missing_title]: 'operator_s_station_and_monitoring_systems/6_steering_wheel.dita' — <table> #1 has no <title> element — required for accessibility and DITA compliance
2026-05-15 06:28:26,029 [WARNING] utils.structure_validator: [StructureValidator] WARNING [image_missing_alt]: 'operator_s_station_and_monitoring_systems/6_steering_wheel.dita' — <image> #1 (href='../media/image240.png') has no alt text — required for accessibility
2026-05-15 06:28:26,029 [WARNING] utils.structure_validator: [StructureValidator] WARNING [image_missing_alt]: 'operator_s_station_and_monitoring_systems/6_steering_wheel.dita' — <image> #2 (href='../media/image241.png') has no alt text — required for accessibility
2026-05-15 06:28:26,030 [WARNING] utils.structure_validator: [StructureValidator] WARNING [table_missing_title]: 'operator_s_station_and_monitoring_systems/5_pedal_configuration.dita' — <table> #1 has no <title> element — required for accessibility and DITA compliance
2026-05-15 06:28:26,030 [WARNING] utils.structure_validator: [StructureValidator] WARNING [image_missing_alt]: 'operator_s_station_and_monitoring_systems/5_pedal_configuration.dita' — <image> #1 (href='../media/image227.png') has no alt text — required for accessibility
2026-05-15 06:28:26,030 [WARNING] utils.structure_validator: [StructureValidator] WARNING [empty_body]: 'operator_s_station_and_monitoring_systems/usb_player.dita' — <conbody> exists but has no child elements or text content
2026-05-15 06:28:26,030 [WARNING] utils.structure_validator: [StructureValidator] WARNING [missing_shortdesc]: 'operator_s_station_and_monitoring_systems/usb_player.dita' — <shortdesc> element is missing — required for search previews and navigation
2026-05-15 06:28:26,031 [WARNING] utils.structure_validator: [StructureValidator] WARNING [image_missing_alt]: 'operator_s_station_and_monitoring_systems/auto_manual_change_switch.dita' — <image> #1 (href='../media/image239.png') has no alt text — required for accessibility
2026-05-15 06:28:26,031 [WARNING] utils.structure_validator: [StructureValidator] WARNING [image_missing_alt]: 'operator_s_station_and_monitoring_systems/auto_manual_change_switch.dita' — <image> #2 (href='../media/image223.png') has no alt text — required for accessibility
2026-05-15 06:28:26,032 [WARNING] utils.structure_validator: [StructureValidator] WARNING [image_missing_alt]: 'operator_s_station_and_monitoring_systems/location_of_controls.dita' — <image> #1 (href='../media/image252.png') has no alt text — required for accessibility
2026-05-15 06:28:26,032 [WARNING] utils.structure_validator: [StructureValidator] WARNING [image_missing_alt]: 'operator_s_station_and_monitoring_systems/location_of_controls.dita' — <image> #2 (href='../media/image244.png') has no alt text — required for accessibility
2026-05-15 06:28:26,032 [WARNING] utils.structure_validator: [StructureValidator] WARNING [image_missing_alt]: 'operator_s_station_and_monitoring_systems/saving_radio_stations_automatically.dita' — <image> #1 (href='../media/image425a.png') has no alt text — required for accessibility
2026-05-15 06:28:26,032 [WARNING] utils.structure_validator: [StructureValidator] WARNING [image_missing_alt]: 'operator_s_station_and_monitoring_systems/saving_radio_stations_automatically.dita' — <image> #2 (href='../media/image430a.png') has no alt text — required for accessibility
2026-05-15 06:28:26,033 [WARNING] utils.structure_validator: [StructureValidator] WARNING [image_missing_alt]: 'operator_s_station_and_monitoring_systems/listening_to_auxiliary_audio_equipment.dita' — <image> #1 (href='../media/image506a.png') has no alt text — required for accessibility
2026-05-15 06:28:26,034 [WARNING] utils.structure_validator: [StructureValidator] WARNING [image_missing_alt]: 'operator_s_station_and_monitoring_systems/listening_to_auxiliary_audio_equipment.dita' — <image> #2 (href='../media/image561a.png') has no alt text — required for accessibility
2026-05-15 06:28:26,034 [WARNING] utils.structure_validator: [StructureValidator] WARNING [image_missing_alt]: 'operator_s_station_and_monitoring_systems/listening_to_auxiliary_audio_equipment.dita' — <image> #3 (href='../media/image554.png') has no alt text — required for accessibility
2026-05-15 06:28:26,034 [WARNING] utils.structure_validator: [StructureValidator] WARNING [image_missing_alt]: 'operator_s_station_and_monitoring_systems/listening_to_auxiliary_audio_equipment.dita' — <image> #4 (href='../media/image617a.png') has no alt text — required for accessibility
2026-05-15 06:28:26,034 [WARNING] utils.structure_validator: [StructureValidator] WARNING [image_missing_alt]: 'operator_s_station_and_monitoring_systems/a_front_display_basic_operation_menu.dita' — <image> #1 (href='../media/image679a.png') has no alt text — required for accessibility
2026-05-15 06:28:26,035 [WARNING] utils.structure_validator: [StructureValidator] WARNING [section_missing_title]: 'operator_s_station_and_monitoring_systems/idle_select_switch.dita' — <section> #1 has no <title> — recommended for DITA compliance
2026-05-15 06:28:26,035 [WARNING] utils.structure_validator: [StructureValidator] WARNING [image_missing_alt]: 'operator_s_station_and_monitoring_systems/idle_select_switch.dita' — <image> #1 (href='../media/image234.png') has no alt text — required for accessibility
2026-05-15 06:28:26,035 [WARNING] utils.structure_validator: [StructureValidator] WARNING [image_missing_alt]: 'operator_s_station_and_monitoring_systems/idle_select_switch.dita' — <image> #2 (href='../media/image220.png') has no alt text — required for accessibility
2026-05-15 06:28:26,036 [WARNING] utils.structure_validator: [StructureValidator] WARNING [image_missing_alt]: 'operator_s_station_and_monitoring_systems/economic_fuel_saving_switch.dita' — <image> #1 (href='../media/image242.png') has no alt text — required for accessibility
2026-05-15 06:28:26,036 [WARNING] utils.structure_validator: [StructureValidator] WARNING [image_missing_alt]: 'operator_s_station_and_monitoring_systems/economic_fuel_saving_switch.dita' — <image> #2 (href='../media/image225.png') has no alt text — required for accessibility
2026-05-15 06:28:26,037 [WARNING] utils.structure_validator: [StructureValidator] WARNING [image_missing_alt]: 'operator_s_station_and_monitoring_systems/change_the_playback_mode.dita' — <image> #1 (href='../media/image482.png') has no alt text — required for accessibility
2026-05-15 06:28:26,038 [WARNING] utils.structure_validator: [StructureValidator] WARNING [image_missing_alt]: 'operator_s_station_and_monitoring_systems/change_the_playback_mode.dita' — <image> #2 (href='../media/image483.png') has no alt text — required for accessibility
2026-05-15 06:28:26,038 [WARNING] utils.structure_validator: [StructureValidator] WARNING [image_missing_alt]: 'operator_s_station_and_monitoring_systems/change_the_playback_mode.dita' — <image> #3 (href='../media/image484.png') has no alt text — required for accessibility
2026-05-15 06:28:26,038 [WARNING] utils.structure_validator: [StructureValidator] WARNING [image_missing_alt]: 'operator_s_station_and_monitoring_systems/change_the_playback_mode.dita' — <image> #4 (href='../media/image485.png') has no alt text — required for accessibility
2026-05-15 06:28:26,038 [WARNING] utils.structure_validator: [StructureValidator] WARNING [image_missing_alt]: 'operator_s_station_and_monitoring_systems/change_the_playback_mode.dita' — <image> #5 (href='../media/image486.png') has no alt text — required for accessibility
2026-05-15 06:28:26,038 [WARNING] utils.structure_validator: [StructureValidator] WARNING [image_missing_alt]: 'operator_s_station_and_monitoring_systems/change_the_playback_mode.dita' — <image> #6 (href='../media/image248(1).png') has no alt text — required for accessibility
2026-05-15 06:28:26,038 [WARNING] utils.structure_validator: [StructureValidator] WARNING [image_missing_alt]: 'operator_s_station_and_monitoring_systems/change_the_playback_mode.dita' — <image> #7 (href='../media/image484(1).png') has no alt text — required for accessibility
2026-05-15 06:28:26,038 [WARNING] utils.structure_validator: [StructureValidator] WARNING [image_missing_alt]: 'operator_s_station_and_monitoring_systems/change_the_playback_mode.dita' — <image> #8 (href='../media/image248(2).png') has no alt text — required for accessibility
2026-05-15 06:28:26,038 [WARNING] utils.structure_validator: [StructureValidator] WARNING [image_missing_alt]: 'operator_s_station_and_monitoring_systems/change_the_playback_mode.dita' — <image> #9 (href='../media/image487.png') has no alt text — required for accessibility
2026-05-15 06:28:26,038 [WARNING] utils.structure_validator: [StructureValidator] WARNING [image_missing_alt]: 'operator_s_station_and_monitoring_systems/change_the_playback_mode.dita' — <image> #10 (href='../media/image488.png') has no alt text — required for accessibility
2026-05-15 06:28:26,038 [WARNING] utils.structure_validator: [StructureValidator] WARNING [image_missing_alt]: 'operator_s_station_and_monitoring_systems/change_the_playback_mode.dita' — <image> #11 (href='../media/image249(1).png') has no alt text — required for accessibility
2026-05-15 06:28:26,038 [WARNING] utils.structure_validator: [StructureValidator] WARNING [image_missing_alt]: 'operator_s_station_and_monitoring_systems/change_the_playback_mode.dita' — <image> #12 (href='../media/image489.png') has no alt text — required for accessibility
2026-05-15 06:28:26,039 [WARNING] utils.structure_validator: [StructureValidator] WARNING [empty_body]: 'operator_s_station_and_monitoring_systems/rear_camera_rear_view_with_steer_angle_option.dita' — <conbody> exists but has no child elements or text content
2026-05-15 06:28:26,039 [WARNING] utils.structure_validator: [StructureValidator] WARNING [missing_shortdesc]: 'operator_s_station_and_monitoring_systems/rear_camera_rear_view_with_steer_angle_option.dita' — <shortdesc> element is missing — required for search previews and navigation
2026-05-15 06:28:26,040 [WARNING] utils.structure_validator: [StructureValidator] WARNING [image_missing_alt]: 'operator_s_station_and_monitoring_systems/listening_to_a_preset_station.dita' — <image> #1 (href='../media/image434a.png') has no alt text — required for accessibility
2026-05-15 06:28:26,040 [WARNING] utils.structure_validator: [StructureValidator] WARNING [image_missing_alt]: 'operator_s_station_and_monitoring_systems/listening_to_a_preset_station.dita' — <image> #2 (href='../media/image435.png') has no alt text — required for accessibility
2026-05-15 06:28:26,040 [WARNING] utils.structure_validator: [StructureValidator] WARNING [missing_steps]: 'operator_s_station_and_monitoring_systems/e_console_up_down_control_lever_if_installed.dita' — <taskbody> has no <steps> or <steps-unordered> element
2026-05-15 06:28:26,040 [WARNING] utils.structure_validator: [StructureValidator] WARNING [image_missing_alt]: 'operator_s_station_and_monitoring_systems/e_console_up_down_control_lever_if_installed.dita' — <image> #1 (href='../media/image235.png') has no alt text — required for accessibility
2026-05-15 06:28:26,041 [WARNING] utils.structure_validator: [StructureValidator] WARNING [image_missing_alt]: 'operator_s_station_and_monitoring_systems/tuning_in_a_station.dita' — <image> #1 (href='../media/image395a.png') has no alt text — required for accessibility
2026-05-15 06:28:26,041 [WARNING] utils.structure_validator: [StructureValidator] WARNING [image_missing_alt]: 'operator_s_station_and_monitoring_systems/tuning_in_a_station.dita' — <image> #2 (href='../media/image406a.png') has no alt text — required for accessibility
2026-05-15 06:28:26,042 [WARNING] utils.structure_validator: [StructureValidator] WARNING [table_missing_title]: 'operator_s_station_and_monitoring_systems/air_conditioner_controller.dita' — <table> #1 has no <title> element — required for accessibility and DITA compliance
2026-05-15 06:28:26,042 [WARNING] utils.structure_validator: [StructureValidator] WARNING [image_missing_alt]: 'operator_s_station_and_monitoring_systems/air_conditioner_controller.dita' — <image> #1 (href='../media/image754.png') has no alt text — required for accessibility
2026-05-15 06:28:26,042 [WARNING] utils.structure_validator: [StructureValidator] WARNING [image_missing_alt]: 'operator_s_station_and_monitoring_systems/1_the_right_side_dash_board_cabin.dita' — <image> #1 (href='../media/image163.png') has no alt text — required for accessibility
2026-05-15 06:28:26,043 [WARNING] utils.structure_validator: [StructureValidator] WARNING [empty_body]: 'operator_s_station_and_monitoring_systems/aux_player.dita' — <conbody> exists but has no child elements or text content
2026-05-15 06:28:26,043 [WARNING] utils.structure_validator: [StructureValidator] WARNING [missing_shortdesc]: 'operator_s_station_and_monitoring_systems/aux_player.dita' — <shortdesc> element is missing — required for search previews and navigation
2026-05-15 06:28:26,044 [WARNING] utils.structure_validator: [StructureValidator] WARNING [table_missing_title]: 'operator_s_station_and_monitoring_systems/2_the_left_side_dash_board_cabin.dita' — <table> #1 has no <title> element — required for accessibility and DITA compliance
2026-05-15 06:28:26,044 [WARNING] utils.structure_validator: [StructureValidator] WARNING [table_missing_title]: 'operator_s_station_and_monitoring_systems/2_the_left_side_dash_board_cabin.dita' — <table> #2 has no <title> element — required for accessibility and DITA compliance
2026-05-15 06:28:26,044 [WARNING] utils.structure_validator: [StructureValidator] WARNING [image_missing_alt]: 'operator_s_station_and_monitoring_systems/2_the_left_side_dash_board_cabin.dita' — <image> #1 (href='../media/image208.png') has no alt text — required for accessibility
2026-05-15 06:28:26,044 [WARNING] utils.structure_validator: [StructureValidator] WARNING [image_missing_alt]: 'operator_s_station_and_monitoring_systems/2_the_left_side_dash_board_cabin.dita' — <image> #2 (href='../media/image238.png') has no alt text — required for accessibility
2026-05-15 06:28:26,044 [WARNING] utils.structure_validator: [StructureValidator] WARNING [image_missing_alt]: 'operator_s_station_and_monitoring_systems/2_the_left_side_dash_board_cabin.dita' — <image> #3 (href='../media/image221.png') has no alt text — required for accessibility
2026-05-15 06:28:26,045 [WARNING] utils.structure_validator: [StructureValidator] WARNING [invalid_conbody_child]: 'operator_s_station_and_monitoring_systems/rear_view_connectors.dita' — <conbody> contains unexpected element <info> — not standard in concept body
2026-05-15 06:28:26,045 [WARNING] utils.structure_validator: [StructureValidator] WARNING [table_missing_title]: 'operator_s_station_and_monitoring_systems/rear_view_connectors.dita' — <table> #1 has no <title> element — required for accessibility and DITA compliance
2026-05-15 06:28:26,045 [WARNING] utils.structure_validator: [StructureValidator] WARNING [image_missing_alt]: 'operator_s_station_and_monitoring_systems/rear_view_connectors.dita' — <image> #1 (href='../media/image277.png') has no alt text — required for accessibility
2026-05-15 06:28:26,045 [WARNING] utils.structure_validator: [StructureValidator] WARNING [image_missing_alt]: 'operator_s_station_and_monitoring_systems/rear_view_connectors.dita' — <image> #2 (href='../media/image311.png') has no alt text — required for accessibility
2026-05-15 06:28:26,045 [WARNING] utils.structure_validator: [StructureValidator] WARNING [image_missing_alt]: 'operator_s_station_and_monitoring_systems/rear_view_connectors.dita' — <image> #3 (href='../media/image326.png') has no alt text — required for accessibility
2026-05-15 06:28:26,046 [WARNING] utils.structure_validator: [StructureValidator] WARNING [section_missing_title]: 'operator_s_station_and_monitoring_systems/engine_diagnostic_switch.dita' — <section> #1 has no <title> — recommended for DITA compliance
2026-05-15 06:28:26,046 [WARNING] utils.structure_validator: [StructureValidator] WARNING [empty_body]: 'operator_s_station_and_monitoring_systems/radio_2.dita' — <conbody> exists but has no child elements or text content
2026-05-15 06:28:26,046 [WARNING] utils.structure_validator: [StructureValidator] WARNING [missing_shortdesc]: 'operator_s_station_and_monitoring_systems/radio_2.dita' — <shortdesc> element is missing — required for search previews and navigation
2026-05-15 06:28:26,047 [WARNING] utils.structure_validator: [StructureValidator] WARNING [missing_steps]: 'operator_s_station_and_monitoring_systems/weight_scale_mode_option_hydraulic_type.dita' — <taskbody> has no <steps> or <steps-unordered> element
2026-05-15 06:28:26,047 [WARNING] utils.structure_validator: [StructureValidator] WARNING [image_missing_alt]: 'operator_s_station_and_monitoring_systems/weight_scale_mode_option_hydraulic_type.dita' — <image> #1 (href='../media/image700a.png') has no alt text — required for accessibility
2026-05-15 06:28:26,047 [WARNING] utils.structure_validator: [StructureValidator] WARNING [image_missing_alt]: 'operator_s_station_and_monitoring_systems/weight_scale_mode_option_hydraulic_type.dita' — <image> #2 (href='../media/image692.png') has no alt text — required for accessibility
2026-05-15 06:28:26,048 [WARNING] utils.structure_validator: [StructureValidator] WARNING [section_missing_title]: 'operator_s_station_and_monitoring_systems/b_operation_method_display_menu.dita' — <section> #1 has no <title> — recommended for DITA compliance
2026-05-15 06:28:26,048 [WARNING] utils.structure_validator: [StructureValidator] WARNING [image_missing_alt]: 'operator_s_station_and_monitoring_systems/b_operation_method_display_menu.dita' — <image> #1 (href='../media/image630.png') has no alt text — required for accessibility
2026-05-15 06:28:26,051 [WARNING] utils.structure_validator: [StructureValidator] WARNING [step_empty_cmd]: 'operator_s_station_and_monitoring_systems/c_operation_method_setup_menu.dita' — step 1 has an empty <cmd> element
2026-05-15 06:28:26,051 [WARNING] utils.structure_validator: [StructureValidator] WARNING [step_empty_cmd]: 'operator_s_station_and_monitoring_systems/c_operation_method_setup_menu.dita' — step 2 has an empty <cmd> element
2026-05-15 06:28:26,051 [WARNING] utils.structure_validator: [StructureValidator] WARNING [step_empty_cmd]: 'operator_s_station_and_monitoring_systems/c_operation_method_setup_menu.dita' — step 3 has an empty <cmd> element
2026-05-15 06:28:26,051 [WARNING] utils.structure_validator: [StructureValidator] WARNING [step_empty_cmd]: 'operator_s_station_and_monitoring_systems/c_operation_method_setup_menu.dita' — step 4 has an empty <cmd> element
2026-05-15 06:28:26,051 [WARNING] utils.structure_validator: [StructureValidator] WARNING [step_empty_cmd]: 'operator_s_station_and_monitoring_systems/c_operation_method_setup_menu.dita' — step 10 has an empty <cmd> element
2026-05-15 06:28:26,051 [WARNING] utils.structure_validator: [StructureValidator] WARNING [step_empty_cmd]: 'operator_s_station_and_monitoring_systems/c_operation_method_setup_menu.dita' — step 11 has an empty <cmd> element
2026-05-15 06:28:26,051 [WARNING] utils.structure_validator: [StructureValidator] WARNING [step_empty_cmd]: 'operator_s_station_and_monitoring_systems/c_operation_method_setup_menu.dita' — step 12 has an empty <cmd> element
2026-05-15 06:28:26,051 [WARNING] utils.structure_validator: [StructureValidator] WARNING [image_missing_alt]: 'operator_s_station_and_monitoring_systems/c_operation_method_setup_menu.dita' — <image> #1 (href='../media/image632.png') has no alt text — required for accessibility
2026-05-15 06:28:26,051 [WARNING] utils.structure_validator: [StructureValidator] WARNING [image_missing_alt]: 'operator_s_station_and_monitoring_systems/c_operation_method_setup_menu.dita' — <image> #2 (href='../media/image615.png') has no alt text — required for accessibility
2026-05-15 06:28:26,052 [WARNING] utils.structure_validator: [StructureValidator] WARNING [image_missing_alt]: 'operator_s_station_and_monitoring_systems/c_operation_method_setup_menu.dita' — <image> #3 (href='../media/image626.png') has no alt text — required for accessibility
2026-05-15 06:28:26,052 [WARNING] utils.structure_validator: [StructureValidator] WARNING [image_missing_alt]: 'operator_s_station_and_monitoring_systems/c_operation_method_setup_menu.dita' — <image> #4 (href='../media/image627.png') has no alt text — required for accessibility
2026-05-15 06:28:26,052 [WARNING] utils.structure_validator: [StructureValidator] WARNING [image_missing_alt]: 'operator_s_station_and_monitoring_systems/c_operation_method_setup_menu.dita' — <image> #5 (href='../media/image628.png') has no alt text — required for accessibility
2026-05-15 06:28:26,052 [WARNING] utils.structure_validator: [StructureValidator] WARNING [image_missing_alt]: 'operator_s_station_and_monitoring_systems/c_operation_method_setup_menu.dita' — <image> #6 (href='../media/image639.png') has no alt text — required for accessibility
2026-05-15 06:28:26,052 [WARNING] utils.structure_validator: [StructureValidator] WARNING [image_missing_alt]: 'operator_s_station_and_monitoring_systems/c_operation_method_setup_menu.dita' — <image> #7 (href='../media/image616.png') has no alt text — required for accessibility
2026-05-15 06:28:26,052 [WARNING] utils.structure_validator: [StructureValidator] WARNING [image_missing_alt]: 'operator_s_station_and_monitoring_systems/c_operation_method_setup_menu.dita' — <image> #8 (href='../media/image631.png') has no alt text — required for accessibility
2026-05-15 06:28:26,052 [WARNING] utils.structure_validator: [StructureValidator] WARNING [image_missing_alt]: 'operator_s_station_and_monitoring_systems/c_operation_method_setup_menu.dita' — <image> #9 (href='../media/image633.png') has no alt text — required for accessibility
2026-05-15 06:28:26,052 [WARNING] utils.structure_validator: [StructureValidator] WARNING [image_missing_alt]: 'operator_s_station_and_monitoring_systems/c_operation_method_setup_menu.dita' — <image> #10 (href='../media/image643.png') has no alt text — required for accessibility
2026-05-15 06:28:26,052 [WARNING] utils.structure_validator: [StructureValidator] WARNING [image_missing_alt]: 'operator_s_station_and_monitoring_systems/c_operation_method_setup_menu.dita' — <image> #11 (href='../media/image635.png') has no alt text — required for accessibility
2026-05-15 06:28:26,052 [WARNING] utils.structure_validator: [StructureValidator] WARNING [image_missing_alt]: 'operator_s_station_and_monitoring_systems/c_operation_method_setup_menu.dita' — <image> #12 (href='../media/image646.png') has no alt text — required for accessibility
2026-05-15 06:28:26,052 [WARNING] utils.structure_validator: [StructureValidator] WARNING [image_missing_alt]: 'operator_s_station_and_monitoring_systems/c_operation_method_setup_menu.dita' — <image> #13 (href='../media/image637.png') has no alt text — required for accessibility
2026-05-15 06:28:26,052 [WARNING] utils.structure_validator: [StructureValidator] WARNING [image_missing_alt]: 'operator_s_station_and_monitoring_systems/c_operation_method_setup_menu.dita' — <image> #14 (href='../media/image649.png') has no alt text — required for accessibility
2026-05-15 06:28:26,052 [WARNING] utils.structure_validator: [StructureValidator] WARNING [image_missing_alt]: 'operator_s_station_and_monitoring_systems/c_operation_method_setup_menu.dita' — <image> #15 (href='../media/image651.png') has no alt text — required for accessibility
2026-05-15 06:28:26,053 [WARNING] utils.structure_validator: [StructureValidator] WARNING [image_missing_alt]: 'operator_s_station_and_monitoring_systems/c_operation_method_setup_menu.dita' — <image> #16 (href='../media/image641.png') has no alt text — required for accessibility
2026-05-15 06:28:26,053 [WARNING] utils.structure_validator: [StructureValidator] WARNING [image_missing_alt]: 'operator_s_station_and_monitoring_systems/c_operation_method_setup_menu.dita' — <image> #17 (href='../media/image654.png') has no alt text — required for accessibility
2026-05-15 06:28:26,053 [WARNING] utils.structure_validator: [StructureValidator] WARNING [image_missing_alt]: 'operator_s_station_and_monitoring_systems/c_operation_method_setup_menu.dita' — <image> #18 (href='../media/image644.png') has no alt text — required for accessibility
2026-05-15 06:28:26,053 [WARNING] utils.structure_validator: [StructureValidator] WARNING [image_missing_alt]: 'operator_s_station_and_monitoring_systems/c_operation_method_setup_menu.dita' — <image> #19 (href='../media/image645.png') has no alt text — required for accessibility
2026-05-15 06:28:26,053 [WARNING] utils.structure_validator: [StructureValidator] WARNING [image_missing_alt]: 'operator_s_station_and_monitoring_systems/c_operation_method_setup_menu.dita' — <image> #20 (href='../media/image647.png') has no alt text — required for accessibility
2026-05-15 06:28:26,053 [WARNING] utils.structure_validator: [StructureValidator] WARNING [image_missing_alt]: 'operator_s_station_and_monitoring_systems/c_operation_method_setup_menu.dita' — <image> #21 (href='../media/image648.png') has no alt text — required for accessibility
2026-05-15 06:28:26,053 [WARNING] utils.structure_validator: [StructureValidator] WARNING [image_missing_alt]: 'operator_s_station_and_monitoring_systems/c_operation_method_setup_menu.dita' — <image> #22 (href='../media/image650.png') has no alt text — required for accessibility
2026-05-15 06:28:26,053 [WARNING] utils.structure_validator: [StructureValidator] WARNING [image_missing_alt]: 'operator_s_station_and_monitoring_systems/c_operation_method_setup_menu.dita' — <image> #23 (href='../media/image651b.png') has no alt text — required for accessibility
2026-05-15 06:28:26,053 [WARNING] utils.structure_validator: [StructureValidator] WARNING [image_missing_alt]: 'operator_s_station_and_monitoring_systems/c_operation_method_setup_menu.dita' — <image> #24 (href='../media/image652.png') has no alt text — required for accessibility
2026-05-15 06:28:26,053 [WARNING] utils.structure_validator: [StructureValidator] WARNING [image_missing_alt]: 'operator_s_station_and_monitoring_systems/c_operation_method_setup_menu.dita' — <image> #25 (href='../media/image653.png') has no alt text — required for accessibility
2026-05-15 06:28:26,053 [WARNING] utils.structure_validator: [StructureValidator] WARNING [image_missing_alt]: 'operator_s_station_and_monitoring_systems/c_operation_method_setup_menu.dita' — <image> #26 (href='../media/image655.png') has no alt text — required for accessibility
2026-05-15 06:28:26,053 [WARNING] utils.structure_validator: [StructureValidator] WARNING [image_missing_alt]: 'operator_s_station_and_monitoring_systems/c_operation_method_setup_menu.dita' — <image> #27 (href='../media/image656.png') has no alt text — required for accessibility
2026-05-15 06:28:26,053 [WARNING] utils.structure_validator: [StructureValidator] WARNING [image_missing_alt]: 'operator_s_station_and_monitoring_systems/c_operation_method_setup_menu.dita' — <image> #28 (href='../media/image666.png') has no alt text — required for accessibility
2026-05-15 06:28:26,053 [WARNING] utils.structure_validator: [StructureValidator] WARNING [image_missing_alt]: 'operator_s_station_and_monitoring_systems/c_operation_method_setup_menu.dita' — <image> #29 (href='../media/image658.png') has no alt text — required for accessibility
2026-05-15 06:28:26,053 [WARNING] utils.structure_validator: [StructureValidator] WARNING [image_missing_alt]: 'operator_s_station_and_monitoring_systems/c_operation_method_setup_menu.dita' — <image> #30 (href='../media/image807.png') has no alt text — required for accessibility
2026-05-15 06:28:26,054 [WARNING] utils.structure_validator: [StructureValidator] WARNING [image_missing_alt]: 'operator_s_station_and_monitoring_systems/c_operation_method_setup_menu.dita' — <image> #31 (href='../media/image809.png') has no alt text — required for accessibility
2026-05-15 06:28:26,054 [WARNING] utils.structure_validator: [StructureValidator] WARNING [image_missing_alt]: 'operator_s_station_and_monitoring_systems/c_operation_method_setup_menu.dita' — <image> #32 (href='../media/image661.png') has no alt text — required for accessibility
2026-05-15 06:28:26,054 [WARNING] utils.structure_validator: [StructureValidator] WARNING [image_missing_alt]: 'operator_s_station_and_monitoring_systems/c_operation_method_setup_menu.dita' — <image> #33 (href='../media/image673.png') has no alt text — required for accessibility
2026-05-15 06:28:26,054 [WARNING] utils.structure_validator: [StructureValidator] WARNING [image_missing_alt]: 'operator_s_station_and_monitoring_systems/c_operation_method_setup_menu.dita' — <image> #34 (href='../media/image674.png') has no alt text — required for accessibility
2026-05-15 06:28:26,054 [WARNING] utils.structure_validator: [StructureValidator] WARNING [empty_body]: 'operator_s_station_and_monitoring_systems/audio_system_am_fm_tuner_with_usb_aux_player.dita' — <conbody> exists but has no child elements or text content
2026-05-15 06:28:26,054 [WARNING] utils.structure_validator: [StructureValidator] WARNING [missing_shortdesc]: 'operator_s_station_and_monitoring_systems/audio_system_am_fm_tuner_with_usb_aux_player.dita' — <shortdesc> element is missing — required for search previews and navigation
2026-05-15 06:28:26,055 [WARNING] utils.structure_validator: [StructureValidator] WARNING [image_missing_alt]: 'operator_s_station_and_monitoring_systems/engine_stop_switch.dita' — <image> #1 (href='../media/image229.png') has no alt text — required for accessibility
2026-05-15 06:28:26,055 [WARNING] utils.structure_validator: [StructureValidator] WARNING [image_missing_alt]: 'operator_s_station_and_monitoring_systems/engine_stop_switch.dita' — <image> #2 (href='../media/image230.png') has no alt text — required for accessibility
2026-05-15 06:28:26,056 [WARNING] utils.structure_validator: [StructureValidator] WARNING [invalid_conbody_child]: 'operator_s_station_and_monitoring_systems/display_window.dita' — <conbody> contains unexpected element <info> — not standard in concept body
2026-05-15 06:28:26,056 [WARNING] utils.structure_validator: [StructureValidator] WARNING [image_missing_alt]: 'operator_s_station_and_monitoring_systems/display_window.dita' — <image> #1 (href='../media/image285.png') has no alt text — required for accessibility
2026-05-15 06:28:26,056 [WARNING] utils.structure_validator: [StructureValidator] WARNING [image_missing_alt]: 'operator_s_station_and_monitoring_systems/display_window.dita' — <image> #2 (href='../media/image246.png') has no alt text — required for accessibility
2026-05-15 06:28:26,056 [WARNING] utils.structure_validator: [StructureValidator] WARNING [image_missing_alt]: 'operator_s_station_and_monitoring_systems/display_window.dita' — <image> #3 (href='../media/image247.png') has no alt text — required for accessibility
2026-05-15 06:28:26,056 [WARNING] utils.structure_validator: [StructureValidator] WARNING [image_missing_alt]: 'operator_s_station_and_monitoring_systems/display_window.dita' — <image> #4 (href='../media/image248.png') has no alt text — required for accessibility
2026-05-15 06:28:26,056 [WARNING] utils.structure_validator: [StructureValidator] WARNING [image_missing_alt]: 'operator_s_station_and_monitoring_systems/display_window.dita' — <image> #5 (href='../media/image249.png') has no alt text — required for accessibility
2026-05-15 06:28:26,058 [WARNING] utils.structure_validator: [StructureValidator] WARNING [invalid_conbody_child]: 'operator_s_station_and_monitoring_systems/playing_a_usb_device.dita' — <conbody> contains unexpected element <info> — not standard in concept body
2026-05-15 06:28:26,058 [WARNING] utils.structure_validator: [StructureValidator] WARNING [image_missing_alt]: 'operator_s_station_and_monitoring_systems/playing_a_usb_device.dita' — <image> #1 (href='../media/image446.png') has no alt text — required for accessibility
2026-05-15 06:28:26,058 [WARNING] utils.structure_validator: [StructureValidator] WARNING [image_missing_alt]: 'operator_s_station_and_monitoring_systems/playing_a_usb_device.dita' — <image> #2 (href='../media/image447.png') has no alt text — required for accessibility
2026-05-15 06:28:26,058 [WARNING] utils.structure_validator: [StructureValidator] WARNING [image_missing_alt]: 'operator_s_station_and_monitoring_systems/playing_a_usb_device.dita' — <image> #3 (href='../media/image449a.png') has no alt text — required for accessibility
2026-05-15 06:28:26,058 [WARNING] utils.structure_validator: [StructureValidator] WARNING [image_missing_alt]: 'operator_s_station_and_monitoring_systems/playing_a_usb_device.dita' — <image> #4 (href='../media/image450.png') has no alt text — required for accessibility
2026-05-15 06:28:26,058 [WARNING] utils.structure_validator: [StructureValidator] WARNING [image_missing_alt]: 'operator_s_station_and_monitoring_systems/playing_a_usb_device.dita' — <image> #5 (href='../media/image451.png') has no alt text — required for accessibility
2026-05-15 06:28:26,059 [WARNING] utils.structure_validator: [StructureValidator] WARNING [image_missing_alt]: 'operator_s_station_and_monitoring_systems/operator_s_station_and_monitoring_systems.dita' — <image> #1 (href='../media/image136.png') has no alt text — required for accessibility
2026-05-15 06:28:26,059 [WARNING] utils.structure_validator: [StructureValidator] WARNING [image_missing_alt]: 'operator_s_station_and_monitoring_systems/operator_s_station_and_monitoring_systems.dita' — <image> #2 (href='../media/image152.png') has no alt text — required for accessibility
2026-05-15 06:28:26,060 [WARNING] utils.structure_validator: [StructureValidator] WARNING [invalid_conbody_child]: 'operator_s_station_and_monitoring_systems/controlling_the_playback.dita' — <conbody> contains unexpected element <info> — not standard in concept body
2026-05-15 06:28:26,060 [WARNING] utils.structure_validator: [StructureValidator] WARNING [image_missing_alt]: 'operator_s_station_and_monitoring_systems/controlling_the_playback.dita' — <image> #1 (href='../media/image469a.png') has no alt text — required for accessibility
2026-05-15 06:28:26,060 [WARNING] utils.structure_validator: [StructureValidator] WARNING [image_missing_alt]: 'operator_s_station_and_monitoring_systems/controlling_the_playback.dita' — <image> #2 (href='../media/image406b.png') has no alt text — required for accessibility
2026-05-15 06:28:26,060 [WARNING] utils.structure_validator: [StructureValidator] WARNING [image_missing_alt]: 'operator_s_station_and_monitoring_systems/controlling_the_playback.dita' — <image> #3 (href='../media/image480.png') has no alt text — required for accessibility
2026-05-15 06:28:26,060 [WARNING] utils.structure_validator: [StructureValidator] WARNING [image_missing_alt]: 'operator_s_station_and_monitoring_systems/controlling_the_playback.dita' — <image> #4 (href='../media/image481.png') has no alt text — required for accessibility
2026-05-15 06:28:26,061 [WARNING] utils.structure_validator: [StructureValidator] WARNING [image_missing_alt]: 'operator_s_station_and_monitoring_systems/heater_flow_control_valve.dita' — <image> #1 (href='../media/image611.png') has no alt text — required for accessibility
2026-05-15 06:28:26,061 [WARNING] utils.structure_validator: [StructureValidator] WARNING [empty_body]: 'operator_s_station_and_monitoring_systems/rear_camera_only_rear_view_option.dita' — <conbody> exists but has no child elements or text content
2026-05-15 06:28:26,061 [WARNING] utils.structure_validator: [StructureValidator] WARNING [missing_shortdesc]: 'operator_s_station_and_monitoring_systems/rear_camera_only_rear_view_option.dita' — <shortdesc> element is missing — required for search previews and navigation
2026-05-15 06:28:26,062 [WARNING] utils.structure_validator: [StructureValidator] WARNING [image_missing_alt]: 'operator_s_station_and_monitoring_systems/a_description_of_the_buttons_basic_operation.dita' — <image> #1 (href='../media/image612.png') has no alt text — required for accessibility
2026-05-15 06:28:26,063 [WARNING] utils.structure_validator: [StructureValidator] WARNING [image_missing_alt]: 'operator_s_station_and_monitoring_systems/wired_remote_controller.dita' — <image> #1 (href='../media/image298.png') has no alt text — required for accessibility
2026-05-15 06:28:26,063 [WARNING] utils.structure_validator: [StructureValidator] WARNING [missing_steps]: 'operator_s_station_and_monitoring_systems/c_engine_ignition_start_switch.dita' — <taskbody> has no <steps> or <steps-unordered> element
2026-05-15 06:28:26,063 [WARNING] utils.structure_validator: [StructureValidator] WARNING [image_missing_alt]: 'operator_s_station_and_monitoring_systems/c_engine_ignition_start_switch.dita' — <image> #1 (href='../media/image204.png') has no alt text — required for accessibility
2026-05-15 06:28:26,064 [WARNING] utils.structure_validator: [StructureValidator] WARNING [image_missing_alt]: 'operator_s_station_and_monitoring_systems/adjusting_volume_directly.dita' — <image> #1 (href='../media/image363.png') has no alt text — required for accessibility
2026-05-15 06:28:26,064 [WARNING] utils.structure_validator: [StructureValidator] WARNING [image_missing_alt]: 'operator_s_station_and_monitoring_systems/adjusting_volume_directly.dita' — <image> #2 (href='../media/image357.png') has no alt text — required for accessibility
2026-05-15 06:28:26,064 [WARNING] utils.structure_validator: [StructureValidator] WARNING [image_missing_alt]: 'operator_s_station_and_monitoring_systems/adjusting_volume_directly.dita' — <image> #3 (href='../media/image383.png') has no alt text — required for accessibility
2026-05-15 06:28:26,064 [WARNING] utils.structure_validator: [StructureValidator] WARNING [image_missing_alt]: 'operator_s_station_and_monitoring_systems/adjusting_volume_directly.dita' — <image> #4 (href='../media/image377.png') has no alt text — required for accessibility
2026-05-15 06:28:26,064 [WARNING] utils.structure_validator: [StructureValidator] WARNING [image_missing_alt]: 'operator_s_station_and_monitoring_systems/adjusting_volume_directly.dita' — <image> #5 (href='../media/image396.png') has no alt text — required for accessibility
2026-05-15 06:28:26,065 [WARNING] utils.structure_validator: [StructureValidator] WARNING [image_missing_alt]: 'operator_s_station_and_monitoring_systems/saving_radio_stations_manually.dita' — <image> #1 (href='../media/image418a.png') has no alt text — required for accessibility
2026-05-15 06:28:26,066 [WARNING] utils.structure_validator: [StructureValidator] WARNING [invalid_conbody_child]: 'operator_s_station_and_monitoring_systems/parking_brake_switch.dita' — <conbody> contains unexpected element <steps-informal> — not standard in concept body
2026-05-15 06:28:26,066 [WARNING] utils.structure_validator: [StructureValidator] WARNING [image_missing_alt]: 'operator_s_station_and_monitoring_systems/parking_brake_switch.dita' — <image> #1 (href='../media/image216.png') has no alt text — required for accessibility
2026-05-15 06:28:26,066 [WARNING] utils.structure_validator: [StructureValidator] WARNING [image_missing_alt]: 'operator_s_station_and_monitoring_systems/b_speed_meter.dita' — <image> #1 (href='../media/image213.png') has no alt text — required for accessibility
2026-05-15 06:28:26,068 [WARNING] utils.structure_validator: [StructureValidator] WARNING [image_missing_alt]: 'serial_number/serial_number_locations.dita' — <image> #1 (href='../media/image159.png') has no alt text — required for accessibility
2026-05-15 06:28:26,068 [WARNING] utils.structure_validator: [StructureValidator] WARNING [image_missing_alt]: 'serial_number/serial_number_locations.dita' — <image> #2 (href='../media/image157.png') has no alt text — required for accessibility
2026-05-15 06:28:26,068 [WARNING] utils.structure_validator: [StructureValidator] WARNING [image_missing_alt]: 'serial_number/serial_number_locations.dita' — <image> #3 (href='../media/image165.png') has no alt text — required for accessibility
2026-05-15 06:28:26,068 [WARNING] utils.structure_validator: [StructureValidator] WARNING [empty_body]: 'serial_number/serial_number.dita' — <conbody> exists but has no child elements or text content
2026-05-15 06:28:26,068 [WARNING] utils.structure_validator: [StructureValidator] WARNING [missing_shortdesc]: 'serial_number/serial_number.dita' — <shortdesc> element is missing — required for search previews and navigation
2026-05-15 06:28:26,070 [WARNING] utils.structure_validator: [StructureValidator] WARNING [image_missing_alt]: 'operator_s_warning_and_identification_plate/identification_lift_capacity_and_attachment_plate.dita' — <image> #1 (href='../media/image135.png') has no alt text — required for accessibility
2026-05-15 06:28:26,070 [WARNING] utils.structure_validator: [StructureValidator] WARNING [image_missing_alt]: 'operator_s_warning_and_identification_plate/operator_s_warning_plate.dita' — <image> #1 (href='../media/image167.png') has no alt text — required for accessibility
2026-05-15 06:28:26,071 [WARNING] utils.structure_validator: [StructureValidator] WARNING [empty_body]: 'seat_switch_system/seat.dita' — <conbody> exists but has no child elements or text content
2026-05-15 06:28:26,071 [WARNING] utils.structure_validator: [StructureValidator] WARNING [missing_shortdesc]: 'seat_switch_system/seat.dita' — <shortdesc> element is missing — required for search previews and navigation
2026-05-15 06:28:26,071 [WARNING] utils.structure_validator: [StructureValidator] WARNING [image_missing_alt]: 'seat_switch_system/circuit_breaker.dita' — <image> #1 (href='../media/image714.png') has no alt text — required for accessibility
2026-05-15 06:28:26,072 [WARNING] utils.structure_validator: [StructureValidator] WARNING [missing_steps]: 'seat_switch_system/seat_adjustment_2.dita' — <taskbody> has no <steps> or <steps-unordered> element
2026-05-15 06:28:26,072 [WARNING] utils.structure_validator: [StructureValidator] WARNING [image_missing_alt]: 'seat_switch_system/seat_adjustment_2.dita' — <image> #1 (href='../media/image698.png') has no alt text — required for accessibility
2026-05-15 06:28:26,072 [WARNING] utils.structure_validator: [StructureValidator] WARNING [image_missing_alt]: 'seat_switch_system/seat_adjustment_2.dita' — <image> #2 (href='../media/image699.png') has no alt text — required for accessibility
2026-05-15 06:28:26,072 [WARNING] utils.structure_validator: [StructureValidator] WARNING [image_missing_alt]: 'seat_switch_system/seat_adjustment_2.dita' — <image> #3 (href='../media/image708.png') has no alt text — required for accessibility
2026-05-15 06:28:26,073 [WARNING] utils.structure_validator: [StructureValidator] WARNING [image_missing_alt]: 'seat_switch_system/fuse_box.dita' — <image> #1 (href='../media/image696.png') has no alt text — required for accessibility
2026-05-15 06:28:26,073 [WARNING] utils.structure_validator: [StructureValidator] WARNING [image_missing_alt]: 'seat_switch_system/air_suspension_seat_option_grammer.dita' — <image> #1 (href='../media/image709.png') has no alt text — required for accessibility
2026-05-15 06:28:26,074 [WARNING] utils.structure_validator: [StructureValidator] WARNING [invalid_conbody_child]: 'seat_switch_system/seat_switch_system.dita' — <conbody> contains unexpected element <info> — not standard in concept body
2026-05-15 06:28:26,074 [WARNING] utils.structure_validator: [StructureValidator] WARNING [image_missing_alt]: 'seat_switch_system/seat_switch_system.dita' — <image> #1 (href='../media/image693a.png') has no alt text — required for accessibility
2026-05-15 06:28:26,075 [WARNING] utils.structure_validator: [StructureValidator] WARNING [invalid_conbody_child]: 'seat_switch_system/tow_eye.dita' — <conbody> contains unexpected element <steps-informal> — not standard in concept body
2026-05-15 06:28:26,075 [WARNING] utils.structure_validator: [StructureValidator] WARNING [image_missing_alt]: 'seat_switch_system/tow_eye.dita' — <image> #1 (href='../media/image695.png') has no alt text — required for accessibility
2026-05-15 06:28:26,075 [WARNING] utils.structure_validator: [StructureValidator] WARNING [image_missing_alt]: 'seat_switch_system/steering_column_tilting_angle_adjustment.dita' — <image> #1 (href='../media/image694.png') has no alt text — required for accessibility
2026-05-15 06:28:26,076 [WARNING] utils.structure_validator: [StructureValidator] WARNING [image_missing_alt]: 'before_starting_the_engine/walk_around_inspection.dita' — <image> #1 (href='../media/image744.png') has no alt text — required for accessibility
2026-05-15 06:28:26,076 [WARNING] utils.structure_validator: [StructureValidator] WARNING [image_missing_alt]: 'before_starting_the_engine/walk_around_inspection.dita' — <image> #2 (href='../media/image732.png') has no alt text — required for accessibility
2026-05-15 06:28:26,076 [WARNING] utils.structure_validator: [StructureValidator] WARNING [image_missing_alt]: 'before_starting_the_engine/walk_around_inspection.dita' — <image> #3 (href='../media/image747.png') has no alt text — required for accessibility
2026-05-15 06:28:26,076 [WARNING] utils.structure_validator: [StructureValidator] WARNING [image_missing_alt]: 'before_starting_the_engine/walk_around_inspection.dita' — <image> #4 (href='../media/image749.png') has no alt text — required for accessibility
2026-05-15 06:28:26,076 [WARNING] utils.structure_validator: [StructureValidator] WARNING [image_missing_alt]: 'before_starting_the_engine/walk_around_inspection.dita' — <image> #5 (href='../media/image932.png') has no alt text — required for accessibility
2026-05-15 06:28:26,077 [WARNING] utils.structure_validator: [StructureValidator] WARNING [image_missing_alt]: 'before_starting_the_engine/walk_around_inspection.dita' — <image> #6 (href='../media/image752.png') has no alt text — required for accessibility
2026-05-15 06:28:26,077 [WARNING] utils.structure_validator: [StructureValidator] WARNING [empty_body]: 'before_starting_the_engine/before_starting_the_engine.dita' — <conbody> exists but has no child elements or text content
2026-05-15 06:28:26,077 [WARNING] utils.structure_validator: [StructureValidator] WARNING [missing_shortdesc]: 'before_starting_the_engine/before_starting_the_engine.dita' — <shortdesc> element is missing — required for search previews and navigation
2026-05-15 06:28:26,078 [WARNING] utils.structure_validator: [StructureValidator] WARNING [table_missing_title]: 'capacity_chart/capacity_chart.dita' — <table> #1 has no <title> element — required for accessibility and DITA compliance
2026-05-15 06:28:26,078 [WARNING] utils.structure_validator: [StructureValidator] WARNING [image_missing_alt]: 'capacity_chart/capacity_chart.dita' — <image> #1 (href='../media/image113.png') has no alt text — required for accessibility
2026-05-15 06:28:26,078 [WARNING] utils.structure_validator: [StructureValidator] WARNING [image_missing_alt]: 'capacity_chart/capacity_chart.dita' — <image> #2 (href='../media/image137.png') has no alt text — required for accessibility
2026-05-15 06:28:26,079 [WARNING] utils.structure_validator: [StructureValidator] WARNING [invalid_conbody_child]: 'operating_techniques/lifting_drums_or_round_objects.dita' — <conbody> contains unexpected element <info> — not standard in concept body
2026-05-15 06:28:26,079 [WARNING] utils.structure_validator: [StructureValidator] WARNING [image_missing_alt]: 'operating_techniques/lifting_drums_or_round_objects.dita' — <image> #1 (href='../media/image802.png') has no alt text — required for accessibility
2026-05-15 06:28:26,079 [WARNING] utils.structure_validator: [StructureValidator] WARNING [image_missing_alt]: 'operating_techniques/lifting_drums_or_round_objects.dita' — <image> #2 (href='../media/image803.png') has no alt text — required for accessibility
2026-05-15 06:28:26,080 [WARNING] utils.structure_validator: [StructureValidator] WARNING [empty_body]: 'operating_techniques/operating_techniques.dita' — <conbody> exists but has no child elements or text content
2026-05-15 06:28:26,080 [WARNING] utils.structure_validator: [StructureValidator] WARNING [missing_shortdesc]: 'operating_techniques/operating_techniques.dita' — <shortdesc> element is missing — required for search previews and navigation
2026-05-15 06:28:26,080 [WARNING] utils.structure_validator: [StructureValidator] WARNING [image_missing_alt]: 'operating_techniques/turning.dita' — <image> #1 (href='../media/image800.png') has no alt text — required for accessibility
2026-05-15 06:28:26,080 [WARNING] utils.structure_validator: [StructureValidator] WARNING [image_missing_alt]: 'operating_techniques/turning.dita' — <image> #2 (href='../media/image801.png') has no alt text — required for accessibility
2026-05-15 06:28:26,081 [WARNING] utils.structure_validator: [StructureValidator] WARNING [image_missing_alt]: 'operating_techniques/safety_instructions_for_attachments_when_transporting_wide_loads.dita' — <image> #1 (href='../media/image805.png') has no alt text — required for accessibility
2026-05-15 06:28:26,082 [WARNING] utils.structure_validator: [StructureValidator] WARNING [invalid_conbody_child]: 'operating_techniques/unloading.dita' — <conbody> contains unexpected element <info> — not standard in concept body
2026-05-15 06:28:26,082 [WARNING] utils.structure_validator: [StructureValidator] WARNING [image_missing_alt]: 'operating_techniques/unloading.dita' — <image> #1 (href='../media/image794.png') has no alt text — required for accessibility
2026-05-15 06:28:26,082 [WARNING] utils.structure_validator: [StructureValidator] WARNING [image_missing_alt]: 'operating_techniques/unloading.dita' — <image> #2 (href='../media/image796.png') has no alt text — required for accessibility
2026-05-15 06:28:26,082 [WARNING] utils.structure_validator: [StructureValidator] WARNING [image_missing_alt]: 'operating_techniques/unloading.dita' — <image> #3 (href='../media/image798.png') has no alt text — required for accessibility
2026-05-15 06:28:26,082 [WARNING] utils.structure_validator: [StructureValidator] WARNING [image_missing_alt]: 'operating_techniques/unloading.dita' — <image> #4 (href='../media/image799.png') has no alt text — required for accessibility
2026-05-15 06:28:26,083 [WARNING] utils.structure_validator: [StructureValidator] WARNING [image_missing_alt]: 'operating_techniques/lifting_the_load.dita' — <image> #1 (href='../media/image789.png') has no alt text — required for accessibility
2026-05-15 06:28:26,083 [WARNING] utils.structure_validator: [StructureValidator] WARNING [image_missing_alt]: 'operating_techniques/lifting_the_load.dita' — <image> #2 (href='../media/image790.png') has no alt text — required for accessibility
2026-05-15 06:28:26,084 [WARNING] utils.structure_validator: [StructureValidator] WARNING [image_missing_alt]: 'operating_techniques/inching_into_loads.dita' — <image> #1 (href='../media/image787.png') has no alt text — required for accessibility
2026-05-15 06:28:26,084 [WARNING] utils.structure_validator: [StructureValidator] WARNING [image_missing_alt]: 'operating_techniques/inching_into_loads.dita' — <image> #2 (href='../media/image788.png') has no alt text — required for accessibility
2026-05-15 06:28:26,084 [WARNING] utils.structure_validator: [StructureValidator] WARNING [invalid_conbody_child]: 'operating_techniques/safety_instructions_for_attachments_when_transporting_suspended_load.dita' — <conbody> contains unexpected element <steps-informal> — not standard in concept body
2026-05-15 06:28:26,085 [WARNING] utils.structure_validator: [StructureValidator] WARNING [image_missing_alt]: 'operating_techniques/safety_instructions_for_attachments_when_transporting_suspended_load.dita' — <image> #1 (href='../media/image804.png') has no alt text — required for accessibility
2026-05-15 06:28:26,085 [WARNING] utils.structure_validator: [StructureValidator] WARNING [invalid_conbody_child]: 'operating_techniques/traveling_with_the_load.dita' — <conbody> contains unexpected element <info> — not standard in concept body
2026-05-15 06:28:26,085 [WARNING] utils.structure_validator: [StructureValidator] WARNING [image_missing_alt]: 'operating_techniques/traveling_with_the_load.dita' — <image> #1 (href='../media/image791.png') has no alt text — required for accessibility
2026-05-15 06:28:26,086 [WARNING] utils.structure_validator: [StructureValidator] WARNING [image_missing_alt]: 'operating_techniques/traveling_with_the_load.dita' — <image> #2 (href='../media/image792.png') has no alt text — required for accessibility
2026-05-15 06:28:26,087 [WARNING] utils.structure_validator: [StructureValidator] WARNING [missing_steps]: 'specifications/specifications.dita' — <taskbody> has no <steps> or <steps-unordered> element
2026-05-15 06:28:26,087 [WARNING] utils.structure_validator: [StructureValidator] WARNING [table_col_mismatch]: 'specifications/specifications.dita' — table 1 row has 1 entries but cols=8
2026-05-15 06:28:26,088 [WARNING] utils.structure_validator: [StructureValidator] WARNING [table_col_mismatch]: 'specifications/specifications.dita' — table 1 row has 7 entries but cols=8
2026-05-15 06:28:26,088 [WARNING] utils.structure_validator: [StructureValidator] WARNING [table_col_mismatch]: 'specifications/specifications.dita' — table 1 row has 7 entries but cols=8
2026-05-15 06:28:26,088 [WARNING] utils.structure_validator: [StructureValidator] WARNING [table_col_mismatch]: 'specifications/specifications.dita' — table 1 row has 7 entries but cols=8
2026-05-15 06:28:26,088 [WARNING] utils.structure_validator: [StructureValidator] WARNING [table_col_mismatch]: 'specifications/specifications.dita' — table 1 row has 7 entries but cols=8
2026-05-15 06:28:26,088 [WARNING] utils.structure_validator: [StructureValidator] WARNING [table_col_mismatch]: 'specifications/specifications.dita' — table 1 row has 6 entries but cols=8
2026-05-15 06:28:26,088 [WARNING] utils.structure_validator: [StructureValidator] WARNING [table_col_mismatch]: 'specifications/specifications.dita' — table 1 row has 6 entries but cols=8
2026-05-15 06:28:26,088 [WARNING] utils.structure_validator: [StructureValidator] WARNING [table_col_mismatch]: 'specifications/specifications.dita' — table 1 row has 6 entries but cols=8
2026-05-15 06:28:26,088 [WARNING] utils.structure_validator: [StructureValidator] WARNING [table_col_mismatch]: 'specifications/specifications.dita' — table 1 row has 1 entries but cols=8
2026-05-15 06:28:26,088 [WARNING] utils.structure_validator: [StructureValidator] WARNING [table_col_mismatch]: 'specifications/specifications.dita' — table 1 row has 7 entries but cols=8
2026-05-15 06:28:26,088 [WARNING] utils.structure_validator: [StructureValidator] WARNING [table_col_mismatch]: 'specifications/specifications.dita' — table 1 row has 7 entries but cols=8
2026-05-15 06:28:26,088 [WARNING] utils.structure_validator: [StructureValidator] WARNING [table_col_mismatch]: 'specifications/specifications.dita' — table 1 row has 7 entries but cols=8
2026-05-15 06:28:26,088 [WARNING] utils.structure_validator: [StructureValidator] WARNING [table_col_mismatch]: 'specifications/specifications.dita' — table 1 row has 6 entries but cols=8
2026-05-15 06:28:26,088 [WARNING] utils.structure_validator: [StructureValidator] WARNING [table_col_mismatch]: 'specifications/specifications.dita' — table 1 row has 7 entries but cols=8
2026-05-15 06:28:26,088 [WARNING] utils.structure_validator: [StructureValidator] WARNING [table_col_mismatch]: 'specifications/specifications.dita' — table 1 row has 7 entries but cols=8
2026-05-15 06:28:26,088 [WARNING] utils.structure_validator: [StructureValidator] WARNING [table_col_mismatch]: 'specifications/specifications.dita' — table 1 row has 6 entries but cols=8
2026-05-15 06:28:26,089 [WARNING] utils.structure_validator: [StructureValidator] WARNING [table_col_mismatch]: 'specifications/specifications.dita' — table 1 row has 6 entries but cols=8
2026-05-15 06:28:26,089 [WARNING] utils.structure_validator: [StructureValidator] WARNING [table_col_mismatch]: 'specifications/specifications.dita' — table 1 row has 6 entries but cols=8
2026-05-15 06:28:26,089 [WARNING] utils.structure_validator: [StructureValidator] WARNING [table_col_mismatch]: 'specifications/specifications.dita' — table 1 row has 6 entries but cols=8
2026-05-15 06:28:26,089 [WARNING] utils.structure_validator: [StructureValidator] WARNING [table_col_mismatch]: 'specifications/specifications.dita' — table 1 row has 6 entries but cols=8
2026-05-15 06:28:26,089 [WARNING] utils.structure_validator: [StructureValidator] WARNING [table_col_mismatch]: 'specifications/specifications.dita' — table 1 row has 6 entries but cols=8
2026-05-15 06:28:26,089 [WARNING] utils.structure_validator: [StructureValidator] WARNING [table_col_mismatch]: 'specifications/specifications.dita' — table 1 row has 7 entries but cols=8
2026-05-15 06:28:26,089 [WARNING] utils.structure_validator: [StructureValidator] WARNING [table_col_mismatch]: 'specifications/specifications.dita' — table 1 row has 7 entries but cols=8
2026-05-15 06:28:26,089 [WARNING] utils.structure_validator: [StructureValidator] WARNING [table_col_mismatch]: 'specifications/specifications.dita' — table 1 row has 7 entries but cols=8
2026-05-15 06:28:26,089 [WARNING] utils.structure_validator: [StructureValidator] WARNING [table_col_mismatch]: 'specifications/specifications.dita' — table 1 row has 1 entries but cols=8
2026-05-15 06:28:26,089 [WARNING] utils.structure_validator: [StructureValidator] WARNING [table_col_mismatch]: 'specifications/specifications.dita' — table 1 row has 7 entries but cols=8
2026-05-15 06:28:26,089 [WARNING] utils.structure_validator: [StructureValidator] WARNING [table_col_mismatch]: 'specifications/specifications.dita' — table 1 row has 6 entries but cols=8
2026-05-15 06:28:26,089 [WARNING] utils.structure_validator: [StructureValidator] WARNING [table_col_mismatch]: 'specifications/specifications.dita' — table 1 row has 6 entries but cols=8
2026-05-15 06:28:26,089 [WARNING] utils.structure_validator: [StructureValidator] WARNING [table_col_mismatch]: 'specifications/specifications.dita' — table 1 row has 5 entries but cols=8
2026-05-15 06:28:26,089 [WARNING] utils.structure_validator: [StructureValidator] WARNING [table_col_mismatch]: 'specifications/specifications.dita' — table 1 row has 5 entries but cols=8
2026-05-15 06:28:26,089 [WARNING] utils.structure_validator: [StructureValidator] WARNING [table_col_mismatch]: 'specifications/specifications.dita' — table 1 row has 7 entries but cols=8
2026-05-15 06:28:26,090 [WARNING] utils.structure_validator: [StructureValidator] WARNING [table_col_mismatch]: 'specifications/specifications.dita' — table 1 row has 7 entries but cols=8
2026-05-15 06:28:26,090 [WARNING] utils.structure_validator: [StructureValidator] WARNING [table_col_mismatch]: 'specifications/specifications.dita' — table 1 row has 1 entries but cols=8
2026-05-15 06:28:26,090 [WARNING] utils.structure_validator: [StructureValidator] WARNING [table_col_mismatch]: 'specifications/specifications.dita' — table 1 row has 7 entries but cols=8
2026-05-15 06:28:26,090 [WARNING] utils.structure_validator: [StructureValidator] WARNING [table_col_mismatch]: 'specifications/specifications.dita' — table 1 row has 1 entries but cols=8
2026-05-15 06:28:26,090 [WARNING] utils.structure_validator: [StructureValidator] WARNING [table_col_mismatch]: 'specifications/specifications.dita' — table 1 row has 7 entries but cols=8
2026-05-15 06:28:26,090 [WARNING] utils.structure_validator: [StructureValidator] WARNING [table_col_mismatch]: 'specifications/specifications.dita' — table 1 row has 6 entries but cols=8
2026-05-15 06:28:26,090 [WARNING] utils.structure_validator: [StructureValidator] WARNING [table_col_mismatch]: 'specifications/specifications.dita' — table 1 row has 6 entries but cols=8
2026-05-15 06:28:26,090 [WARNING] utils.structure_validator: [StructureValidator] WARNING [table_col_mismatch]: 'specifications/specifications.dita' — table 1 row has 6 entries but cols=8
2026-05-15 06:28:26,090 [WARNING] utils.structure_validator: [StructureValidator] WARNING [table_col_mismatch]: 'specifications/specifications.dita' — table 1 row has 7 entries but cols=8
2026-05-15 06:28:26,090 [WARNING] utils.structure_validator: [StructureValidator] WARNING [table_col_mismatch]: 'specifications/specifications.dita' — table 1 row has 7 entries but cols=8
2026-05-15 06:28:26,090 [WARNING] utils.structure_validator: [StructureValidator] WARNING [table_col_mismatch]: 'specifications/specifications.dita' — table 1 row has 6 entries but cols=8
2026-05-15 06:28:26,090 [WARNING] utils.structure_validator: [StructureValidator] WARNING [table_col_mismatch]: 'specifications/specifications.dita' — table 1 row has 7 entries but cols=8
2026-05-15 06:28:26,090 [WARNING] utils.structure_validator: [StructureValidator] WARNING [table_col_mismatch]: 'specifications/specifications.dita' — table 1 row has 6 entries but cols=8
2026-05-15 06:28:26,090 [WARNING] utils.structure_validator: [StructureValidator] WARNING [table_col_mismatch]: 'specifications/specifications.dita' — table 1 row has 1 entries but cols=8
2026-05-15 06:28:26,091 [WARNING] utils.structure_validator: [StructureValidator] WARNING [table_col_mismatch]: 'specifications/specifications.dita' — table 1 row has 7 entries but cols=8
2026-05-15 06:28:26,091 [WARNING] utils.structure_validator: [StructureValidator] WARNING [table_col_mismatch]: 'specifications/specifications.dita' — table 1 row has 7 entries but cols=8
2026-05-15 06:28:26,091 [WARNING] utils.structure_validator: [StructureValidator] WARNING [table_col_mismatch]: 'specifications/specifications.dita' — table 1 row has 6 entries but cols=8
2026-05-15 06:28:26,091 [WARNING] utils.structure_validator: [StructureValidator] WARNING [table_col_mismatch]: 'specifications/specifications.dita' — table 1 row has 6 entries but cols=8
2026-05-15 06:28:26,091 [WARNING] utils.structure_validator: [StructureValidator] WARNING [table_col_mismatch]: 'specifications/specifications.dita' — table 1 row has 6 entries but cols=8
2026-05-15 06:28:26,091 [WARNING] utils.structure_validator: [StructureValidator] WARNING [table_col_mismatch]: 'specifications/specifications.dita' — table 1 row has 7 entries but cols=8
2026-05-15 06:28:26,091 [WARNING] utils.structure_validator: [StructureValidator] WARNING [table_col_mismatch]: 'specifications/specifications.dita' — table 1 row has 6 entries but cols=8
2026-05-15 06:28:26,091 [WARNING] utils.structure_validator: [StructureValidator] WARNING [table_col_mismatch]: 'specifications/specifications.dita' — table 1 row has 7 entries but cols=8
2026-05-15 06:28:26,091 [WARNING] utils.structure_validator: [StructureValidator] WARNING [table_missing_title]: 'specifications/specifications.dita' — <table> #1 has no <title> element — required for accessibility and DITA compliance
2026-05-15 06:28:26,091 [WARNING] utils.structure_validator: [StructureValidator] WARNING [table_missing_title]: 'specifications/specifications.dita' — <table> #2 has no <title> element — required for accessibility and DITA compliance
2026-05-15 06:28:26,091 [WARNING] utils.structure_validator: [StructureValidator] WARNING [image_missing_alt]: 'specifications/specifications.dita' — <image> #1 (href='../media/image90.png') has no alt text — required for accessibility
2026-05-15 06:28:26,093 [WARNING] utils.structure_validator: [StructureValidator] WARNING [missing_steps]: 'after_starting_the_engine/def_ad_blue_quality_failure_for_usa.dita' — <taskbody> has no <steps> or <steps-unordered> element
2026-05-15 06:28:26,093 [WARNING] utils.structure_validator: [StructureValidator] WARNING [table_col_mismatch]: 'after_starting_the_engine/def_ad_blue_quality_failure_for_usa.dita' — table 1 row has 4 entries but cols=9
2026-05-15 06:28:26,093 [WARNING] utils.structure_validator: [StructureValidator] WARNING [table_col_mismatch]: 'after_starting_the_engine/def_ad_blue_quality_failure_for_usa.dita' — table 1 row has 6 entries but cols=9
2026-05-15 06:28:26,093 [WARNING] utils.structure_validator: [StructureValidator] WARNING [table_col_mismatch]: 'after_starting_the_engine/def_ad_blue_quality_failure_for_usa.dita' — table 1 row has 6 entries but cols=9
2026-05-15 06:28:26,093 [WARNING] utils.structure_validator: [StructureValidator] WARNING [table_col_mismatch]: 'after_starting_the_engine/def_ad_blue_quality_failure_for_usa.dita' — table 2 row has 4 entries but cols=5
2026-05-15 06:28:26,093 [WARNING] utils.structure_validator: [StructureValidator] WARNING [table_col_mismatch]: 'after_starting_the_engine/def_ad_blue_quality_failure_for_usa.dita' — table 2 row has 2 entries but cols=5
2026-05-15 06:28:26,093 [WARNING] utils.structure_validator: [StructureValidator] WARNING [table_col_mismatch]: 'after_starting_the_engine/def_ad_blue_quality_failure_for_usa.dita' — table 2 row has 2 entries but cols=5
2026-05-15 06:28:26,093 [WARNING] utils.structure_validator: [StructureValidator] WARNING [table_missing_title]: 'after_starting_the_engine/def_ad_blue_quality_failure_for_usa.dita' — <table> #1 has no <title> element — required for accessibility and DITA compliance
2026-05-15 06:28:26,094 [WARNING] utils.structure_validator: [StructureValidator] WARNING [table_missing_title]: 'after_starting_the_engine/def_ad_blue_quality_failure_for_usa.dita' — <table> #2 has no <title> element — required for accessibility and DITA compliance
2026-05-15 06:28:26,094 [WARNING] utils.structure_validator: [StructureValidator] WARNING [image_missing_alt]: 'after_starting_the_engine/def_ad_blue_quality_failure_for_usa.dita' — <image> #1 (href='../media/image950a.png') has no alt text — required for accessibility
2026-05-15 06:28:26,094 [WARNING] utils.structure_validator: [StructureValidator] WARNING [image_missing_alt]: 'after_starting_the_engine/def_ad_blue_quality_failure_for_usa.dita' — <image> #2 (href='../media/image951a.png') has no alt text — required for accessibility
2026-05-15 06:28:26,094 [WARNING] utils.structure_validator: [StructureValidator] WARNING [image_missing_alt]: 'after_starting_the_engine/def_ad_blue_quality_failure_for_usa.dita' — <image> #3 (href='../media/image763b.png') has no alt text — required for accessibility
2026-05-15 06:28:26,094 [WARNING] utils.structure_validator: [StructureValidator] WARNING [image_missing_alt]: 'after_starting_the_engine/def_ad_blue_quality_failure_for_usa.dita' — <image> #4 (href='../media/image764.png') has no alt text — required for accessibility
2026-05-15 06:28:26,094 [WARNING] utils.structure_validator: [StructureValidator] WARNING [image_missing_alt]: 'after_starting_the_engine/def_ad_blue_quality_failure_for_usa.dita' — <image> #5 (href='../media/image771.png') has no alt text — required for accessibility
2026-05-15 06:28:26,094 [WARNING] utils.structure_validator: [StructureValidator] WARNING [image_missing_alt]: 'after_starting_the_engine/def_ad_blue_quality_failure_for_usa.dita' — <image> #6 (href='../media/image772.png') has no alt text — required for accessibility
2026-05-15 06:28:26,095 [WARNING] utils.structure_validator: [StructureValidator] WARNING [table_col_mismatch]: 'after_starting_the_engine/impeded_egr_for_europe.dita' — table 1 row has 4 entries but cols=9
2026-05-15 06:28:26,095 [WARNING] utils.structure_validator: [StructureValidator] WARNING [table_col_mismatch]: 'after_starting_the_engine/impeded_egr_for_europe.dita' — table 1 row has 6 entries but cols=9
2026-05-15 06:28:26,095 [WARNING] utils.structure_validator: [StructureValidator] WARNING [table_col_mismatch]: 'after_starting_the_engine/impeded_egr_for_europe.dita' — table 1 row has 6 entries but cols=9
2026-05-15 06:28:26,095 [WARNING] utils.structure_validator: [StructureValidator] WARNING [table_col_mismatch]: 'after_starting_the_engine/impeded_egr_for_europe.dita' — table 1 row has 8 entries but cols=9
2026-05-15 06:28:26,096 [WARNING] utils.structure_validator: [StructureValidator] WARNING [table_col_mismatch]: 'after_starting_the_engine/impeded_egr_for_europe.dita' — table 1 row has 8 entries but cols=9
2026-05-15 06:28:26,096 [WARNING] utils.structure_validator: [StructureValidator] WARNING [table_col_mismatch]: 'after_starting_the_engine/impeded_egr_for_europe.dita' — table 1 row has 8 entries but cols=9
2026-05-15 06:28:26,096 [WARNING] utils.structure_validator: [StructureValidator] WARNING [table_col_mismatch]: 'after_starting_the_engine/impeded_egr_for_europe.dita' — table 2 row has 4 entries but cols=5
2026-05-15 06:28:26,096 [WARNING] utils.structure_validator: [StructureValidator] WARNING [table_col_mismatch]: 'after_starting_the_engine/impeded_egr_for_europe.dita' — table 2 row has 2 entries but cols=5
2026-05-15 06:28:26,096 [WARNING] utils.structure_validator: [StructureValidator] WARNING [table_col_mismatch]: 'after_starting_the_engine/impeded_egr_for_europe.dita' — table 2 row has 2 entries but cols=5
2026-05-15 06:28:26,096 [WARNING] utils.structure_validator: [StructureValidator] WARNING [table_col_mismatch]: 'after_starting_the_engine/impeded_egr_for_europe.dita' — table 2 row has 4 entries but cols=5
2026-05-15 06:28:26,096 [WARNING] utils.structure_validator: [StructureValidator] WARNING [table_col_mismatch]: 'after_starting_the_engine/impeded_egr_for_europe.dita' — table 2 row has 4 entries but cols=5
2026-05-15 06:28:26,096 [WARNING] utils.structure_validator: [StructureValidator] WARNING [table_col_mismatch]: 'after_starting_the_engine/impeded_egr_for_europe.dita' — table 2 row has 4 entries but cols=5
2026-05-15 06:28:26,096 [WARNING] utils.structure_validator: [StructureValidator] WARNING [table_missing_title]: 'after_starting_the_engine/impeded_egr_for_europe.dita' — <table> #1 has no <title> element — required for accessibility and DITA compliance
2026-05-15 06:28:26,096 [WARNING] utils.structure_validator: [StructureValidator] WARNING [table_missing_title]: 'after_starting_the_engine/impeded_egr_for_europe.dita' — <table> #2 has no <title> element — required for accessibility and DITA compliance
2026-05-15 06:28:26,096 [WARNING] utils.structure_validator: [StructureValidator] WARNING [image_missing_alt]: 'after_starting_the_engine/impeded_egr_for_europe.dita' — <image> #1 (href='../media/image950a.png') has no alt text — required for accessibility
2026-05-15 06:28:26,096 [WARNING] utils.structure_validator: [StructureValidator] WARNING [image_missing_alt]: 'after_starting_the_engine/impeded_egr_for_europe.dita' — <image> #2 (href='../media/image951a.png') has no alt text — required for accessibility
2026-05-15 06:28:26,096 [WARNING] utils.structure_validator: [StructureValidator] WARNING [image_missing_alt]: 'after_starting_the_engine/impeded_egr_for_europe.dita' — <image> #3 (href='../media/image763b.png') has no alt text — required for accessibility
2026-05-15 06:28:26,096 [WARNING] utils.structure_validator: [StructureValidator] WARNING [image_missing_alt]: 'after_starting_the_engine/impeded_egr_for_europe.dita' — <image> #4 (href='../media/image764.png') has no alt text — required for accessibility
2026-05-15 06:28:26,097 [WARNING] utils.structure_validator: [StructureValidator] WARNING [image_missing_alt]: 'after_starting_the_engine/impeded_egr_for_europe.dita' — <image> #5 (href='../media/image781.png') has no alt text — required for accessibility
2026-05-15 06:28:26,097 [WARNING] utils.structure_validator: [StructureValidator] WARNING [image_missing_alt]: 'after_starting_the_engine/impeded_egr_for_europe.dita' — <image> #6 (href='../media/image782.png') has no alt text — required for accessibility
2026-05-15 06:28:26,098 [WARNING] utils.structure_validator: [StructureValidator] WARNING [section_missing_title]: 'after_starting_the_engine/def_ad_blue_level_inducement_for_europe.dita' — <section> #1 has no <title> — recommended for DITA compliance
2026-05-15 06:28:26,098 [WARNING] utils.structure_validator: [StructureValidator] WARNING [table_col_mismatch]: 'after_starting_the_engine/def_ad_blue_level_inducement_for_europe.dita' — table 1 row has 4 entries but cols=9
2026-05-15 06:28:26,098 [WARNING] utils.structure_validator: [StructureValidator] WARNING [table_col_mismatch]: 'after_starting_the_engine/def_ad_blue_level_inducement_for_europe.dita' — table 1 row has 6 entries but cols=9
2026-05-15 06:28:26,098 [WARNING] utils.structure_validator: [StructureValidator] WARNING [table_col_mismatch]: 'after_starting_the_engine/def_ad_blue_level_inducement_for_europe.dita' — table 1 row has 6 entries but cols=9
2026-05-15 06:28:26,098 [WARNING] utils.structure_validator: [StructureValidator] WARNING [table_col_mismatch]: 'after_starting_the_engine/def_ad_blue_level_inducement_for_europe.dita' — table 2 row has 4 entries but cols=5
2026-05-15 06:28:26,098 [WARNING] utils.structure_validator: [StructureValidator] WARNING [table_col_mismatch]: 'after_starting_the_engine/def_ad_blue_level_inducement_for_europe.dita' — table 2 row has 2 entries but cols=5
2026-05-15 06:28:26,098 [WARNING] utils.structure_validator: [StructureValidator] WARNING [table_col_mismatch]: 'after_starting_the_engine/def_ad_blue_level_inducement_for_europe.dita' — table 2 row has 2 entries but cols=5
2026-05-15 06:28:26,098 [WARNING] utils.structure_validator: [StructureValidator] WARNING [table_missing_title]: 'after_starting_the_engine/def_ad_blue_level_inducement_for_europe.dita' — <table> #1 has no <title> element — required for accessibility and DITA compliance
2026-05-15 06:28:26,099 [WARNING] utils.structure_validator: [StructureValidator] WARNING [table_missing_title]: 'after_starting_the_engine/def_ad_blue_level_inducement_for_europe.dita' — <table> #2 has no <title> element — required for accessibility and DITA compliance
2026-05-15 06:28:26,099 [WARNING] utils.structure_validator: [StructureValidator] WARNING [image_missing_alt]: 'after_starting_the_engine/def_ad_blue_level_inducement_for_europe.dita' — <image> #1 (href='../media/image950a.png') has no alt text — required for accessibility
2026-05-15 06:28:26,099 [WARNING] utils.structure_validator: [StructureValidator] WARNING [image_missing_alt]: 'after_starting_the_engine/def_ad_blue_level_inducement_for_europe.dita' — <image> #2 (href='../media/image951a.png') has no alt text — required for accessibility
2026-05-15 06:28:26,099 [WARNING] utils.structure_validator: [StructureValidator] WARNING [image_missing_alt]: 'after_starting_the_engine/def_ad_blue_level_inducement_for_europe.dita' — <image> #3 (href='../media/image763b.png') has no alt text — required for accessibility
2026-05-15 06:28:26,099 [WARNING] utils.structure_validator: [StructureValidator] WARNING [image_missing_alt]: 'after_starting_the_engine/def_ad_blue_level_inducement_for_europe.dita' — <image> #4 (href='../media/image764.png') has no alt text — required for accessibility
2026-05-15 06:28:26,099 [WARNING] utils.structure_validator: [StructureValidator] WARNING [image_missing_alt]: 'after_starting_the_engine/def_ad_blue_level_inducement_for_europe.dita' — <image> #5 (href='../media/image769.png') has no alt text — required for accessibility
2026-05-15 06:28:26,099 [WARNING] utils.structure_validator: [StructureValidator] WARNING [image_missing_alt]: 'after_starting_the_engine/def_ad_blue_level_inducement_for_europe.dita' — <image> #6 (href='../media/image770.png') has no alt text — required for accessibility
2026-05-15 06:28:26,101 [WARNING] utils.structure_validator: [StructureValidator] WARNING [table_col_mismatch]: 'after_starting_the_engine/scr_system_tampering_for_usa.dita' — table 1 row has 4 entries but cols=9
2026-05-15 06:28:26,101 [WARNING] utils.structure_validator: [StructureValidator] WARNING [table_col_mismatch]: 'after_starting_the_engine/scr_system_tampering_for_usa.dita' — table 1 row has 6 entries but cols=9
2026-05-15 06:28:26,101 [WARNING] utils.structure_validator: [StructureValidator] WARNING [table_col_mismatch]: 'after_starting_the_engine/scr_system_tampering_for_usa.dita' — table 1 row has 6 entries but cols=9
2026-05-15 06:28:26,101 [WARNING] utils.structure_validator: [StructureValidator] WARNING [table_col_mismatch]: 'after_starting_the_engine/scr_system_tampering_for_usa.dita' — table 2 row has 4 entries but cols=5
2026-05-15 06:28:26,101 [WARNING] utils.structure_validator: [StructureValidator] WARNING [table_col_mismatch]: 'after_starting_the_engine/scr_system_tampering_for_usa.dita' — table 2 row has 2 entries but cols=5
2026-05-15 06:28:26,101 [WARNING] utils.structure_validator: [StructureValidator] WARNING [table_col_mismatch]: 'after_starting_the_engine/scr_system_tampering_for_usa.dita' — table 2 row has 2 entries but cols=5
2026-05-15 06:28:26,101 [WARNING] utils.structure_validator: [StructureValidator] WARNING [table_missing_title]: 'after_starting_the_engine/scr_system_tampering_for_usa.dita' — <table> #1 has no <title> element — required for accessibility and DITA compliance
2026-05-15 06:28:26,101 [WARNING] utils.structure_validator: [StructureValidator] WARNING [table_missing_title]: 'after_starting_the_engine/scr_system_tampering_for_usa.dita' — <table> #2 has no <title> element — required for accessibility and DITA compliance
2026-05-15 06:28:26,101 [WARNING] utils.structure_validator: [StructureValidator] WARNING [image_missing_alt]: 'after_starting_the_engine/scr_system_tampering_for_usa.dita' — <image> #1 (href='../media/image950a.png') has no alt text — required for accessibility
2026-05-15 06:28:26,101 [WARNING] utils.structure_validator: [StructureValidator] WARNING [image_missing_alt]: 'after_starting_the_engine/scr_system_tampering_for_usa.dita' — <image> #2 (href='../media/image951a.png') has no alt text — required for accessibility
2026-05-15 06:28:26,101 [WARNING] utils.structure_validator: [StructureValidator] WARNING [image_missing_alt]: 'after_starting_the_engine/scr_system_tampering_for_usa.dita' — <image> #3 (href='../media/image763b.png') has no alt text — required for accessibility
2026-05-15 06:28:26,101 [WARNING] utils.structure_validator: [StructureValidator] WARNING [image_missing_alt]: 'after_starting_the_engine/scr_system_tampering_for_usa.dita' — <image> #4 (href='../media/image764.png') has no alt text — required for accessibility
2026-05-15 06:28:26,101 [WARNING] utils.structure_validator: [StructureValidator] WARNING [image_missing_alt]: 'after_starting_the_engine/scr_system_tampering_for_usa.dita' — <image> #5 (href='../media/image775.png') has no alt text — required for accessibility
2026-05-15 06:28:26,102 [WARNING] utils.structure_validator: [StructureValidator] WARNING [image_missing_alt]: 'after_starting_the_engine/scr_system_tampering_for_usa.dita' — <image> #6 (href='../media/image776.png') has no alt text — required for accessibility
2026-05-15 06:28:26,103 [WARNING] utils.structure_validator: [StructureValidator] WARNING [missing_steps]: 'after_starting_the_engine/def_ad_blue_level_inducement_for_usa.dita' — <taskbody> has no <steps> or <steps-unordered> element
2026-05-15 06:28:26,103 [WARNING] utils.structure_validator: [StructureValidator] WARNING [table_col_mismatch]: 'after_starting_the_engine/def_ad_blue_level_inducement_for_usa.dita' — table 1 row has 4 entries but cols=9
2026-05-15 06:28:26,103 [WARNING] utils.structure_validator: [StructureValidator] WARNING [table_col_mismatch]: 'after_starting_the_engine/def_ad_blue_level_inducement_for_usa.dita' — table 1 row has 6 entries but cols=9
2026-05-15 06:28:26,103 [WARNING] utils.structure_validator: [StructureValidator] WARNING [table_col_mismatch]: 'after_starting_the_engine/def_ad_blue_level_inducement_for_usa.dita' — table 1 row has 6 entries but cols=9
2026-05-15 06:28:26,103 [WARNING] utils.structure_validator: [StructureValidator] WARNING [table_col_mismatch]: 'after_starting_the_engine/def_ad_blue_level_inducement_for_usa.dita' — table 2 row has 4 entries but cols=5
2026-05-15 06:28:26,103 [WARNING] utils.structure_validator: [StructureValidator] WARNING [table_col_mismatch]: 'after_starting_the_engine/def_ad_blue_level_inducement_for_usa.dita' — table 2 row has 2 entries but cols=5
2026-05-15 06:28:26,103 [WARNING] utils.structure_validator: [StructureValidator] WARNING [table_col_mismatch]: 'after_starting_the_engine/def_ad_blue_level_inducement_for_usa.dita' — table 2 row has 2 entries but cols=5
2026-05-15 06:28:26,103 [WARNING] utils.structure_validator: [StructureValidator] WARNING [table_missing_title]: 'after_starting_the_engine/def_ad_blue_level_inducement_for_usa.dita' — <table> #1 has no <title> element — required for accessibility and DITA compliance
2026-05-15 06:28:26,103 [WARNING] utils.structure_validator: [StructureValidator] WARNING [table_missing_title]: 'after_starting_the_engine/def_ad_blue_level_inducement_for_usa.dita' — <table> #2 has no <title> element — required for accessibility and DITA compliance
2026-05-15 06:28:26,103 [WARNING] utils.structure_validator: [StructureValidator] WARNING [image_missing_alt]: 'after_starting_the_engine/def_ad_blue_level_inducement_for_usa.dita' — <image> #1 (href='../media/image950a.png') has no alt text — required for accessibility
2026-05-15 06:28:26,103 [WARNING] utils.structure_validator: [StructureValidator] WARNING [image_missing_alt]: 'after_starting_the_engine/def_ad_blue_level_inducement_for_usa.dita' — <image> #2 (href='../media/image951a.png') has no alt text — required for accessibility
2026-05-15 06:28:26,104 [WARNING] utils.structure_validator: [StructureValidator] WARNING [image_missing_alt]: 'after_starting_the_engine/def_ad_blue_level_inducement_for_usa.dita' — <image> #3 (href='../media/image763b.png') has no alt text — required for accessibility
2026-05-15 06:28:26,104 [WARNING] utils.structure_validator: [StructureValidator] WARNING [image_missing_alt]: 'after_starting_the_engine/def_ad_blue_level_inducement_for_usa.dita' — <image> #4 (href='../media/image764.png') has no alt text — required for accessibility
2026-05-15 06:28:26,104 [WARNING] utils.structure_validator: [StructureValidator] WARNING [image_missing_alt]: 'after_starting_the_engine/def_ad_blue_level_inducement_for_usa.dita' — <image> #5 (href='../media/image765.png') has no alt text — required for accessibility
2026-05-15 06:28:26,104 [WARNING] utils.structure_validator: [StructureValidator] WARNING [image_missing_alt]: 'after_starting_the_engine/def_ad_blue_level_inducement_for_usa.dita' — <image> #6 (href='../media/image766.png') has no alt text — required for accessibility
2026-05-15 06:28:26,104 [WARNING] utils.structure_validator: [StructureValidator] WARNING [empty_body]: 'after_starting_the_engine/diesel_engine.dita' — <conbody> exists but has no child elements or text content
2026-05-15 06:28:26,104 [WARNING] utils.structure_validator: [StructureValidator] WARNING [missing_shortdesc]: 'after_starting_the_engine/diesel_engine.dita' — <shortdesc> element is missing — required for search previews and navigation
2026-05-15 06:28:26,105 [WARNING] utils.structure_validator: [StructureValidator] WARNING [table_col_mismatch]: 'after_starting_the_engine/scr_system_tampering_for_europe.dita' — table 1 row has 4 entries but cols=9
2026-05-15 06:28:26,106 [WARNING] utils.structure_validator: [StructureValidator] WARNING [table_col_mismatch]: 'after_starting_the_engine/scr_system_tampering_for_europe.dita' — table 1 row has 6 entries but cols=9
2026-05-15 06:28:26,106 [WARNING] utils.structure_validator: [StructureValidator] WARNING [table_col_mismatch]: 'after_starting_the_engine/scr_system_tampering_for_europe.dita' — table 1 row has 6 entries but cols=9
2026-05-15 06:28:26,106 [WARNING] utils.structure_validator: [StructureValidator] WARNING [table_col_mismatch]: 'after_starting_the_engine/scr_system_tampering_for_europe.dita' — table 1 row has 8 entries but cols=9
2026-05-15 06:28:26,106 [WARNING] utils.structure_validator: [StructureValidator] WARNING [table_col_mismatch]: 'after_starting_the_engine/scr_system_tampering_for_europe.dita' — table 1 row has 8 entries but cols=9
2026-05-15 06:28:26,106 [WARNING] utils.structure_validator: [StructureValidator] WARNING [table_col_mismatch]: 'after_starting_the_engine/scr_system_tampering_for_europe.dita' — table 1 row has 8 entries but cols=9
2026-05-15 06:28:26,106 [WARNING] utils.structure_validator: [StructureValidator] WARNING [table_col_mismatch]: 'after_starting_the_engine/scr_system_tampering_for_europe.dita' — table 2 row has 4 entries but cols=5
2026-05-15 06:28:26,106 [WARNING] utils.structure_validator: [StructureValidator] WARNING [table_col_mismatch]: 'after_starting_the_engine/scr_system_tampering_for_europe.dita' — table 2 row has 2 entries but cols=5
2026-05-15 06:28:26,106 [WARNING] utils.structure_validator: [StructureValidator] WARNING [table_col_mismatch]: 'after_starting_the_engine/scr_system_tampering_for_europe.dita' — table 2 row has 2 entries but cols=5
2026-05-15 06:28:26,106 [WARNING] utils.structure_validator: [StructureValidator] WARNING [table_col_mismatch]: 'after_starting_the_engine/scr_system_tampering_for_europe.dita' — table 2 row has 4 entries but cols=5
2026-05-15 06:28:26,106 [WARNING] utils.structure_validator: [StructureValidator] WARNING [table_col_mismatch]: 'after_starting_the_engine/scr_system_tampering_for_europe.dita' — table 2 row has 4 entries but cols=5
2026-05-15 06:28:26,106 [WARNING] utils.structure_validator: [StructureValidator] WARNING [table_col_mismatch]: 'after_starting_the_engine/scr_system_tampering_for_europe.dita' — table 2 row has 4 entries but cols=5
2026-05-15 06:28:26,106 [WARNING] utils.structure_validator: [StructureValidator] WARNING [table_missing_title]: 'after_starting_the_engine/scr_system_tampering_for_europe.dita' — <table> #1 has no <title> element — required for accessibility and DITA compliance
2026-05-15 06:28:26,106 [WARNING] utils.structure_validator: [StructureValidator] WARNING [table_missing_title]: 'after_starting_the_engine/scr_system_tampering_for_europe.dita' — <table> #2 has no <title> element — required for accessibility and DITA compliance
2026-05-15 06:28:26,106 [WARNING] utils.structure_validator: [StructureValidator] WARNING [image_missing_alt]: 'after_starting_the_engine/scr_system_tampering_for_europe.dita' — <image> #1 (href='../media/image950a.png') has no alt text — required for accessibility
2026-05-15 06:28:26,107 [WARNING] utils.structure_validator: [StructureValidator] WARNING [image_missing_alt]: 'after_starting_the_engine/scr_system_tampering_for_europe.dita' — <image> #2 (href='../media/image951a.png') has no alt text — required for accessibility
2026-05-15 06:28:26,107 [WARNING] utils.structure_validator: [StructureValidator] WARNING [image_missing_alt]: 'after_starting_the_engine/scr_system_tampering_for_europe.dita' — <image> #3 (href='../media/image763b.png') has no alt text — required for accessibility
2026-05-15 06:28:26,107 [WARNING] utils.structure_validator: [StructureValidator] WARNING [image_missing_alt]: 'after_starting_the_engine/scr_system_tampering_for_europe.dita' — <image> #4 (href='../media/image764.png') has no alt text — required for accessibility
2026-05-15 06:28:26,107 [WARNING] utils.structure_validator: [StructureValidator] WARNING [image_missing_alt]: 'after_starting_the_engine/scr_system_tampering_for_europe.dita' — <image> #5 (href='../media/image777.png') has no alt text — required for accessibility
2026-05-15 06:28:26,107 [WARNING] utils.structure_validator: [StructureValidator] WARNING [image_missing_alt]: 'after_starting_the_engine/scr_system_tampering_for_europe.dita' — <image> #6 (href='../media/image778.png') has no alt text — required for accessibility
2026-05-15 06:28:26,107 [WARNING] utils.structure_validator: [StructureValidator] WARNING [image_missing_alt]: 'after_starting_the_engine/introduction.dita' — <image> #1 (href='../media/image750.png') has no alt text — required for accessibility
2026-05-15 06:28:26,108 [WARNING] utils.structure_validator: [StructureValidator] WARNING [empty_body]: 'after_starting_the_engine/engine_and_after_treatment_system.dita' — <conbody> exists but has no child elements or text content
2026-05-15 06:28:26,108 [WARNING] utils.structure_validator: [StructureValidator] WARNING [missing_shortdesc]: 'after_starting_the_engine/engine_and_after_treatment_system.dita' — <shortdesc> element is missing — required for search previews and navigation
2026-05-15 06:28:26,109 [WARNING] utils.structure_validator: [StructureValidator] WARNING [missing_steps]: 'after_starting_the_engine/display_of_detecting_control_failure.dita' — <taskbody> has no <steps> or <steps-unordered> element
2026-05-15 06:28:26,109 [WARNING] utils.structure_validator: [StructureValidator] WARNING [table_col_mismatch]: 'after_starting_the_engine/display_of_detecting_control_failure.dita' — table 1 row has 3 entries but cols=7
2026-05-15 06:28:26,109 [WARNING] utils.structure_validator: [StructureValidator] WARNING [table_col_mismatch]: 'after_starting_the_engine/display_of_detecting_control_failure.dita' — table 1 row has 6 entries but cols=7
2026-05-15 06:28:26,109 [WARNING] utils.structure_validator: [StructureValidator] WARNING [table_col_mismatch]: 'after_starting_the_engine/display_of_detecting_control_failure.dita' — table 1 row has 6 entries but cols=7
2026-05-15 06:28:26,109 [WARNING] utils.structure_validator: [StructureValidator] WARNING [table_missing_title]: 'after_starting_the_engine/display_of_detecting_control_failure.dita' — <table> #1 has no <title> element — required for accessibility and DITA compliance
2026-05-15 06:28:26,109 [WARNING] utils.structure_validator: [StructureValidator] WARNING [image_missing_alt]: 'after_starting_the_engine/display_of_detecting_control_failure.dita' — <image> #1 (href='../media/image751.png') has no alt text — required for accessibility
2026-05-15 06:28:26,109 [WARNING] utils.structure_validator: [StructureValidator] WARNING [image_missing_alt]: 'after_starting_the_engine/display_of_detecting_control_failure.dita' — <image> #2 (href='../media/image753.png') has no alt text — required for accessibility
2026-05-15 06:28:26,109 [WARNING] utils.structure_validator: [StructureValidator] WARNING [image_missing_alt]: 'after_starting_the_engine/display_of_detecting_control_failure.dita' — <image> #3 (href='../media/image755.png') has no alt text — required for accessibility
2026-05-15 06:28:26,109 [WARNING] utils.structure_validator: [StructureValidator] WARNING [image_missing_alt]: 'after_starting_the_engine/display_of_detecting_control_failure.dita' — <image> #4 (href='../media/image758.png') has no alt text — required for accessibility
2026-05-15 06:28:26,110 [WARNING] utils.structure_validator: [StructureValidator] WARNING [invalid_conbody_child]: 'after_starting_the_engine/after_starting_the_engine.dita' — <conbody> contains unexpected element <steps-informal> — not standard in concept body
2026-05-15 06:28:26,110 [WARNING] utils.structure_validator: [StructureValidator] WARNING [image_missing_alt]: 'after_starting_the_engine/after_starting_the_engine.dita' — <image> #1 (href='../media/image761.png') has no alt text — required for accessibility
2026-05-15 06:28:26,110 [WARNING] utils.structure_validator: [StructureValidator] WARNING [image_missing_alt]: 'after_starting_the_engine/after_starting_the_engine.dita' — <image> #2 (href='../media/image746.png') has no alt text — required for accessibility
2026-05-15 06:28:26,110 [WARNING] utils.structure_validator: [StructureValidator] WARNING [image_missing_alt]: 'after_starting_the_engine/after_starting_the_engine.dita' — <image> #3 (href='../media/image748.png') has no alt text — required for accessibility
2026-05-15 06:28:26,111 [WARNING] utils.structure_validator: [StructureValidator] WARNING [table_col_mismatch]: 'after_starting_the_engine/interruption_of_dosing_for_europe.dita' — table 1 row has 4 entries but cols=9
2026-05-15 06:28:26,111 [WARNING] utils.structure_validator: [StructureValidator] WARNING [table_col_mismatch]: 'after_starting_the_engine/interruption_of_dosing_for_europe.dita' — table 1 row has 6 entries but cols=9
2026-05-15 06:28:26,112 [WARNING] utils.structure_validator: [StructureValidator] WARNING [table_col_mismatch]: 'after_starting_the_engine/interruption_of_dosing_for_europe.dita' — table 1 row has 6 entries but cols=9
2026-05-15 06:28:26,112 [WARNING] utils.structure_validator: [StructureValidator] WARNING [table_col_mismatch]: 'after_starting_the_engine/interruption_of_dosing_for_europe.dita' — table 1 row has 8 entries but cols=9
2026-05-15 06:28:26,112 [WARNING] utils.structure_validator: [StructureValidator] WARNING [table_col_mismatch]: 'after_starting_the_engine/interruption_of_dosing_for_europe.dita' — table 1 row has 8 entries but cols=9
2026-05-15 06:28:26,112 [WARNING] utils.structure_validator: [StructureValidator] WARNING [table_col_mismatch]: 'after_starting_the_engine/interruption_of_dosing_for_europe.dita' — table 1 row has 8 entries but cols=9
2026-05-15 06:28:26,112 [WARNING] utils.structure_validator: [StructureValidator] WARNING [table_col_mismatch]: 'after_starting_the_engine/interruption_of_dosing_for_europe.dita' — table 2 row has 4 entries but cols=5
2026-05-15 06:28:26,112 [WARNING] utils.structure_validator: [StructureValidator] WARNING [table_col_mismatch]: 'after_starting_the_engine/interruption_of_dosing_for_europe.dita' — table 2 row has 2 entries but cols=5
2026-05-15 06:28:26,112 [WARNING] utils.structure_validator: [StructureValidator] WARNING [table_col_mismatch]: 'after_starting_the_engine/interruption_of_dosing_for_europe.dita' — table 2 row has 2 entries but cols=5
2026-05-15 06:28:26,112 [WARNING] utils.structure_validator: [StructureValidator] WARNING [table_col_mismatch]: 'after_starting_the_engine/interruption_of_dosing_for_europe.dita' — table 2 row has 4 entries but cols=5
2026-05-15 06:28:26,112 [WARNING] utils.structure_validator: [StructureValidator] WARNING [table_col_mismatch]: 'after_starting_the_engine/interruption_of_dosing_for_europe.dita' — table 2 row has 4 entries but cols=5
2026-05-15 06:28:26,112 [WARNING] utils.structure_validator: [StructureValidator] WARNING [table_col_mismatch]: 'after_starting_the_engine/interruption_of_dosing_for_europe.dita' — table 2 row has 4 entries but cols=5
2026-05-15 06:28:26,112 [WARNING] utils.structure_validator: [StructureValidator] WARNING [table_missing_title]: 'after_starting_the_engine/interruption_of_dosing_for_europe.dita' — <table> #1 has no <title> element — required for accessibility and DITA compliance
2026-05-15 06:28:26,112 [WARNING] utils.structure_validator: [StructureValidator] WARNING [table_missing_title]: 'after_starting_the_engine/interruption_of_dosing_for_europe.dita' — <table> #2 has no <title> element — required for accessibility and DITA compliance
2026-05-15 06:28:26,112 [WARNING] utils.structure_validator: [StructureValidator] WARNING [image_missing_alt]: 'after_starting_the_engine/interruption_of_dosing_for_europe.dita' — <image> #1 (href='../media/image950a.png') has no alt text — required for accessibility
2026-05-15 06:28:26,112 [WARNING] utils.structure_validator: [StructureValidator] WARNING [image_missing_alt]: 'after_starting_the_engine/interruption_of_dosing_for_europe.dita' — <image> #2 (href='../media/image951a.png') has no alt text — required for accessibility
2026-05-15 06:28:26,112 [WARNING] utils.structure_validator: [StructureValidator] WARNING [image_missing_alt]: 'after_starting_the_engine/interruption_of_dosing_for_europe.dita' — <image> #3 (href='../media/image763b.png') has no alt text — required for accessibility
2026-05-15 06:28:26,113 [WARNING] utils.structure_validator: [StructureValidator] WARNING [image_missing_alt]: 'after_starting_the_engine/interruption_of_dosing_for_europe.dita' — <image> #4 (href='../media/image764.png') has no alt text — required for accessibility
2026-05-15 06:28:26,113 [WARNING] utils.structure_validator: [StructureValidator] WARNING [image_missing_alt]: 'after_starting_the_engine/interruption_of_dosing_for_europe.dita' — <image> #5 (href='../media/image777(1).png') has no alt text — required for accessibility
2026-05-15 06:28:26,113 [WARNING] utils.structure_validator: [StructureValidator] WARNING [image_missing_alt]: 'after_starting_the_engine/interruption_of_dosing_for_europe.dita' — <image> #6 (href='../media/image778(1).png') has no alt text — required for accessibility
2026-05-15 06:28:26,114 [WARNING] utils.structure_validator: [StructureValidator] WARNING [missing_steps]: 'after_starting_the_engine/detecting_control_failure.dita' — <taskbody> has no <steps> or <steps-unordered> element
2026-05-15 06:28:26,114 [WARNING] utils.structure_validator: [StructureValidator] WARNING [table_col_mismatch]: 'after_starting_the_engine/detecting_control_failure.dita' — table 1 row has 4 entries but cols=6
2026-05-15 06:28:26,115 [WARNING] utils.structure_validator: [StructureValidator] WARNING [table_col_mismatch]: 'after_starting_the_engine/detecting_control_failure.dita' — table 1 row has 4 entries but cols=6
2026-05-15 06:28:26,115 [WARNING] utils.structure_validator: [StructureValidator] WARNING [table_col_mismatch]: 'after_starting_the_engine/detecting_control_failure.dita' — table 1 row has 3 entries but cols=6
2026-05-15 06:28:26,115 [WARNING] utils.structure_validator: [StructureValidator] WARNING [table_col_mismatch]: 'after_starting_the_engine/detecting_control_failure.dita' — table 1 row has 3 entries but cols=6
2026-05-15 06:28:26,115 [WARNING] utils.structure_validator: [StructureValidator] WARNING [table_col_mismatch]: 'after_starting_the_engine/detecting_control_failure.dita' — table 1 row has 4 entries but cols=6
2026-05-15 06:28:26,115 [WARNING] utils.structure_validator: [StructureValidator] WARNING [table_col_mismatch]: 'after_starting_the_engine/detecting_control_failure.dita' — table 1 row has 4 entries but cols=6
2026-05-15 06:28:26,115 [WARNING] utils.structure_validator: [StructureValidator] WARNING [table_col_mismatch]: 'after_starting_the_engine/detecting_control_failure.dita' — table 1 row has 4 entries but cols=6
2026-05-15 06:28:26,115 [WARNING] utils.structure_validator: [StructureValidator] WARNING [table_col_mismatch]: 'after_starting_the_engine/detecting_control_failure.dita' — table 1 row has 4 entries but cols=6
2026-05-15 06:28:26,115 [WARNING] utils.structure_validator: [StructureValidator] WARNING [table_col_mismatch]: 'after_starting_the_engine/detecting_control_failure.dita' — table 1 row has 3 entries but cols=6
2026-05-15 06:28:26,115 [WARNING] utils.structure_validator: [StructureValidator] WARNING [table_col_mismatch]: 'after_starting_the_engine/detecting_control_failure.dita' — table 1 row has 3 entries but cols=6
2026-05-15 06:28:26,115 [WARNING] utils.structure_validator: [StructureValidator] WARNING [table_col_mismatch]: 'after_starting_the_engine/detecting_control_failure.dita' — table 1 row has 3 entries but cols=6
2026-05-15 06:28:26,115 [WARNING] utils.structure_validator: [StructureValidator] WARNING [table_col_mismatch]: 'after_starting_the_engine/detecting_control_failure.dita' — table 1 row has 3 entries but cols=6
2026-05-15 06:28:26,115 [WARNING] utils.structure_validator: [StructureValidator] WARNING [table_col_mismatch]: 'after_starting_the_engine/detecting_control_failure.dita' — table 1 row has 3 entries but cols=6
2026-05-15 06:28:26,115 [WARNING] utils.structure_validator: [StructureValidator] WARNING [table_col_mismatch]: 'after_starting_the_engine/detecting_control_failure.dita' — table 1 row has 3 entries but cols=6
2026-05-15 06:28:26,116 [WARNING] utils.structure_validator: [StructureValidator] WARNING [table_col_mismatch]: 'after_starting_the_engine/detecting_control_failure.dita' — table 1 row has 3 entries but cols=6
2026-05-15 06:28:26,116 [WARNING] utils.structure_validator: [StructureValidator] WARNING [table_col_mismatch]: 'after_starting_the_engine/detecting_control_failure.dita' — table 1 row has 3 entries but cols=6
2026-05-15 06:28:26,116 [WARNING] utils.structure_validator: [StructureValidator] WARNING [table_col_mismatch]: 'after_starting_the_engine/detecting_control_failure.dita' — table 1 row has 3 entries but cols=6
2026-05-15 06:28:26,116 [WARNING] utils.structure_validator: [StructureValidator] WARNING [table_col_mismatch]: 'after_starting_the_engine/detecting_control_failure.dita' — table 1 row has 3 entries but cols=6
2026-05-15 06:28:26,116 [WARNING] utils.structure_validator: [StructureValidator] WARNING [table_col_mismatch]: 'after_starting_the_engine/detecting_control_failure.dita' — table 1 row has 3 entries but cols=6
2026-05-15 06:28:26,116 [WARNING] utils.structure_validator: [StructureValidator] WARNING [table_col_mismatch]: 'after_starting_the_engine/detecting_control_failure.dita' — table 1 row has 3 entries but cols=6
2026-05-15 06:28:26,116 [WARNING] utils.structure_validator: [StructureValidator] WARNING [table_col_mismatch]: 'after_starting_the_engine/detecting_control_failure.dita' — table 1 row has 3 entries but cols=6
2026-05-15 06:28:26,116 [WARNING] utils.structure_validator: [StructureValidator] WARNING [table_col_mismatch]: 'after_starting_the_engine/detecting_control_failure.dita' — table 1 row has 3 entries but cols=6
2026-05-15 06:28:26,116 [WARNING] utils.structure_validator: [StructureValidator] WARNING [table_col_mismatch]: 'after_starting_the_engine/detecting_control_failure.dita' — table 1 row has 4 entries but cols=6
2026-05-15 06:28:26,116 [WARNING] utils.structure_validator: [StructureValidator] WARNING [table_col_mismatch]: 'after_starting_the_engine/detecting_control_failure.dita' — table 1 row has 4 entries but cols=6
2026-05-15 06:28:26,116 [WARNING] utils.structure_validator: [StructureValidator] WARNING [table_col_mismatch]: 'after_starting_the_engine/detecting_control_failure.dita' — table 1 row has 4 entries but cols=6
2026-05-15 06:28:26,116 [WARNING] utils.structure_validator: [StructureValidator] WARNING [table_col_mismatch]: 'after_starting_the_engine/detecting_control_failure.dita' — table 1 row has 4 entries but cols=6
2026-05-15 06:28:26,116 [WARNING] utils.structure_validator: [StructureValidator] WARNING [table_col_mismatch]: 'after_starting_the_engine/detecting_control_failure.dita' — table 1 row has 4 entries but cols=6
2026-05-15 06:28:26,116 [WARNING] utils.structure_validator: [StructureValidator] WARNING [table_col_mismatch]: 'after_starting_the_engine/detecting_control_failure.dita' — table 1 row has 5 entries but cols=6
2026-05-15 06:28:26,117 [WARNING] utils.structure_validator: [StructureValidator] WARNING [table_col_mismatch]: 'after_starting_the_engine/detecting_control_failure.dita' — table 1 row has 4 entries but cols=6
2026-05-15 06:28:26,117 [WARNING] utils.structure_validator: [StructureValidator] WARNING [table_col_mismatch]: 'after_starting_the_engine/detecting_control_failure.dita' — table 1 row has 3 entries but cols=6
2026-05-15 06:28:26,117 [WARNING] utils.structure_validator: [StructureValidator] WARNING [table_col_mismatch]: 'after_starting_the_engine/detecting_control_failure.dita' — table 1 row has 3 entries but cols=6
2026-05-15 06:28:26,117 [WARNING] utils.structure_validator: [StructureValidator] WARNING [table_col_mismatch]: 'after_starting_the_engine/detecting_control_failure.dita' — table 1 row has 3 entries but cols=6
2026-05-15 06:28:26,117 [WARNING] utils.structure_validator: [StructureValidator] WARNING [table_col_mismatch]: 'after_starting_the_engine/detecting_control_failure.dita' — table 1 row has 3 entries but cols=6
2026-05-15 06:28:26,117 [WARNING] utils.structure_validator: [StructureValidator] WARNING [table_col_mismatch]: 'after_starting_the_engine/detecting_control_failure.dita' — table 1 row has 3 entries but cols=6
2026-05-15 06:28:26,117 [WARNING] utils.structure_validator: [StructureValidator] WARNING [table_col_mismatch]: 'after_starting_the_engine/detecting_control_failure.dita' — table 1 row has 3 entries but cols=6
2026-05-15 06:28:26,117 [WARNING] utils.structure_validator: [StructureValidator] WARNING [table_col_mismatch]: 'after_starting_the_engine/detecting_control_failure.dita' — table 1 row has 3 entries but cols=6
2026-05-15 06:28:26,117 [WARNING] utils.structure_validator: [StructureValidator] WARNING [table_col_mismatch]: 'after_starting_the_engine/detecting_control_failure.dita' — table 1 row has 4 entries but cols=6
2026-05-15 06:28:26,117 [WARNING] utils.structure_validator: [StructureValidator] WARNING [table_col_mismatch]: 'after_starting_the_engine/detecting_control_failure.dita' — table 1 row has 4 entries but cols=6
2026-05-15 06:28:26,117 [WARNING] utils.structure_validator: [StructureValidator] WARNING [table_col_mismatch]: 'after_starting_the_engine/detecting_control_failure.dita' — table 1 row has 3 entries but cols=6
2026-05-15 06:28:26,117 [WARNING] utils.structure_validator: [StructureValidator] WARNING [table_col_mismatch]: 'after_starting_the_engine/detecting_control_failure.dita' — table 1 row has 3 entries but cols=6
2026-05-15 06:28:26,117 [WARNING] utils.structure_validator: [StructureValidator] WARNING [table_col_mismatch]: 'after_starting_the_engine/detecting_control_failure.dita' — table 1 row has 4 entries but cols=6
2026-05-15 06:28:26,117 [WARNING] utils.structure_validator: [StructureValidator] WARNING [table_col_mismatch]: 'after_starting_the_engine/detecting_control_failure.dita' — table 1 row has 4 entries but cols=6
2026-05-15 06:28:26,118 [WARNING] utils.structure_validator: [StructureValidator] WARNING [table_col_mismatch]: 'after_starting_the_engine/detecting_control_failure.dita' — table 1 row has 3 entries but cols=6
2026-05-15 06:28:26,118 [WARNING] utils.structure_validator: [StructureValidator] WARNING [table_col_mismatch]: 'after_starting_the_engine/detecting_control_failure.dita' — table 1 row has 3 entries but cols=6
2026-05-15 06:28:26,118 [WARNING] utils.structure_validator: [StructureValidator] WARNING [table_col_mismatch]: 'after_starting_the_engine/detecting_control_failure.dita' — table 1 row has 3 entries but cols=6
2026-05-15 06:28:26,118 [WARNING] utils.structure_validator: [StructureValidator] WARNING [table_col_mismatch]: 'after_starting_the_engine/detecting_control_failure.dita' — table 1 row has 3 entries but cols=6
2026-05-15 06:28:26,118 [WARNING] utils.structure_validator: [StructureValidator] WARNING [table_col_mismatch]: 'after_starting_the_engine/detecting_control_failure.dita' — table 1 row has 3 entries but cols=6
2026-05-15 06:28:26,118 [WARNING] utils.structure_validator: [StructureValidator] WARNING [table_col_mismatch]: 'after_starting_the_engine/detecting_control_failure.dita' — table 1 row has 3 entries but cols=6
2026-05-15 06:28:26,118 [WARNING] utils.structure_validator: [StructureValidator] WARNING [table_col_mismatch]: 'after_starting_the_engine/detecting_control_failure.dita' — table 1 row has 3 entries but cols=6
2026-05-15 06:28:26,118 [WARNING] utils.structure_validator: [StructureValidator] WARNING [table_col_mismatch]: 'after_starting_the_engine/detecting_control_failure.dita' — table 1 row has 3 entries but cols=6
2026-05-15 06:28:26,118 [WARNING] utils.structure_validator: [StructureValidator] WARNING [table_col_mismatch]: 'after_starting_the_engine/detecting_control_failure.dita' — table 1 row has 4 entries but cols=6
2026-05-15 06:28:26,118 [WARNING] utils.structure_validator: [StructureValidator] WARNING [table_col_mismatch]: 'after_starting_the_engine/detecting_control_failure.dita' — table 1 row has 4 entries but cols=6
2026-05-15 06:28:26,118 [WARNING] utils.structure_validator: [StructureValidator] WARNING [table_col_mismatch]: 'after_starting_the_engine/detecting_control_failure.dita' — table 1 row has 4 entries but cols=6
2026-05-15 06:28:26,118 [WARNING] utils.structure_validator: [StructureValidator] WARNING [table_col_mismatch]: 'after_starting_the_engine/detecting_control_failure.dita' — table 1 row has 3 entries but cols=6
2026-05-15 06:28:26,118 [WARNING] utils.structure_validator: [StructureValidator] WARNING [table_col_mismatch]: 'after_starting_the_engine/detecting_control_failure.dita' — table 1 row has 3 entries but cols=6
2026-05-15 06:28:26,118 [WARNING] utils.structure_validator: [StructureValidator] WARNING [table_col_mismatch]: 'after_starting_the_engine/detecting_control_failure.dita' — table 1 row has 3 entries but cols=6
2026-05-15 06:28:26,118 [WARNING] utils.structure_validator: [StructureValidator] WARNING [table_col_mismatch]: 'after_starting_the_engine/detecting_control_failure.dita' — table 1 row has 3 entries but cols=6
2026-05-15 06:28:26,119 [WARNING] utils.structure_validator: [StructureValidator] WARNING [table_col_mismatch]: 'after_starting_the_engine/detecting_control_failure.dita' — table 1 row has 3 entries but cols=6
2026-05-15 06:28:26,119 [WARNING] utils.structure_validator: [StructureValidator] WARNING [table_col_mismatch]: 'after_starting_the_engine/detecting_control_failure.dita' — table 1 row has 3 entries but cols=6
2026-05-15 06:28:26,119 [WARNING] utils.structure_validator: [StructureValidator] WARNING [table_col_mismatch]: 'after_starting_the_engine/detecting_control_failure.dita' — table 1 row has 3 entries but cols=6
2026-05-15 06:28:26,119 [WARNING] utils.structure_validator: [StructureValidator] WARNING [table_col_mismatch]: 'after_starting_the_engine/detecting_control_failure.dita' — table 1 row has 3 entries but cols=6
2026-05-15 06:28:26,119 [WARNING] utils.structure_validator: [StructureValidator] WARNING [table_col_mismatch]: 'after_starting_the_engine/detecting_control_failure.dita' — table 1 row has 3 entries but cols=6
2026-05-15 06:28:26,119 [WARNING] utils.structure_validator: [StructureValidator] WARNING [table_col_mismatch]: 'after_starting_the_engine/detecting_control_failure.dita' — table 1 row has 4 entries but cols=6
2026-05-15 06:28:26,119 [WARNING] utils.structure_validator: [StructureValidator] WARNING [table_col_mismatch]: 'after_starting_the_engine/detecting_control_failure.dita' — table 1 row has 4 entries but cols=6
2026-05-15 06:28:26,119 [WARNING] utils.structure_validator: [StructureValidator] WARNING [table_col_mismatch]: 'after_starting_the_engine/detecting_control_failure.dita' — table 1 row has 3 entries but cols=6
2026-05-15 06:28:26,119 [WARNING] utils.structure_validator: [StructureValidator] WARNING [table_col_mismatch]: 'after_starting_the_engine/detecting_control_failure.dita' — table 1 row has 3 entries but cols=6
2026-05-15 06:28:26,119 [WARNING] utils.structure_validator: [StructureValidator] WARNING [table_col_mismatch]: 'after_starting_the_engine/detecting_control_failure.dita' — table 1 row has 3 entries but cols=6
2026-05-15 06:28:26,120 [WARNING] utils.structure_validator: [StructureValidator] WARNING [table_col_mismatch]: 'after_starting_the_engine/detecting_control_failure.dita' — table 1 row has 4 entries but cols=6
2026-05-15 06:28:26,120 [WARNING] utils.structure_validator: [StructureValidator] WARNING [table_col_mismatch]: 'after_starting_the_engine/detecting_control_failure.dita' — table 1 row has 4 entries but cols=6
2026-05-15 06:28:26,120 [WARNING] utils.structure_validator: [StructureValidator] WARNING [table_col_mismatch]: 'after_starting_the_engine/detecting_control_failure.dita' — table 1 row has 4 entries but cols=6
2026-05-15 06:28:26,120 [WARNING] utils.structure_validator: [StructureValidator] WARNING [table_col_mismatch]: 'after_starting_the_engine/detecting_control_failure.dita' — table 1 row has 4 entries but cols=6
2026-05-15 06:28:26,120 [WARNING] utils.structure_validator: [StructureValidator] WARNING [table_col_mismatch]: 'after_starting_the_engine/detecting_control_failure.dita' — table 1 row has 4 entries but cols=6
2026-05-15 06:28:26,120 [WARNING] utils.structure_validator: [StructureValidator] WARNING [table_col_mismatch]: 'after_starting_the_engine/detecting_control_failure.dita' — table 1 row has 4 entries but cols=6
2026-05-15 06:28:26,120 [WARNING] utils.structure_validator: [StructureValidator] WARNING [table_col_mismatch]: 'after_starting_the_engine/detecting_control_failure.dita' — table 1 row has 4 entries but cols=6
2026-05-15 06:28:26,120 [WARNING] utils.structure_validator: [StructureValidator] WARNING [table_col_mismatch]: 'after_starting_the_engine/detecting_control_failure.dita' — table 1 row has 4 entries but cols=6
2026-05-15 06:28:26,120 [WARNING] utils.structure_validator: [StructureValidator] WARNING [table_col_mismatch]: 'after_starting_the_engine/detecting_control_failure.dita' — table 1 row has 4 entries but cols=6
2026-05-15 06:28:26,120 [WARNING] utils.structure_validator: [StructureValidator] WARNING [table_col_mismatch]: 'after_starting_the_engine/detecting_control_failure.dita' — table 1 row has 4 entries but cols=6
2026-05-15 06:28:26,120 [WARNING] utils.structure_validator: [StructureValidator] WARNING [table_col_mismatch]: 'after_starting_the_engine/detecting_control_failure.dita' — table 1 row has 4 entries but cols=6
2026-05-15 06:28:26,120 [WARNING] utils.structure_validator: [StructureValidator] WARNING [table_col_mismatch]: 'after_starting_the_engine/detecting_control_failure.dita' — table 1 row has 4 entries but cols=6
2026-05-15 06:28:26,120 [WARNING] utils.structure_validator: [StructureValidator] WARNING [table_col_mismatch]: 'after_starting_the_engine/detecting_control_failure.dita' — table 1 row has 4 entries but cols=6
2026-05-15 06:28:26,120 [WARNING] utils.structure_validator: [StructureValidator] WARNING [table_missing_title]: 'after_starting_the_engine/detecting_control_failure.dita' — <table> #1 has no <title> element — required for accessibility and DITA compliance
2026-05-15 06:28:26,122 [WARNING] utils.structure_validator: [StructureValidator] WARNING [section_missing_title]: 'after_starting_the_engine/def_ad_blue_quality_failure_for_europe.dita' — <section> #1 has no <title> — recommended for DITA compliance
2026-05-15 06:28:26,122 [WARNING] utils.structure_validator: [StructureValidator] WARNING [table_col_mismatch]: 'after_starting_the_engine/def_ad_blue_quality_failure_for_europe.dita' — table 1 row has 4 entries but cols=9
2026-05-15 06:28:26,122 [WARNING] utils.structure_validator: [StructureValidator] WARNING [table_col_mismatch]: 'after_starting_the_engine/def_ad_blue_quality_failure_for_europe.dita' — table 1 row has 6 entries but cols=9
2026-05-15 06:28:26,122 [WARNING] utils.structure_validator: [StructureValidator] WARNING [table_col_mismatch]: 'after_starting_the_engine/def_ad_blue_quality_failure_for_europe.dita' — table 1 row has 6 entries but cols=9
2026-05-15 06:28:26,122 [WARNING] utils.structure_validator: [StructureValidator] WARNING [table_col_mismatch]: 'after_starting_the_engine/def_ad_blue_quality_failure_for_europe.dita' — table 1 row has 8 entries but cols=9
2026-05-15 06:28:26,122 [WARNING] utils.structure_validator: [StructureValidator] WARNING [table_col_mismatch]: 'after_starting_the_engine/def_ad_blue_quality_failure_for_europe.dita' — table 1 row has 8 entries but cols=9
2026-05-15 06:28:26,122 [WARNING] utils.structure_validator: [StructureValidator] WARNING [table_col_mismatch]: 'after_starting_the_engine/def_ad_blue_quality_failure_for_europe.dita' — table 1 row has 8 entries but cols=9
2026-05-15 06:28:26,122 [WARNING] utils.structure_validator: [StructureValidator] WARNING [table_col_mismatch]: 'after_starting_the_engine/def_ad_blue_quality_failure_for_europe.dita' — table 2 row has 4 entries but cols=5
2026-05-15 06:28:26,123 [WARNING] utils.structure_validator: [StructureValidator] WARNING [table_col_mismatch]: 'after_starting_the_engine/def_ad_blue_quality_failure_for_europe.dita' — table 2 row has 2 entries but cols=5
2026-05-15 06:28:26,123 [WARNING] utils.structure_validator: [StructureValidator] WARNING [table_col_mismatch]: 'after_starting_the_engine/def_ad_blue_quality_failure_for_europe.dita' — table 2 row has 2 entries but cols=5
2026-05-15 06:28:26,123 [WARNING] utils.structure_validator: [StructureValidator] WARNING [table_col_mismatch]: 'after_starting_the_engine/def_ad_blue_quality_failure_for_europe.dita' — table 2 row has 4 entries but cols=5
2026-05-15 06:28:26,123 [WARNING] utils.structure_validator: [StructureValidator] WARNING [table_col_mismatch]: 'after_starting_the_engine/def_ad_blue_quality_failure_for_europe.dita' — table 2 row has 4 entries but cols=5
2026-05-15 06:28:26,123 [WARNING] utils.structure_validator: [StructureValidator] WARNING [table_col_mismatch]: 'after_starting_the_engine/def_ad_blue_quality_failure_for_europe.dita' — table 2 row has 4 entries but cols=5
2026-05-15 06:28:26,123 [WARNING] utils.structure_validator: [StructureValidator] WARNING [table_missing_title]: 'after_starting_the_engine/def_ad_blue_quality_failure_for_europe.dita' — <table> #1 has no <title> element — required for accessibility and DITA compliance
2026-05-15 06:28:26,123 [WARNING] utils.structure_validator: [StructureValidator] WARNING [table_missing_title]: 'after_starting_the_engine/def_ad_blue_quality_failure_for_europe.dita' — <table> #2 has no <title> element — required for accessibility and DITA compliance
2026-05-15 06:28:26,123 [WARNING] utils.structure_validator: [StructureValidator] WARNING [image_missing_alt]: 'after_starting_the_engine/def_ad_blue_quality_failure_for_europe.dita' — <image> #1 (href='../media/image950a.png') has no alt text — required for accessibility
2026-05-15 06:28:26,123 [WARNING] utils.structure_validator: [StructureValidator] WARNING [image_missing_alt]: 'after_starting_the_engine/def_ad_blue_quality_failure_for_europe.dita' — <image> #2 (href='../media/image951a.png') has no alt text — required for accessibility
2026-05-15 06:28:26,123 [WARNING] utils.structure_validator: [StructureValidator] WARNING [image_missing_alt]: 'after_starting_the_engine/def_ad_blue_quality_failure_for_europe.dita' — <image> #3 (href='../media/image763b.png') has no alt text — required for accessibility
2026-05-15 06:28:26,123 [WARNING] utils.structure_validator: [StructureValidator] WARNING [image_missing_alt]: 'after_starting_the_engine/def_ad_blue_quality_failure_for_europe.dita' — <image> #4 (href='../media/image764.png') has no alt text — required for accessibility
2026-05-15 06:28:26,123 [WARNING] utils.structure_validator: [StructureValidator] WARNING [image_missing_alt]: 'after_starting_the_engine/def_ad_blue_quality_failure_for_europe.dita' — <image> #5 (href='../media/image773.png') has no alt text — required for accessibility
2026-05-15 06:28:26,123 [WARNING] utils.structure_validator: [StructureValidator] WARNING [image_missing_alt]: 'after_starting_the_engine/def_ad_blue_quality_failure_for_europe.dita' — <image> #6 (href='../media/image774.png') has no alt text — required for accessibility
2026-05-15 06:28:26,126 [INFO] utils.structure_validator: [StructureValidator] Complete — CRITICAL=0, WARNING=724 | dita_files=193, broken_xml=0, empty=23, broken_dita_refs=0, broken_maprefs=0, orphans=0, duplicate_ids=0, broken_xrefs=0, filename_spaces=0
2026-05-15 06:28:26,127 [INFO] pipeline.enrich_runner: [EnrichPipeline] Post-structural — CRITICAL=0, WARNING=724
2026-05-15 06:28:26,127 [INFO] pipeline.enrich_runner: [EnrichPipeline] ── Post-Enrichment AI Content Quality Check ──
2026-05-15 06:28:26,152 [INFO] utils.structure_validator: [EnrichmentQuality] Post-AI check — 47 issues in 193 files (CRITICAL=0, WARNING=47)
2026-05-15 06:28:26,153 [INFO] pipeline.enrich_runner: [EnrichPipeline] AI content quality — CRITICAL=0, WARNING=47 (checks: shortdesc, keywords, indexterms)
2026-05-15 06:28:26,154 [INFO] pipeline.enrich_runner: [EnrichPipeline] Fix report — backend_errors=0 | fixed_by_zone1=0, fixed_by_ai=197, remaining=684, ai_obligations_missed=23, new_by_ai=39
2026-05-15 06:28:26,182 [INFO] pipeline.enrich_runner: [EnrichPipeline] Saved: /app/output/d85589d0-0895-437e-8214-fa98962ae40e/ai_reports/_agent_report.json
2026-05-15 06:28:26,182 [INFO] pipeline.enrich_runner: [EnrichPipeline] ── Layer 6: Suggestion Agent ──
2026-05-15 06:28:26,190 [INFO] layers.layer6_fix_agent: L6/Suggest ── Started ──
2026-05-15 06:28:26,196 [INFO] layers.layer6_fix_agent: L6/Suggest 479 issues (pre-dedup)
2026-05-15 06:28:26,198 [INFO] layers.layer6_fix_agent: L6/Suggest 432 unique issues
2026-05-15 06:28:26,199 [INFO] layers.layer6_fix_agent: L6/Suggest tmpl empty_body lift_truck_operation/lift_truck_operation.dita
2026-05-15 06:28:26,200 [INFO] layers.layer6_fix_agent: L6/Suggest tmpl missing_shortdesc lift_truck_operation/lift_truck_operation.dita
2026-05-15 06:28:26,200 [INFO] layers.layer6_fix_agent: L6/Suggest tmpl image_missing_alt lift_truck_operation/moving_and_stopping_the_lift_truck.dita
2026-05-15 06:28:26,200 [INFO] layers.layer6_fix_agent: L6/Suggest tmpl image_missing_alt lift_truck_operation/steering_knob_if_equipped.dita
2026-05-15 06:28:26,200 [INFO] layers.layer6_fix_agent: L6/Suggest tmpl image_missing_alt lift_truck_operation/inching.dita
2026-05-15 06:28:26,201 [INFO] layers.layer6_fix_agent: L6/Suggest tmpl image_missing_alt lift_truck_controls/refueling.dita
2026-05-15 06:28:26,201 [INFO] layers.layer6_fix_agent: L6/Suggest tmpl image_missing_alt lift_truck_controls/transmission_display.dita
2026-05-15 06:28:26,201 [INFO] layers.layer6_fix_agent: L6/Suggest tmpl empty_body lift_truck_controls/cabin_tilting.dita
2026-05-15 06:28:26,201 [INFO] layers.layer6_fix_agent: L6/Suggest tmpl missing_shortdesc lift_truck_controls/cabin_tilting.dita
2026-05-15 06:28:26,201 [INFO] layers.layer6_fix_agent: L6/Suggest tmpl empty_body lift_truck_controls/lift_truck_controls.dita
2026-05-15 06:28:26,201 [INFO] layers.layer6_fix_agent: L6/Suggest tmpl missing_shortdesc lift_truck_controls/lift_truck_controls.dita
2026-05-15 06:28:26,202 [INFO] layers.layer6_fix_agent: L6/Suggest tmpl image_missing_alt lift_truck_controls/how_to_fill_the_hydraulic_oil.dita
2026-05-15 06:28:26,202 [INFO] layers.layer6_fix_agent: L6/Suggest tmpl image_missing_alt lift_truck_controls/scr_cleaning_desox_switch.dita
2026-05-15 06:28:26,202 [INFO] layers.layer6_fix_agent: L6/Suggest tmpl missing_shortdesc lift_truck_controls/scr_cleaning_desox_switch.dita
2026-05-15 06:28:26,202 [INFO] layers.layer6_fix_agent: L6/Suggest tmpl image_missing_alt lift_truck_controls/def_ad_blue_replenishment.dita
2026-05-15 06:28:26,202 [INFO] layers.layer6_fix_agent: L6/Suggest tmpl image_missing_alt lift_truck_controls/direction_control_lever.dita
2026-05-15 06:28:26,202 [INFO] layers.layer6_fix_agent: L6/Suggest tmpl image_missing_alt lift_truck_controls/location_of_power_pack.dita
2026-05-15 06:28:26,203 [INFO] layers.layer6_fix_agent: L6/Suggest tmpl image_missing_alt lift_truck_controls/how_to_operate_the_power_pack_for_manual_tilting.dita
2026-05-15 06:28:26,203 [INFO] layers.layer6_fix_agent: L6/Suggest tmpl image_missing_alt safety/stability_and_centre_of_gravity.dita
2026-05-15 06:28:26,203 [INFO] layers.layer6_fix_agent: L6/Suggest tmpl image_missing_alt safety/tyre_information.dita
2026-05-15 06:28:26,203 [INFO] layers.layer6_fix_agent: L6/Suggest tmpl image_missing_alt safety/fasten_the_seat_belt.dita
2026-05-15 06:28:26,203 [INFO] layers.layer6_fix_agent: L6/Suggest tmpl image_missing_alt safety/centre_of_gravity_cg.dita
2026-05-15 06:28:26,204 [INFO] layers.layer6_fix_agent: L6/Suggest tmpl image_missing_alt safety/warning_signs_and_labels_2.dita
2026-05-15 06:28:26,204 [INFO] layers.layer6_fix_agent: L6/Suggest tmpl image_missing_alt safety/moving_fan_warning.dita
2026-05-15 06:28:26,204 [INFO] layers.layer6_fix_agent: L6/Suggest tmpl image_missing_alt safety/lift_truck_stability_base.dita
2026-05-15 06:28:26,204 [INFO] layers.layer6_fix_agent: L6/Suggest tmpl image_missing_alt safety/capacity_load_weight_and_load_centre.dita
2026-05-15 06:28:26,204 [INFO] layers.layer6_fix_agent: L6/Suggest tmpl image_missing_alt safety/inspection.dita
2026-05-15 06:28:26,205 [INFO] layers.layer6_fix_agent: L6/Suggest tmpl image_missing_alt safety/lift_truck_parking.dita
2026-05-15 06:28:26,205 [INFO] layers.layer6_fix_agent: L6/Suggest tmpl image_missing_alt safety/seat_adjustment.dita
2026-05-15 06:28:26,205 [INFO] layers.layer6_fix_agent: L6/Suggest tmpl empty_body safety/avoiding_lift_truck_tipover.dita
2026-05-15 06:28:26,205 [INFO] layers.layer6_fix_agent: L6/Suggest tmpl missing_shortdesc safety/avoiding_lift_truck_tipover.dita
2026-05-15 06:28:26,205 [INFO] layers.layer6_fix_agent: L6/Suggest tmpl image_missing_alt safety/release_the_seat_belt.dita
2026-05-15 06:28:26,205 [INFO] layers.layer6_fix_agent: L6/Suggest tmpl empty_body safety/burn_prevention.dita
2026-05-15 06:28:26,206 [INFO] layers.layer6_fix_agent: L6/Suggest tmpl missing_shortdesc safety/burn_prevention.dita
2026-05-15 06:28:26,206 [INFO] layers.layer6_fix_agent: L6/Suggest tmpl image_missing_alt safety/hand_placement_warning.dita
2026-05-15 06:28:26,206 [INFO] layers.layer6_fix_agent: L6/Suggest tmpl empty_body safety/operation_information.dita
2026-05-15 06:28:26,206 [INFO] layers.layer6_fix_agent: L6/Suggest tmpl missing_shortdesc safety/operation_information.dita
2026-05-15 06:28:26,206 [INFO] layers.layer6_fix_agent: L6/Suggest tmpl image_missing_alt safety/no_riders_warning.dita
2026-05-15 06:28:26,206 [INFO] layers.layer6_fix_agent: L6/Suggest tmpl image_missing_alt safety/pressure_warning.dita
2026-05-15 06:28:26,207 [INFO] layers.layer6_fix_agent: L6/Suggest tmpl image_missing_alt safety/general_hazard_information.dita
2026-05-15 06:28:26,207 [INFO] layers.layer6_fix_agent: L6/Suggest tmpl step_empty_cmd safety/general_warnings_to_operator.dita
2026-05-15 06:28:26,207 [INFO] layers.layer6_fix_agent: L6/Suggest tmpl image_missing_alt safety/general_warnings_to_operator.dita
2026-05-15 06:28:26,207 [INFO] layers.layer6_fix_agent: L6/Suggest tmpl image_missing_alt safety/tilting_cabin_operation_warning.dita
2026-05-15 06:28:26,207 [INFO] layers.layer6_fix_agent: L6/Suggest tmpl empty_body safety/operator_restraint_system.dita
2026-05-15 06:28:26,208 [INFO] layers.layer6_fix_agent: L6/Suggest tmpl missing_shortdesc safety/operator_restraint_system.dita
2026-05-15 06:28:26,208 [INFO] layers.layer6_fix_agent: L6/Suggest tmpl image_missing_alt safety/lift_truck_stability.dita
2026-05-15 06:28:26,208 [INFO] layers.layer6_fix_agent: L6/Suggest tmpl image_missing_alt safety/training_required_to_operate_or_service.dita
2026-05-15 06:28:26,208 [INFO] layers.layer6_fix_agent: L6/Suggest tmpl image_missing_alt safety/how_to_survive_in_a_tipover.dita
2026-05-15 06:28:26,208 [INFO] layers.layer6_fix_agent: L6/Suggest tmpl image_missing_alt safety/safety_rules.dita
2026-05-15 06:28:26,209 [INFO] layers.layer6_fix_agent: L6/Suggest tmpl missing_steps safety/starting_the_lift_truck.dita
2026-05-15 06:28:26,209 [INFO] layers.layer6_fix_agent: L6/Suggest tmpl image_missing_alt safety/starting_the_lift_truck.dita
2026-05-15 06:28:26,209 [INFO] layers.layer6_fix_agent: L6/Suggest tmpl image_missing_alt safety/emergency_lowering_guide.dita
2026-05-15 06:28:26,209 [INFO] layers.layer6_fix_agent: L6/Suggest tmpl image_missing_alt safety/operating_the_lift_truck.dita
2026-05-15 06:28:26,209 [INFO] layers.layer6_fix_agent: L6/Suggest tmpl image_missing_alt starting_the_engine/prestart_conditions.dita
2026-05-15 06:28:26,210 [INFO] layers.layer6_fix_agent: L6/Suggest tmpl empty_body starting_the_engine/starting_the_engine.dita
2026-05-15 06:28:26,210 [INFO] layers.layer6_fix_agent: L6/Suggest tmpl missing_shortdesc starting_the_engine/starting_the_engine.dita
2026-05-15 06:28:26,210 [INFO] layers.layer6_fix_agent: L6/Suggest tmpl missing_steps starting_the_engine/starting_from_a_24_12_volt_external_source.dita
2026-05-15 06:28:26,210 [INFO] layers.layer6_fix_agent: L6/Suggest tmpl image_missing_alt starting_the_engine/starting_from_a_24_12_volt_external_source.dita
2026-05-15 06:28:26,210 [INFO] layers.layer6_fix_agent: L6/Suggest tmpl image_missing_alt starting_the_engine/use_of_jumper_cables.dita
2026-05-15 06:28:26,210 [INFO] layers.layer6_fix_agent: L6/Suggest tmpl empty_body noise_and_vibration/noise_and_vibration.dita
2026-05-15 06:28:26,211 [INFO] layers.layer6_fix_agent: L6/Suggest tmpl missing_shortdesc noise_and_vibration/noise_and_vibration.dita
2026-05-15 06:28:26,211 [INFO] layers.layer6_fix_agent: L6/Suggest tmpl table_col_mismatch noise_and_vibration/noise.dita
2026-05-15 06:28:26,211 [INFO] layers.layer6_fix_agent: L6/Suggest tmpl table_missing_title noise_and_vibration/noise.dita
2026-05-15 06:28:26,211 [INFO] layers.layer6_fix_agent: L6/Suggest tmpl table_col_mismatch noise_and_vibration/vibration_weighted_overall_value.dita
2026-05-15 06:28:26,211 [INFO] layers.layer6_fix_agent: L6/Suggest tmpl table_missing_title noise_and_vibration/vibration_weighted_overall_value.dita
2026-05-15 06:28:26,211 [INFO] layers.layer6_fix_agent: L6/Suggest tmpl empty_body operator_s_station_and_monitoring_systems/radio.dita
2026-05-15 06:28:26,211 [INFO] layers.layer6_fix_agent: L6/Suggest tmpl missing_shortdesc operator_s_station_and_monitoring_systems/radio.dita
2026-05-15 06:28:26,212 [INFO] layers.layer6_fix_agent: L6/Suggest tmpl image_missing_alt operator_s_station_and_monitoring_systems/d_console_tilt_angle_control_lever.dita
2026-05-15 06:28:26,212 [INFO] layers.layer6_fix_agent: L6/Suggest tmpl empty_body operator_s_station_and_monitoring_systems/getting_started.dita
2026-05-15 06:28:26,212 [INFO] layers.layer6_fix_agent: L6/Suggest tmpl missing_shortdesc operator_s_station_and_monitoring_systems/getting_started.dita
2026-05-15 06:28:26,212 [INFO] layers.layer6_fix_agent: L6/Suggest tmpl image_missing_alt operator_s_station_and_monitoring_systems/4_the_left_side_dash_board_ovhd_guard.dita
2026-05-15 06:28:26,212 [INFO] layers.layer6_fix_agent: L6/Suggest tmpl image_missing_alt operator_s_station_and_monitoring_systems/a_instrument_panel.dita
2026-05-15 06:28:26,212 [INFO] layers.layer6_fix_agent: L6/Suggest tmpl step_empty_cmd operator_s_station_and_monitoring_systems/b_operation_method.dita
2026-05-15 06:28:26,213 [INFO] layers.layer6_fix_agent: L6/Suggest tmpl image_missing_alt operator_s_station_and_monitoring_systems/b_operation_method.dita
2026-05-15 06:28:26,213 [INFO] layers.layer6_fix_agent: L6/Suggest tmpl image_missing_alt operator_s_station_and_monitoring_systems/setting_the_region_of_radio_reception.dita
2026-05-15 06:28:26,213 [INFO] layers.layer6_fix_agent: L6/Suggest tmpl image_missing_alt operator_s_station_and_monitoring_systems/turning_the_unit_on_off.dita
2026-05-15 06:28:26,213 [INFO] layers.layer6_fix_agent: L6/Suggest tmpl image_missing_alt operator_s_station_and_monitoring_systems/before_mp3_wma_usb_playback.dita
2026-05-15 06:28:26,213 [INFO] layers.layer6_fix_agent: L6/Suggest tmpl image_missing_alt operator_s_station_and_monitoring_systems/3_the_operator_switches.dita
2026-05-15 06:28:26,214 [INFO] layers.layer6_fix_agent: L6/Suggest tmpl table_missing_title operator_s_station_and_monitoring_systems/6_steering_wheel.dita
2026-05-15 06:28:26,214 [INFO] layers.layer6_fix_agent: L6/Suggest tmpl image_missing_alt operator_s_station_and_monitoring_systems/6_steering_wheel.dita
2026-05-15 06:28:26,214 [INFO] layers.layer6_fix_agent: L6/Suggest tmpl table_missing_title operator_s_station_and_monitoring_systems/5_pedal_configuration.dita
2026-05-15 06:28:26,214 [INFO] layers.layer6_fix_agent: L6/Suggest tmpl image_missing_alt operator_s_station_and_monitoring_systems/5_pedal_configuration.dita
2026-05-15 06:28:26,215 [INFO] layers.layer6_fix_agent: L6/Suggest tmpl empty_body operator_s_station_and_monitoring_systems/usb_player.dita
2026-05-15 06:28:26,215 [INFO] layers.layer6_fix_agent: L6/Suggest tmpl missing_shortdesc operator_s_station_and_monitoring_systems/usb_player.dita
2026-05-15 06:28:26,215 [INFO] layers.layer6_fix_agent: L6/Suggest tmpl image_missing_alt operator_s_station_and_monitoring_systems/auto_manual_change_switch.dita
2026-05-15 06:28:26,215 [INFO] layers.layer6_fix_agent: L6/Suggest tmpl image_missing_alt operator_s_station_and_monitoring_systems/location_of_controls.dita
2026-05-15 06:28:26,215 [INFO] layers.layer6_fix_agent: L6/Suggest tmpl image_missing_alt operator_s_station_and_monitoring_systems/saving_radio_stations_automatically.dita
2026-05-15 06:28:26,215 [INFO] layers.layer6_fix_agent: L6/Suggest tmpl image_missing_alt operator_s_station_and_monitoring_systems/listening_to_auxiliary_audio_equipment.dita
2026-05-15 06:28:26,216 [INFO] layers.layer6_fix_agent: L6/Suggest tmpl image_missing_alt operator_s_station_and_monitoring_systems/a_front_display_basic_operation_menu.dita
2026-05-15 06:28:26,216 [INFO] layers.layer6_fix_agent: L6/Suggest tmpl image_missing_alt operator_s_station_and_monitoring_systems/idle_select_switch.dita
2026-05-15 06:28:26,216 [INFO] layers.layer6_fix_agent: L6/Suggest tmpl image_missing_alt operator_s_station_and_monitoring_systems/economic_fuel_saving_switch.dita
2026-05-15 06:28:26,216 [INFO] layers.layer6_fix_agent: L6/Suggest tmpl image_missing_alt operator_s_station_and_monitoring_systems/change_the_playback_mode.dita
2026-05-15 06:28:26,216 [INFO] layers.layer6_fix_agent: L6/Suggest tmpl empty_body operator_s_station_and_monitoring_systems/rear_camera_rear_view_with_steer_angle_option.dita
2026-05-15 06:28:26,217 [INFO] layers.layer6_fix_agent: L6/Suggest tmpl missing_shortdesc operator_s_station_and_monitoring_systems/rear_camera_rear_view_with_steer_angle_option.dita
2026-05-15 06:28:26,217 [INFO] layers.layer6_fix_agent: L6/Suggest tmpl image_missing_alt operator_s_station_and_monitoring_systems/listening_to_a_preset_station.dita
2026-05-15 06:28:26,217 [INFO] layers.layer6_fix_agent: L6/Suggest tmpl missing_steps operator_s_station_and_monitoring_systems/e_console_up_down_control_lever_if_installed.dita
2026-05-15 06:28:26,217 [INFO] layers.layer6_fix_agent: L6/Suggest tmpl image_missing_alt operator_s_station_and_monitoring_systems/e_console_up_down_control_lever_if_installed.dita
2026-05-15 06:28:26,217 [INFO] layers.layer6_fix_agent: L6/Suggest tmpl image_missing_alt operator_s_station_and_monitoring_systems/tuning_in_a_station.dita
2026-05-15 06:28:26,217 [INFO] layers.layer6_fix_agent: L6/Suggest tmpl table_missing_title operator_s_station_and_monitoring_systems/air_conditioner_controller.dita
2026-05-15 06:28:26,218 [INFO] layers.layer6_fix_agent: L6/Suggest tmpl image_missing_alt operator_s_station_and_monitoring_systems/air_conditioner_controller.dita
2026-05-15 06:28:26,218 [INFO] layers.layer6_fix_agent: L6/Suggest tmpl image_missing_alt operator_s_station_and_monitoring_systems/1_the_right_side_dash_board_cabin.dita
2026-05-15 06:28:26,218 [INFO] layers.layer6_fix_agent: L6/Suggest tmpl empty_body operator_s_station_and_monitoring_systems/aux_player.dita
2026-05-15 06:28:26,218 [INFO] layers.layer6_fix_agent: L6/Suggest tmpl missing_shortdesc operator_s_station_and_monitoring_systems/aux_player.dita
2026-05-15 06:28:26,218 [INFO] layers.layer6_fix_agent: L6/Suggest tmpl table_missing_title operator_s_station_and_monitoring_systems/2_the_left_side_dash_board_cabin.dita
2026-05-15 06:28:26,219 [INFO] layers.layer6_fix_agent: L6/Suggest tmpl image_missing_alt operator_s_station_and_monitoring_systems/2_the_left_side_dash_board_cabin.dita
2026-05-15 06:28:26,219 [INFO] layers.layer6_fix_agent: L6/Suggest tmpl table_missing_title operator_s_station_and_monitoring_systems/rear_view_connectors.dita
2026-05-15 06:28:26,219 [INFO] layers.layer6_fix_agent: L6/Suggest tmpl image_missing_alt operator_s_station_and_monitoring_systems/rear_view_connectors.dita
2026-05-15 06:28:26,219 [INFO] layers.layer6_fix_agent: L6/Suggest tmpl empty_body operator_s_station_and_monitoring_systems/radio_2.dita
2026-05-15 06:28:26,219 [INFO] layers.layer6_fix_agent: L6/Suggest tmpl missing_shortdesc operator_s_station_and_monitoring_systems/radio_2.dita
2026-05-15 06:28:26,220 [INFO] layers.layer6_fix_agent: L6/Suggest tmpl image_missing_alt operator_s_station_and_monitoring_systems/weight_scale_mode_option_hydraulic_type.dita
2026-05-15 06:28:26,220 [INFO] layers.layer6_fix_agent: L6/Suggest tmpl image_missing_alt operator_s_station_and_monitoring_systems/b_operation_method_display_menu.dita
2026-05-15 06:28:26,220 [INFO] layers.layer6_fix_agent: L6/Suggest tmpl step_empty_cmd operator_s_station_and_monitoring_systems/c_operation_method_setup_menu.dita
2026-05-15 06:28:26,220 [INFO] layers.layer6_fix_agent: L6/Suggest tmpl image_missing_alt operator_s_station_and_monitoring_systems/c_operation_method_setup_menu.dita
2026-05-15 06:28:26,220 [INFO] layers.layer6_fix_agent: L6/Suggest tmpl empty_body operator_s_station_and_monitoring_systems/audio_system_am_fm_tuner_with_usb_aux_player.dita
2026-05-15 06:28:26,221 [INFO] layers.layer6_fix_agent: L6/Suggest tmpl missing_shortdesc operator_s_station_and_monitoring_systems/audio_system_am_fm_tuner_with_usb_aux_player.dita
2026-05-15 06:28:26,221 [INFO] layers.layer6_fix_agent: L6/Suggest tmpl image_missing_alt operator_s_station_and_monitoring_systems/engine_stop_switch.dita
2026-05-15 06:28:26,221 [INFO] layers.layer6_fix_agent: L6/Suggest tmpl image_missing_alt operator_s_station_and_monitoring_systems/display_window.dita
2026-05-15 06:28:26,221 [INFO] layers.layer6_fix_agent: L6/Suggest tmpl image_missing_alt operator_s_station_and_monitoring_systems/playing_a_usb_device.dita
2026-05-15 06:28:26,221 [INFO] layers.layer6_fix_agent: L6/Suggest tmpl image_missing_alt operator_s_station_and_monitoring_systems/operator_s_station_and_monitoring_systems.dita
2026-05-15 06:28:26,222 [INFO] layers.layer6_fix_agent: L6/Suggest tmpl image_missing_alt operator_s_station_and_monitoring_systems/controlling_the_playback.dita
2026-05-15 06:28:26,222 [INFO] layers.layer6_fix_agent: L6/Suggest tmpl image_missing_alt operator_s_station_and_monitoring_systems/heater_flow_control_valve.dita
2026-05-15 06:28:26,222 [INFO] layers.layer6_fix_agent: L6/Suggest tmpl empty_body operator_s_station_and_monitoring_systems/rear_camera_only_rear_view_option.dita
2026-05-15 06:28:26,222 [INFO] layers.layer6_fix_agent: L6/Suggest tmpl missing_shortdesc operator_s_station_and_monitoring_systems/rear_camera_only_rear_view_option.dita
2026-05-15 06:28:26,222 [INFO] layers.layer6_fix_agent: L6/Suggest tmpl image_missing_alt operator_s_station_and_monitoring_systems/a_description_of_the_buttons_basic_operation.dita
2026-05-15 06:28:26,222 [INFO] layers.layer6_fix_agent: L6/Suggest tmpl image_missing_alt operator_s_station_and_monitoring_systems/wired_remote_controller.dita
2026-05-15 06:28:26,223 [INFO] layers.layer6_fix_agent: L6/Suggest tmpl missing_steps operator_s_station_and_monitoring_systems/c_engine_ignition_start_switch.dita
2026-05-15 06:28:26,223 [INFO] layers.layer6_fix_agent: L6/Suggest tmpl image_missing_alt operator_s_station_and_monitoring_systems/c_engine_ignition_start_switch.dita
2026-05-15 06:28:26,223 [INFO] layers.layer6_fix_agent: L6/Suggest tmpl image_missing_alt operator_s_station_and_monitoring_systems/adjusting_volume_directly.dita
2026-05-15 06:28:26,223 [INFO] layers.layer6_fix_agent: L6/Suggest tmpl image_missing_alt operator_s_station_and_monitoring_systems/saving_radio_stations_manually.dita
2026-05-15 06:28:26,223 [INFO] layers.layer6_fix_agent: L6/Suggest tmpl image_missing_alt operator_s_station_and_monitoring_systems/parking_brake_switch.dita
2026-05-15 06:28:26,224 [INFO] layers.layer6_fix_agent: L6/Suggest tmpl image_missing_alt operator_s_station_and_monitoring_systems/b_speed_meter.dita
2026-05-15 06:28:26,224 [INFO] layers.layer6_fix_agent: L6/Suggest tmpl image_missing_alt serial_number/serial_number_locations.dita
2026-05-15 06:28:26,224 [INFO] layers.layer6_fix_agent: L6/Suggest tmpl empty_body serial_number/serial_number.dita
2026-05-15 06:28:26,224 [INFO] layers.layer6_fix_agent: L6/Suggest tmpl missing_shortdesc serial_number/serial_number.dita
2026-05-15 06:28:26,224 [INFO] layers.layer6_fix_agent: L6/Suggest tmpl image_missing_alt operator_s_warning_and_identification_plate/identification_lift_capacity_and_attachment_plate.dita
2026-05-15 06:28:26,224 [INFO] layers.layer6_fix_agent: L6/Suggest tmpl image_missing_alt operator_s_warning_and_identification_plate/operator_s_warning_plate.dita
2026-05-15 06:28:26,225 [INFO] layers.layer6_fix_agent: L6/Suggest tmpl empty_body seat_switch_system/seat.dita
2026-05-15 06:28:26,225 [INFO] layers.layer6_fix_agent: L6/Suggest tmpl missing_shortdesc seat_switch_system/seat.dita
2026-05-15 06:28:26,225 [INFO] layers.layer6_fix_agent: L6/Suggest tmpl image_missing_alt seat_switch_system/circuit_breaker.dita
2026-05-15 06:28:26,225 [INFO] layers.layer6_fix_agent: L6/Suggest tmpl image_missing_alt seat_switch_system/seat_adjustment_2.dita
2026-05-15 06:28:26,225 [INFO] layers.layer6_fix_agent: L6/Suggest tmpl image_missing_alt seat_switch_system/fuse_box.dita
2026-05-15 06:28:26,226 [INFO] layers.layer6_fix_agent: L6/Suggest tmpl image_missing_alt seat_switch_system/air_suspension_seat_option_grammer.dita
2026-05-15 06:28:26,226 [INFO] layers.layer6_fix_agent: L6/Suggest tmpl image_missing_alt seat_switch_system/seat_switch_system.dita
2026-05-15 06:28:26,226 [INFO] layers.layer6_fix_agent: L6/Suggest tmpl image_missing_alt seat_switch_system/tow_eye.dita
2026-05-15 06:28:26,226 [INFO] layers.layer6_fix_agent: L6/Suggest tmpl image_missing_alt seat_switch_system/steering_column_tilting_angle_adjustment.dita
2026-05-15 06:28:26,226 [INFO] layers.layer6_fix_agent: L6/Suggest tmpl image_missing_alt before_starting_the_engine/walk_around_inspection.dita
2026-05-15 06:28:26,227 [INFO] layers.layer6_fix_agent: L6/Suggest tmpl empty_body before_starting_the_engine/before_starting_the_engine.dita
2026-05-15 06:28:26,227 [INFO] layers.layer6_fix_agent: L6/Suggest tmpl missing_shortdesc before_starting_the_engine/before_starting_the_engine.dita
2026-05-15 06:28:26,227 [INFO] layers.layer6_fix_agent: L6/Suggest tmpl table_missing_title capacity_chart/capacity_chart.dita
2026-05-15 06:28:26,227 [INFO] layers.layer6_fix_agent: L6/Suggest tmpl image_missing_alt capacity_chart/capacity_chart.dita
2026-05-15 06:28:26,227 [INFO] layers.layer6_fix_agent: L6/Suggest tmpl image_missing_alt operating_techniques/lifting_drums_or_round_objects.dita
2026-05-15 06:28:26,227 [INFO] layers.layer6_fix_agent: L6/Suggest tmpl empty_body operating_techniques/operating_techniques.dita
2026-05-15 06:28:26,228 [INFO] layers.layer6_fix_agent: L6/Suggest tmpl missing_shortdesc operating_techniques/operating_techniques.dita
2026-05-15 06:28:26,228 [INFO] layers.layer6_fix_agent: L6/Suggest tmpl image_missing_alt operating_techniques/turning.dita
2026-05-15 06:28:26,228 [INFO] layers.layer6_fix_agent: L6/Suggest tmpl image_missing_alt operating_techniques/safety_instructions_for_attachments_when_transporting_wide_loads.dita
2026-05-15 06:28:26,228 [INFO] layers.layer6_fix_agent: L6/Suggest tmpl image_missing_alt operating_techniques/unloading.dita
2026-05-15 06:28:26,228 [INFO] layers.layer6_fix_agent: L6/Suggest tmpl image_missing_alt operating_techniques/lifting_the_load.dita
2026-05-15 06:28:26,228 [INFO] layers.layer6_fix_agent: L6/Suggest tmpl image_missing_alt operating_techniques/inching_into_loads.dita
2026-05-15 06:28:26,229 [INFO] layers.layer6_fix_agent: L6/Suggest tmpl image_missing_alt operating_techniques/safety_instructions_for_attachments_when_transporting_suspended_load.dita
2026-05-15 06:28:26,229 [INFO] layers.layer6_fix_agent: L6/Suggest tmpl image_missing_alt operating_techniques/traveling_with_the_load.dita
2026-05-15 06:28:26,229 [INFO] layers.layer6_fix_agent: L6/Suggest tmpl table_col_mismatch specifications/specifications.dita
2026-05-15 06:28:26,229 [INFO] layers.layer6_fix_agent: L6/Suggest tmpl table_missing_title specifications/specifications.dita
2026-05-15 06:28:26,230 [INFO] layers.layer6_fix_agent: L6/Suggest tmpl image_missing_alt specifications/specifications.dita
2026-05-15 06:28:26,230 [INFO] layers.layer6_fix_agent: L6/Suggest tmpl table_col_mismatch after_starting_the_engine/def_ad_blue_quality_failure_for_usa.dita
2026-05-15 06:28:26,230 [INFO] layers.layer6_fix_agent: L6/Suggest tmpl table_missing_title after_starting_the_engine/def_ad_blue_quality_failure_for_usa.dita
2026-05-15 06:28:26,230 [INFO] layers.layer6_fix_agent: L6/Suggest tmpl image_missing_alt after_starting_the_engine/def_ad_blue_quality_failure_for_usa.dita
2026-05-15 06:28:26,230 [INFO] layers.layer6_fix_agent: L6/Suggest tmpl table_col_mismatch after_starting_the_engine/impeded_egr_for_europe.dita
2026-05-15 06:28:26,231 [INFO] layers.layer6_fix_agent: L6/Suggest tmpl table_missing_title after_starting_the_engine/impeded_egr_for_europe.dita
2026-05-15 06:28:26,231 [INFO] layers.layer6_fix_agent: L6/Suggest tmpl image_missing_alt after_starting_the_engine/impeded_egr_for_europe.dita
2026-05-15 06:28:26,231 [INFO] layers.layer6_fix_agent: L6/Suggest tmpl section_missing_title after_starting_the_engine/def_ad_blue_level_inducement_for_europe.dita
2026-05-15 06:28:26,231 [INFO] layers.layer6_fix_agent: L6/Suggest tmpl table_col_mismatch after_starting_the_engine/def_ad_blue_level_inducement_for_europe.dita
2026-05-15 06:28:26,231 [INFO] layers.layer6_fix_agent: L6/Suggest tmpl table_missing_title after_starting_the_engine/def_ad_blue_level_inducement_for_europe.dita
2026-05-15 06:28:26,232 [INFO] layers.layer6_fix_agent: L6/Suggest tmpl image_missing_alt after_starting_the_engine/def_ad_blue_level_inducement_for_europe.dita
2026-05-15 06:28:26,232 [INFO] layers.layer6_fix_agent: L6/Suggest tmpl table_col_mismatch after_starting_the_engine/scr_system_tampering_for_usa.dita
2026-05-15 06:28:26,232 [INFO] layers.layer6_fix_agent: L6/Suggest tmpl table_missing_title after_starting_the_engine/scr_system_tampering_for_usa.dita
2026-05-15 06:28:26,232 [INFO] layers.layer6_fix_agent: L6/Suggest tmpl image_missing_alt after_starting_the_engine/scr_system_tampering_for_usa.dita
2026-05-15 06:28:26,232 [INFO] layers.layer6_fix_agent: L6/Suggest tmpl table_col_mismatch after_starting_the_engine/def_ad_blue_level_inducement_for_usa.dita
2026-05-15 06:28:26,232 [INFO] layers.layer6_fix_agent: L6/Suggest tmpl table_missing_title after_starting_the_engine/def_ad_blue_level_inducement_for_usa.dita
2026-05-15 06:28:26,233 [INFO] layers.layer6_fix_agent: L6/Suggest tmpl image_missing_alt after_starting_the_engine/def_ad_blue_level_inducement_for_usa.dita
2026-05-15 06:28:26,233 [INFO] layers.layer6_fix_agent: L6/Suggest tmpl empty_body after_starting_the_engine/diesel_engine.dita
2026-05-15 06:28:26,233 [INFO] layers.layer6_fix_agent: L6/Suggest tmpl missing_shortdesc after_starting_the_engine/diesel_engine.dita
2026-05-15 06:28:26,233 [INFO] layers.layer6_fix_agent: L6/Suggest tmpl table_col_mismatch after_starting_the_engine/scr_system_tampering_for_europe.dita
2026-05-15 06:28:26,233 [INFO] layers.layer6_fix_agent: L6/Suggest tmpl table_missing_title after_starting_the_engine/scr_system_tampering_for_europe.dita
2026-05-15 06:28:26,233 [INFO] layers.layer6_fix_agent: L6/Suggest tmpl image_missing_alt after_starting_the_engine/scr_system_tampering_for_europe.dita
2026-05-15 06:28:26,234 [INFO] layers.layer6_fix_agent: L6/Suggest tmpl image_missing_alt after_starting_the_engine/introduction.dita
2026-05-15 06:28:26,234 [INFO] layers.layer6_fix_agent: L6/Suggest tmpl empty_body after_starting_the_engine/engine_and_after_treatment_system.dita
2026-05-15 06:28:26,234 [INFO] layers.layer6_fix_agent: L6/Suggest tmpl missing_shortdesc after_starting_the_engine/engine_and_after_treatment_system.dita
2026-05-15 06:28:26,234 [INFO] layers.layer6_fix_agent: L6/Suggest tmpl table_col_mismatch after_starting_the_engine/display_of_detecting_control_failure.dita
2026-05-15 06:28:26,234 [INFO] layers.layer6_fix_agent: L6/Suggest tmpl table_missing_title after_starting_the_engine/display_of_detecting_control_failure.dita
2026-05-15 06:28:26,235 [INFO] layers.layer6_fix_agent: L6/Suggest tmpl image_missing_alt after_starting_the_engine/display_of_detecting_control_failure.dita
2026-05-15 06:28:26,235 [INFO] layers.layer6_fix_agent: L6/Suggest tmpl image_missing_alt after_starting_the_engine/after_starting_the_engine.dita
2026-05-15 06:28:26,235 [INFO] layers.layer6_fix_agent: L6/Suggest tmpl table_col_mismatch after_starting_the_engine/interruption_of_dosing_for_europe.dita
2026-05-15 06:28:26,235 [INFO] layers.layer6_fix_agent: L6/Suggest tmpl table_missing_title after_starting_the_engine/interruption_of_dosing_for_europe.dita
2026-05-15 06:28:26,235 [INFO] layers.layer6_fix_agent: L6/Suggest tmpl image_missing_alt after_starting_the_engine/interruption_of_dosing_for_europe.dita
2026-05-15 06:28:26,235 [INFO] layers.layer6_fix_agent: L6/Suggest tmpl table_col_mismatch after_starting_the_engine/detecting_control_failure.dita
2026-05-15 06:28:26,236 [INFO] layers.layer6_fix_agent: L6/Suggest tmpl table_missing_title after_starting_the_engine/detecting_control_failure.dita
2026-05-15 06:28:26,236 [INFO] layers.layer6_fix_agent: L6/Suggest tmpl section_missing_title after_starting_the_engine/def_ad_blue_quality_failure_for_europe.dita
2026-05-15 06:28:26,236 [INFO] layers.layer6_fix_agent: L6/Suggest tmpl table_col_mismatch after_starting_the_engine/def_ad_blue_quality_failure_for_europe.dita
2026-05-15 06:28:26,236 [INFO] layers.layer6_fix_agent: L6/Suggest tmpl table_missing_title after_starting_the_engine/def_ad_blue_quality_failure_for_europe.dita
2026-05-15 06:28:26,236 [INFO] layers.layer6_fix_agent: L6/Suggest tmpl image_missing_alt after_starting_the_engine/def_ad_blue_quality_failure_for_europe.dita
2026-05-15 06:28:26,237 [INFO] layers.layer6_fix_agent: L6/Suggest tmpl missing_prolog lift_truck_operation/lift_truck_operation.dita
2026-05-15 06:28:26,237 [INFO] layers.layer6_fix_agent: L6/Suggest tmpl missing_prolog lift_truck_controls/cabin_tilting.dita
2026-05-15 06:28:26,237 [INFO] layers.layer6_fix_agent: L6/Suggest tmpl missing_prolog lift_truck_controls/lift_truck_controls.dita
2026-05-15 06:28:26,237 [INFO] layers.layer6_fix_agent: L6/Suggest tmpl missing_prolog safety/avoiding_lift_truck_tipover.dita
2026-05-15 06:28:26,237 [INFO] layers.layer6_fix_agent: L6/Suggest tmpl missing_prolog safety/burn_prevention.dita
2026-05-15 06:28:26,237 [INFO] layers.layer6_fix_agent: L6/Suggest tmpl missing_prolog safety/operation_information.dita
2026-05-15 06:28:26,237 [INFO] layers.layer6_fix_agent: L6/Suggest tmpl missing_prolog safety/operator_restraint_system.dita
2026-05-15 06:28:26,237 [INFO] layers.layer6_fix_agent: L6/Suggest tmpl missing_prolog starting_the_engine/starting_the_engine.dita
2026-05-15 06:28:26,237 [INFO] layers.layer6_fix_agent: L6/Suggest tmpl missing_prolog noise_and_vibration/noise_and_vibration.dita
2026-05-15 06:28:26,238 [INFO] layers.layer6_fix_agent: L6/Suggest tmpl missing_prolog operator_s_station_and_monitoring_systems/radio.dita
2026-05-15 06:28:26,238 [INFO] layers.layer6_fix_agent: L6/Suggest tmpl missing_prolog operator_s_station_and_monitoring_systems/getting_started.dita
2026-05-15 06:28:26,238 [INFO] layers.layer6_fix_agent: L6/Suggest tmpl missing_prolog operator_s_station_and_monitoring_systems/usb_player.dita
2026-05-15 06:28:26,238 [INFO] layers.layer6_fix_agent: L6/Suggest tmpl missing_prolog operator_s_station_and_monitoring_systems/rear_camera_rear_view_with_steer_angle_option.dita
2026-05-15 06:28:26,238 [INFO] layers.layer6_fix_agent: L6/Suggest tmpl missing_prolog operator_s_station_and_monitoring_systems/aux_player.dita
2026-05-15 06:28:26,238 [INFO] layers.layer6_fix_agent: L6/Suggest tmpl missing_prolog operator_s_station_and_monitoring_systems/radio_2.dita
2026-05-15 06:28:26,238 [INFO] layers.layer6_fix_agent: L6/Suggest tmpl missing_prolog operator_s_station_and_monitoring_systems/audio_system_am_fm_tuner_with_usb_aux_player.dita
2026-05-15 06:28:26,238 [INFO] layers.layer6_fix_agent: L6/Suggest tmpl missing_prolog operator_s_station_and_monitoring_systems/rear_camera_only_rear_view_option.dita
2026-05-15 06:28:26,238 [INFO] layers.layer6_fix_agent: L6/Suggest tmpl missing_prolog serial_number/serial_number.dita
2026-05-15 06:28:26,238 [INFO] layers.layer6_fix_agent: L6/Suggest tmpl missing_prolog seat_switch_system/seat.dita
2026-05-15 06:28:26,238 [INFO] layers.layer6_fix_agent: L6/Suggest tmpl missing_prolog before_starting_the_engine/before_starting_the_engine.dita
2026-05-15 06:28:26,239 [INFO] layers.layer6_fix_agent: L6/Suggest tmpl missing_prolog operating_techniques/operating_techniques.dita
2026-05-15 06:28:26,239 [INFO] layers.layer6_fix_agent: L6/Suggest tmpl missing_prolog after_starting_the_engine/diesel_engine.dita
2026-05-15 06:28:26,239 [INFO] layers.layer6_fix_agent: L6/Suggest tmpl missing_prolog after_starting_the_engine/engine_and_after_treatment_system.dita
2026-05-15 06:28:26,239 [INFO] layers.layer6_fix_agent: L6/Suggest tmpl invalid_conbody_child lift_truck_controls/transmission_display.dita
2026-05-15 06:28:26,239 [INFO] layers.layer6_fix_agent: L6/Suggest tmpl invalid_conbody_child lift_truck_controls/scr_cleaning_desox_switch.dita
2026-05-15 06:28:26,239 [INFO] layers.layer6_fix_agent: L6/Suggest tmpl invalid_conbody_child lift_truck_controls/how_to_operate_the_power_pack_for_manual_tilting.dita
2026-05-15 06:28:26,239 [INFO] layers.layer6_fix_agent: L6/Suggest tmpl missing_steps safety/maintenance_information.dita
2026-05-15 06:28:26,239 [INFO] layers.layer6_fix_agent: L6/Suggest tmpl invalid_conbody_child safety/tyre_information.dita
2026-05-15 06:28:26,239 [INFO] layers.layer6_fix_agent: L6/Suggest tmpl invalid_conbody_child safety/fasten_the_seat_belt.dita
2026-05-15 06:28:26,239 [INFO] layers.layer6_fix_agent: L6/Suggest tmpl invalid_conbody_child safety/warning_signs_and_labels_2.dita
2026-05-15 06:28:26,239 [INFO] layers.layer6_fix_agent: L6/Suggest tmpl invalid_conbody_child safety/capacity_load_weight_and_load_centre.dita
2026-05-15 06:28:26,240 [INFO] layers.layer6_fix_agent: L6/Suggest tmpl invalid_conbody_child safety/inspection.dita
2026-05-15 06:28:26,240 [INFO] layers.layer6_fix_agent: L6/Suggest tmpl missing_steps safety/lift_truck_parking.dita
2026-05-15 06:28:26,240 [INFO] layers.layer6_fix_agent: L6/Suggest tmpl invalid_conbody_child safety/how_to_survive_in_a_tipover.dita
2026-05-15 06:28:26,240 [INFO] layers.layer6_fix_agent: L6/Suggest tmpl invalid_conbody_child safety/safety_rules.dita
2026-05-15 06:28:26,240 [INFO] layers.layer6_fix_agent: L6/Suggest tmpl missing_steps noise_and_vibration/noise.dita
2026-05-15 06:28:26,240 [INFO] layers.layer6_fix_agent: L6/Suggest tmpl missing_steps noise_and_vibration/vibration_weighted_overall_value.dita
2026-05-15 06:28:26,240 [INFO] layers.layer6_fix_agent: L6/Suggest tmpl invalid_conbody_child operator_s_station_and_monitoring_systems/a_instrument_panel.dita
2026-05-15 06:28:26,240 [INFO] layers.layer6_fix_agent: L6/Suggest tmpl invalid_conbody_child operator_s_station_and_monitoring_systems/turning_the_unit_on_off.dita
2026-05-15 06:28:26,240 [INFO] layers.layer6_fix_agent: L6/Suggest tmpl invalid_conbody_child operator_s_station_and_monitoring_systems/3_the_operator_switches.dita
2026-05-15 06:28:26,240 [INFO] layers.layer6_fix_agent: L6/Suggest tmpl section_missing_title operator_s_station_and_monitoring_systems/idle_select_switch.dita
2026-05-15 06:28:26,241 [INFO] layers.layer6_fix_agent: L6/Suggest tmpl invalid_conbody_child operator_s_station_and_monitoring_systems/rear_view_connectors.dita
2026-05-15 06:28:26,241 [INFO] layers.layer6_fix_agent: L6/Suggest tmpl section_missing_title operator_s_station_and_monitoring_systems/engine_diagnostic_switch.dita
2026-05-15 06:28:26,241 [INFO] layers.layer6_fix_agent: L6/Suggest tmpl missing_steps operator_s_station_and_monitoring_systems/weight_scale_mode_option_hydraulic_type.dita
2026-05-15 06:28:26,241 [INFO] layers.layer6_fix_agent: L6/Suggest tmpl section_missing_title operator_s_station_and_monitoring_systems/b_operation_method_display_menu.dita
2026-05-15 06:28:26,241 [INFO] layers.layer6_fix_agent: L6/Suggest tmpl invalid_conbody_child operator_s_station_and_monitoring_systems/display_window.dita
2026-05-15 06:28:26,241 [INFO] layers.layer6_fix_agent: L6/Suggest tmpl invalid_conbody_child operator_s_station_and_monitoring_systems/playing_a_usb_device.dita
2026-05-15 06:28:26,241 [INFO] layers.layer6_fix_agent: L6/Suggest tmpl invalid_conbody_child operator_s_station_and_monitoring_systems/controlling_the_playback.dita
2026-05-15 06:28:26,241 [INFO] layers.layer6_fix_agent: L6/Suggest tmpl invalid_conbody_child operator_s_station_and_monitoring_systems/parking_brake_switch.dita
2026-05-15 06:28:26,242 [INFO] layers.layer6_fix_agent: L6/Suggest tmpl missing_steps seat_switch_system/seat_adjustment_2.dita
2026-05-15 06:28:26,242 [INFO] layers.layer6_fix_agent: L6/Suggest tmpl invalid_conbody_child seat_switch_system/seat_switch_system.dita
2026-05-15 06:28:26,242 [INFO] layers.layer6_fix_agent: L6/Suggest tmpl invalid_conbody_child seat_switch_system/tow_eye.dita
2026-05-15 06:28:26,242 [INFO] layers.layer6_fix_agent: L6/Suggest tmpl invalid_conbody_child operating_techniques/lifting_drums_or_round_objects.dita
2026-05-15 06:28:26,242 [INFO] layers.layer6_fix_agent: L6/Suggest tmpl invalid_conbody_child operating_techniques/unloading.dita
2026-05-15 06:28:26,242 [INFO] layers.layer6_fix_agent: L6/Suggest tmpl invalid_conbody_child operating_techniques/safety_instructions_for_attachments_when_transporting_suspended_load.dita
2026-05-15 06:28:26,242 [INFO] layers.layer6_fix_agent: L6/Suggest tmpl invalid_conbody_child operating_techniques/traveling_with_the_load.dita
2026-05-15 06:28:26,242 [INFO] layers.layer6_fix_agent: L6/Suggest tmpl missing_steps specifications/specifications.dita
2026-05-15 06:28:26,242 [INFO] layers.layer6_fix_agent: L6/Suggest tmpl missing_steps after_starting_the_engine/def_ad_blue_quality_failure_for_usa.dita
2026-05-15 06:28:26,242 [INFO] layers.layer6_fix_agent: L6/Suggest tmpl missing_steps after_starting_the_engine/def_ad_blue_level_inducement_for_usa.dita
2026-05-15 06:28:26,242 [INFO] layers.layer6_fix_agent: L6/Suggest tmpl missing_steps after_starting_the_engine/display_of_detecting_control_failure.dita
2026-05-15 06:28:26,243 [INFO] layers.layer6_fix_agent: L6/Suggest tmpl invalid_conbody_child after_starting_the_engine/after_starting_the_engine.dita
2026-05-15 06:28:26,243 [INFO] layers.layer6_fix_agent: L6/Suggest tmpl missing_steps after_starting_the_engine/detecting_control_failure.dita
2026-05-15 06:28:26,243 [INFO] layers.layer6_fix_agent: L6/Suggest tmpl missing_prodname after_starting_the_engine/after_starting_the_engine.dita
2026-05-15 06:28:26,243 [INFO] layers.layer6_fix_agent: L6/Suggest tmpl missing_prodname after_starting_the_engine/def_ad_blue_level_inducement_for_europe.dita
2026-05-15 06:28:26,243 [INFO] layers.layer6_fix_agent: L6/Suggest tmpl missing_prodname after_starting_the_engine/def_ad_blue_level_inducement_for_usa.dita
2026-05-15 06:28:26,243 [INFO] layers.layer6_fix_agent: L6/Suggest tmpl missing_prodname after_starting_the_engine/def_ad_blue_level_inducement_for_usa_europe.dita
2026-05-15 06:28:26,244 [INFO] layers.layer6_fix_agent: L6/Suggest tmpl missing_prodname after_starting_the_engine/def_ad_blue_quality_failure_for_europe.dita
2026-05-15 06:28:26,244 [INFO] layers.layer6_fix_agent: L6/Suggest tmpl missing_prodname after_starting_the_engine/def_ad_blue_quality_failure_for_usa.dita
2026-05-15 06:28:26,244 [INFO] layers.layer6_fix_agent: L6/Suggest tmpl missing_prodname after_starting_the_engine/def_ad_blue_quality_failure_for_usa_europe.dita
2026-05-15 06:28:26,244 [INFO] layers.layer6_fix_agent: L6/Suggest tmpl missing_prodname after_starting_the_engine/detecting_control_failure.dita
2026-05-15 06:28:26,244 [INFO] layers.layer6_fix_agent: L6/Suggest tmpl missing_prodname after_starting_the_engine/display_of_detecting_control_failure.dita
2026-05-15 06:28:26,245 [INFO] layers.layer6_fix_agent: L6/Suggest tmpl missing_prodname after_starting_the_engine/impeded_egr_for_europe.dita
2026-05-15 06:28:26,245 [INFO] layers.layer6_fix_agent: L6/Suggest tmpl missing_prodname after_starting_the_engine/impeded_egr_interruption_of_dosing_for_europe_only.dita
2026-05-15 06:28:26,245 [INFO] layers.layer6_fix_agent: L6/Suggest tmpl missing_prodname after_starting_the_engine/interruption_of_dosing_for_europe.dita
2026-05-15 06:28:26,245 [INFO] layers.layer6_fix_agent: L6/Suggest tmpl missing_prodname after_starting_the_engine/introduction.dita
2026-05-15 06:28:26,246 [INFO] layers.layer6_fix_agent: L6/Suggest tmpl missing_prodname after_starting_the_engine/scr_system_tampering_for_europe.dita
2026-05-15 06:28:26,246 [INFO] layers.layer6_fix_agent: L6/Suggest tmpl missing_prodname after_starting_the_engine/scr_system_tampering_for_usa.dita
2026-05-15 06:28:26,246 [INFO] layers.layer6_fix_agent: L6/Suggest tmpl missing_prodname after_starting_the_engine/scr_system_tampering_for_usa_europe.dita
2026-05-15 06:28:26,246 [INFO] layers.layer6_fix_agent: L6/Suggest tmpl missing_prodname before_starting_the_engine/walk_around_inspection.dita
2026-05-15 06:28:26,246 [INFO] layers.layer6_fix_agent: L6/Suggest tmpl missing_prodname capacity_chart/capacity_chart.dita
2026-05-15 06:28:26,247 [INFO] layers.layer6_fix_agent: L6/Suggest tmpl missing_prodname important_safety_information/important_safety_information.dita
2026-05-15 06:28:26,247 [INFO] layers.layer6_fix_agent: L6/Suggest tmpl missing_prodname lift_truck_controls/def_ad_blue_replenishment.dita
2026-05-15 06:28:26,247 [INFO] layers.layer6_fix_agent: L6/Suggest tmpl missing_prodname lift_truck_controls/direction_control_lever.dita
2026-05-15 06:28:26,247 [INFO] layers.layer6_fix_agent: L6/Suggest tmpl missing_prodname lift_truck_controls/forward_reverse_lever.dita
2026-05-15 06:28:26,247 [INFO] layers.layer6_fix_agent: L6/Suggest tmpl missing_prodname lift_truck_controls/how_to_fill_the_hydraulic_oil.dita
2026-05-15 06:28:26,248 [INFO] layers.layer6_fix_agent: L6/Suggest tmpl missing_prodname lift_truck_controls/how_to_operate_the_power_pack_for_manual_tilting.dita
2026-05-15 06:28:26,248 [INFO] layers.layer6_fix_agent: L6/Suggest tmpl missing_prodname lift_truck_controls/location_of_power_pack.dita
2026-05-15 06:28:26,248 [INFO] layers.layer6_fix_agent: L6/Suggest tmpl missing_prodname lift_truck_controls/neutral_lever_lock.dita
2026-05-15 06:28:26,248 [INFO] layers.layer6_fix_agent: L6/Suggest tmpl missing_prodname lift_truck_controls/refueling.dita
2026-05-15 06:28:26,248 [INFO] layers.layer6_fix_agent: L6/Suggest tmpl missing_prodname lift_truck_controls/scr_cleaning_desox_switch.dita
2026-05-15 06:28:26,248 [INFO] layers.layer6_fix_agent: L6/Suggest tmpl missing_prodname lift_truck_controls/speed_selection.dita
2026-05-15 06:28:26,249 [INFO] layers.layer6_fix_agent: L6/Suggest tmpl missing_prodname lift_truck_controls/transmission_display.dita
2026-05-15 06:28:26,249 [INFO] layers.layer6_fix_agent: L6/Suggest tmpl missing_prodname lift_truck_operation/inching.dita
2026-05-15 06:28:26,249 [INFO] layers.layer6_fix_agent: L6/Suggest tmpl missing_prodname lift_truck_operation/moving_and_stopping_the_lift_truck.dita
2026-05-15 06:28:26,249 [INFO] layers.layer6_fix_agent: L6/Suggest tmpl missing_prodname lift_truck_operation/steering_knob_if_equipped.dita
2026-05-15 06:28:26,249 [INFO] layers.layer6_fix_agent: L6/Suggest tmpl missing_prodname noise_and_vibration/noise.dita
2026-05-15 06:28:26,250 [INFO] layers.layer6_fix_agent: L6/Suggest tmpl missing_prodname noise_and_vibration/vibration_weighted_overall_value.dita
2026-05-15 06:28:26,250 [INFO] layers.layer6_fix_agent: L6/Suggest tmpl missing_prodname operating_techniques/inching_into_loads.dita
2026-05-15 06:28:26,250 [INFO] layers.layer6_fix_agent: L6/Suggest tmpl missing_prodname operating_techniques/lifting_drums_or_round_objects.dita
2026-05-15 06:28:26,250 [INFO] layers.layer6_fix_agent: L6/Suggest tmpl missing_prodname operating_techniques/lifting_the_load.dita
2026-05-15 06:28:26,250 [INFO] layers.layer6_fix_agent: L6/Suggest tmpl missing_prodname operating_techniques/load_lateral_centre_of_gravity.dita
2026-05-15 06:28:26,251 [INFO] layers.layer6_fix_agent: L6/Suggest tmpl missing_prodname operating_techniques/load_shift.dita
2026-05-15 06:28:26,251 [INFO] layers.layer6_fix_agent: L6/Suggest tmpl missing_prodname operating_techniques/load_stability.dita
2026-05-15 06:28:26,251 [INFO] layers.layer6_fix_agent: L6/Suggest tmpl missing_prodname operating_techniques/load_swing.dita
2026-05-15 06:28:26,251 [INFO] layers.layer6_fix_agent: L6/Suggest tmpl missing_prodname operating_techniques/operating_in_hot_weather.dita
2026-05-15 06:28:26,251 [INFO] layers.layer6_fix_agent: L6/Suggest tmpl missing_prodname operating_techniques/safety_instructions_for_attachments_when_transporting_suspended_load.dita
2026-05-15 06:28:26,252 [INFO] layers.layer6_fix_agent: L6/Suggest tmpl missing_prodname operating_techniques/safety_instructions_for_attachments_when_transporting_wide_loads.dita
2026-05-15 06:28:26,252 [INFO] layers.layer6_fix_agent: L6/Suggest tmpl missing_prodname operating_techniques/traveling_with_the_load.dita
2026-05-15 06:28:26,252 [INFO] layers.layer6_fix_agent: L6/Suggest tmpl missing_prodname operating_techniques/turning.dita
2026-05-15 06:28:26,252 [INFO] layers.layer6_fix_agent: L6/Suggest tmpl missing_prodname operating_techniques/unloading.dita
2026-05-15 06:28:26,252 [INFO] layers.layer6_fix_agent: L6/Suggest tmpl missing_prodname operating_techniques/visibility.dita
2026-05-15 06:28:26,253 [INFO] layers.layer6_fix_agent: L6/Suggest tmpl missing_prodname operator_s_station_and_monitoring_systems/12v_socket.dita
2026-05-15 06:28:26,253 [INFO] layers.layer6_fix_agent: L6/Suggest tmpl missing_prodname operator_s_station_and_monitoring_systems/1_the_right_side_dash_board_cabin.dita
2026-05-15 06:28:26,253 [INFO] layers.layer6_fix_agent: L6/Suggest tmpl missing_prodname operator_s_station_and_monitoring_systems/2_the_left_side_dash_board_cabin.dita
2026-05-15 06:28:26,253 [INFO] layers.layer6_fix_agent: L6/Suggest tmpl missing_prodname operator_s_station_and_monitoring_systems/3_the_operator_switches.dita
2026-05-15 06:28:26,253 [INFO] layers.layer6_fix_agent: L6/Suggest tmpl missing_prodname operator_s_station_and_monitoring_systems/4_the_left_side_dash_board_ovhd_guard.dita
2026-05-15 06:28:26,254 [INFO] layers.layer6_fix_agent: L6/Suggest tmpl missing_prodname operator_s_station_and_monitoring_systems/5_pedal_configuration.dita
2026-05-15 06:28:26,254 [INFO] layers.layer6_fix_agent: L6/Suggest tmpl missing_prodname operator_s_station_and_monitoring_systems/6_steering_wheel.dita
2026-05-15 06:28:26,254 [INFO] layers.layer6_fix_agent: L6/Suggest tmpl missing_prodname operator_s_station_and_monitoring_systems/a_description_of_the_buttons_basic_operation.dita
2026-05-15 06:28:26,254 [INFO] layers.layer6_fix_agent: L6/Suggest tmpl missing_prodname operator_s_station_and_monitoring_systems/a_front_display_basic_operation_menu.dita
2026-05-15 06:28:26,254 [INFO] layers.layer6_fix_agent: L6/Suggest tmpl missing_prodname operator_s_station_and_monitoring_systems/a_instrument_panel.dita
2026-05-15 06:28:26,255 [INFO] layers.layer6_fix_agent: L6/Suggest tmpl missing_prodname operator_s_station_and_monitoring_systems/about_mp3_wma.dita
2026-05-15 06:28:26,255 [INFO] layers.layer6_fix_agent: L6/Suggest tmpl missing_prodname operator_s_station_and_monitoring_systems/adjusting_volume_directly.dita
2026-05-15 06:28:26,255 [INFO] layers.layer6_fix_agent: L6/Suggest tmpl missing_prodname operator_s_station_and_monitoring_systems/air_conditioner_controller.dita
2026-05-15 06:28:26,255 [INFO] layers.layer6_fix_agent: L6/Suggest tmpl missing_prodname operator_s_station_and_monitoring_systems/auto_manual_change_switch.dita
2026-05-15 06:28:26,255 [INFO] layers.layer6_fix_agent: L6/Suggest tmpl missing_prodname operator_s_station_and_monitoring_systems/auxiliary_operation_lever_option.dita
2026-05-15 06:28:26,256 [INFO] layers.layer6_fix_agent: L6/Suggest tmpl missing_prodname operator_s_station_and_monitoring_systems/b_operation_method.dita
2026-05-15 06:28:26,256 [INFO] layers.layer6_fix_agent: L6/Suggest tmpl missing_prodname operator_s_station_and_monitoring_systems/b_operation_method_display_menu.dita
2026-05-15 06:28:26,256 [INFO] layers.layer6_fix_agent: L6/Suggest tmpl missing_prodname operator_s_station_and_monitoring_systems/b_speed_meter.dita
2026-05-15 06:28:26,256 [INFO] layers.layer6_fix_agent: L6/Suggest tmpl missing_prodname operator_s_station_and_monitoring_systems/before_mp3_wma_usb_playback.dita
2026-05-15 06:28:26,257 [INFO] layers.layer6_fix_agent: L6/Suggest tmpl missing_prodname operator_s_station_and_monitoring_systems/c_engine_ignition_start_switch.dita
2026-05-15 06:28:26,257 [INFO] layers.layer6_fix_agent: L6/Suggest tmpl missing_prodname operator_s_station_and_monitoring_systems/c_operation_method_setup_menu.dita
2026-05-15 06:28:26,257 [INFO] layers.layer6_fix_agent: L6/Suggest tmpl missing_prodname operator_s_station_and_monitoring_systems/calling_via_handsfree_lf_equipped.dita
2026-05-15 06:28:26,257 [INFO] layers.layer6_fix_agent: L6/Suggest tmpl missing_prodname operator_s_station_and_monitoring_systems/change_the_playback_mode.dita
2026-05-15 06:28:26,257 [INFO] layers.layer6_fix_agent: L6/Suggest tmpl missing_prodname operator_s_station_and_monitoring_systems/cigar_jack.dita
2026-05-15 06:28:26,258 [INFO] layers.layer6_fix_agent: L6/Suggest tmpl missing_prodname operator_s_station_and_monitoring_systems/controlling_the_playback.dita
2026-05-15 06:28:26,258 [INFO] layers.layer6_fix_agent: L6/Suggest tmpl missing_prodname operator_s_station_and_monitoring_systems/d_console_tilt_angle_control_lever.dita
2026-05-15 06:28:26,258 [INFO] layers.layer6_fix_agent: L6/Suggest tmpl missing_prodname operator_s_station_and_monitoring_systems/display_window.dita
2026-05-15 06:28:26,258 [INFO] layers.layer6_fix_agent: L6/Suggest tmpl missing_prodname operator_s_station_and_monitoring_systems/e_console_up_down_control_lever_if_installed.dita
2026-05-15 06:28:26,258 [INFO] layers.layer6_fix_agent: L6/Suggest tmpl missing_prodname operator_s_station_and_monitoring_systems/economic_fuel_saving_switch.dita
2026-05-15 06:28:26,259 [INFO] layers.layer6_fix_agent: L6/Suggest tmpl missing_prodname operator_s_station_and_monitoring_systems/emergency_lamp_switch.dita
2026-05-15 06:28:26,259 [INFO] layers.layer6_fix_agent: L6/Suggest tmpl missing_prodname operator_s_station_and_monitoring_systems/engine_diagnostic_switch.dita
2026-05-15 06:28:26,259 [INFO] layers.layer6_fix_agent: L6/Suggest tmpl missing_prodname operator_s_station_and_monitoring_systems/engine_stop_switch.dita
2026-05-15 06:28:26,259 [INFO] layers.layer6_fix_agent: L6/Suggest tmpl missing_prodname operator_s_station_and_monitoring_systems/handling_precautions_for_usb_device.dita
2026-05-15 06:28:26,259 [INFO] layers.layer6_fix_agent: L6/Suggest tmpl missing_prodname operator_s_station_and_monitoring_systems/heater_flow_control_valve.dita
2026-05-15 06:28:26,260 [INFO] layers.layer6_fix_agent: L6/Suggest tmpl missing_prodname operator_s_station_and_monitoring_systems/idle_select_switch.dita
2026-05-15 06:28:26,260 [INFO] layers.layer6_fix_agent: L6/Suggest tmpl missing_prodname operator_s_station_and_monitoring_systems/left_fork_operation_lever.dita
2026-05-15 06:28:26,260 [INFO] layers.layer6_fix_agent: L6/Suggest tmpl missing_prodname operator_s_station_and_monitoring_systems/lift_lever.dita
2026-05-15 06:28:26,260 [INFO] layers.layer6_fix_agent: L6/Suggest tmpl missing_prodname operator_s_station_and_monitoring_systems/listening_to_a_preset_station.dita
2026-05-15 06:28:26,260 [INFO] layers.layer6_fix_agent: L6/Suggest tmpl missing_prodname operator_s_station_and_monitoring_systems/listening_to_auxiliary_audio_equipment.dita
2026-05-15 06:28:26,260 [INFO] layers.layer6_fix_agent: L6/Suggest tmpl missing_prodname operator_s_station_and_monitoring_systems/listening_to_dmb_sound_lf_equipped.dita
2026-05-15 06:28:26,261 [INFO] layers.layer6_fix_agent: L6/Suggest tmpl missing_prodname operator_s_station_and_monitoring_systems/location_of_controls.dita
2026-05-15 06:28:26,261 [INFO] layers.layer6_fix_agent: L6/Suggest tmpl missing_prodname operator_s_station_and_monitoring_systems/operator_s_station_and_monitoring_systems.dita
2026-05-15 06:28:26,261 [INFO] layers.layer6_fix_agent: L6/Suggest tmpl missing_prodname operator_s_station_and_monitoring_systems/parking_brake_switch.dita
2026-05-15 06:28:26,261 [INFO] layers.layer6_fix_agent: L6/Suggest tmpl missing_prodname operator_s_station_and_monitoring_systems/playing_a_usb_device.dita
2026-05-15 06:28:26,261 [INFO] layers.layer6_fix_agent: L6/Suggest tmpl missing_prodname operator_s_station_and_monitoring_systems/rear_view_connectors.dita
2026-05-15 06:28:26,262 [INFO] layers.layer6_fix_agent: L6/Suggest tmpl missing_prodname operator_s_station_and_monitoring_systems/right_fork_operation_lever.dita
2026-05-15 06:28:26,262 [INFO] layers.layer6_fix_agent: L6/Suggest tmpl missing_prodname operator_s_station_and_monitoring_systems/saving_radio_stations_automatically.dita
2026-05-15 06:28:26,262 [INFO] layers.layer6_fix_agent: L6/Suggest tmpl missing_prodname operator_s_station_and_monitoring_systems/saving_radio_stations_manually.dita
2026-05-15 06:28:26,262 [INFO] layers.layer6_fix_agent: L6/Suggest tmpl missing_prodname operator_s_station_and_monitoring_systems/seat_heater_switch_if_equipped.dita
2026-05-15 06:28:26,262 [INFO] layers.layer6_fix_agent: L6/Suggest tmpl missing_prodname operator_s_station_and_monitoring_systems/setting_the_region_of_radio_reception.dita
2026-05-15 06:28:26,263 [INFO] layers.layer6_fix_agent: L6/Suggest tmpl missing_prodname operator_s_station_and_monitoring_systems/tilt_lever.dita
2026-05-15 06:28:26,263 [INFO] layers.layer6_fix_agent: L6/Suggest tmpl missing_prodname operator_s_station_and_monitoring_systems/tuning_in_a_station.dita
2026-05-15 06:28:26,263 [INFO] layers.layer6_fix_agent: L6/Suggest tmpl missing_prodname operator_s_station_and_monitoring_systems/turning_the_unit_on_off.dita
2026-05-15 06:28:26,263 [INFO] layers.layer6_fix_agent: L6/Suggest tmpl missing_prodname operator_s_station_and_monitoring_systems/upper_rear_wipers_and_washer_switch.dita
2026-05-15 06:28:26,263 [INFO] layers.layer6_fix_agent: L6/Suggest tmpl missing_prodname operator_s_station_and_monitoring_systems/weight_scale_mode_option_hydraulic_type.dita
2026-05-15 06:28:26,264 [INFO] layers.layer6_fix_agent: L6/Suggest tmpl missing_prodname operator_s_station_and_monitoring_systems/wired_remote_controller.dita
2026-05-15 06:28:26,264 [INFO] layers.layer6_fix_agent: L6/Suggest tmpl missing_prodname operator_s_warning_and_identification_plate/attachment_abbreviations_includes_special_forks.dita
2026-05-15 06:28:26,264 [INFO] layers.layer6_fix_agent: L6/Suggest tmpl missing_prodname operator_s_warning_and_identification_plate/identification_lift_capacity_and_attachment_plate.dita
2026-05-15 06:28:26,264 [INFO] layers.layer6_fix_agent: L6/Suggest tmpl missing_prodname operator_s_warning_and_identification_plate/lift_truck_capacity_rating.dita
2026-05-15 06:28:26,264 [INFO] layers.layer6_fix_agent: L6/Suggest tmpl missing_prodname operator_s_warning_and_identification_plate/mast_abbreviations.dita
2026-05-15 06:28:26,265 [INFO] layers.layer6_fix_agent: L6/Suggest tmpl missing_prodname operator_s_warning_and_identification_plate/operator_s_warning_and_identification_plate.dita
2026-05-15 06:28:26,265 [INFO] layers.layer6_fix_agent: L6/Suggest tmpl missing_prodname operator_s_warning_and_identification_plate/operator_s_warning_plate.dita
2026-05-15 06:28:26,265 [INFO] layers.layer6_fix_agent: L6/Suggest tmpl missing_prodname safety/batteries.dita
2026-05-15 06:28:26,265 [INFO] layers.layer6_fix_agent: L6/Suggest tmpl missing_prodname safety/before_operating_the_lift_truck.dita
2026-05-15 06:28:26,265 [INFO] layers.layer6_fix_agent: L6/Suggest tmpl missing_prodname safety/before_starting_the_lift_truck.dita
2026-05-15 06:28:26,266 [INFO] layers.layer6_fix_agent: L6/Suggest tmpl missing_prodname safety/capacity_load_weight_and_load_centre.dita
2026-05-15 06:28:26,266 [INFO] layers.layer6_fix_agent: L6/Suggest tmpl missing_prodname safety/centre_of_gravity_cg.dita
2026-05-15 06:28:26,266 [INFO] layers.layer6_fix_agent: L6/Suggest tmpl missing_prodname safety/coolant.dita
2026-05-15 06:28:26,266 [INFO] layers.layer6_fix_agent: L6/Suggest tmpl missing_prodname safety/crushing_or_cutting_prevention.dita
2026-05-15 06:28:26,266 [INFO] layers.layer6_fix_agent: L6/Suggest tmpl missing_prodname safety/emergency_lowering_guide.dita
2026-05-15 06:28:26,267 [INFO] layers.layer6_fix_agent: L6/Suggest tmpl missing_prodname safety/falling_objects_protective_structure_fops.dita
2026-05-15 06:28:26,267 [INFO] layers.layer6_fix_agent: L6/Suggest tmpl missing_prodname safety/fasten_the_seat_belt.dita
2026-05-15 06:28:26,267 [INFO] layers.layer6_fix_agent: L6/Suggest tmpl missing_prodname safety/fire_extinguisher.dita
2026-05-15 06:28:26,267 [INFO] layers.layer6_fix_agent: L6/Suggest tmpl missing_prodname safety/fire_or_explosion_prevention.dita
2026-05-15 06:28:26,267 [INFO] layers.layer6_fix_agent: L6/Suggest tmpl missing_prodname safety/fluid_penetration.dita
2026-05-15 06:28:26,268 [INFO] layers.layer6_fix_agent: L6/Suggest tmpl missing_prodname safety/general_hazard_information.dita
2026-05-15 06:28:26,268 [INFO] layers.layer6_fix_agent: L6/Suggest tmpl missing_prodname safety/general_warnings_to_operator.dita
2026-05-15 06:28:26,268 [INFO] layers.layer6_fix_agent: L6/Suggest tmpl missing_prodname safety/hand_placement_warning.dita
2026-05-15 06:28:26,268 [INFO] layers.layer6_fix_agent: L6/Suggest tmpl missing_prodname safety/how_to_survive_in_a_tipover.dita
2026-05-15 06:28:26,268 [INFO] layers.layer6_fix_agent: L6/Suggest tmpl missing_prodname safety/inspection.dita
2026-05-15 06:28:26,269 [INFO] layers.layer6_fix_agent: L6/Suggest tmpl missing_prodname safety/lift_truck_parking.dita
2026-05-15 06:28:26,269 [INFO] layers.layer6_fix_agent: L6/Suggest tmpl missing_prodname safety/lift_truck_stability.dita
2026-05-15 06:28:26,269 [INFO] layers.layer6_fix_agent: L6/Suggest tmpl missing_prodname safety/lift_truck_stability_base.dita
2026-05-15 06:28:26,269 [INFO] layers.layer6_fix_agent: L6/Suggest tmpl missing_prodname safety/lines_tubes_and_hoses.dita
2026-05-15 06:28:26,269 [INFO] layers.layer6_fix_agent: L6/Suggest tmpl missing_prodname safety/loading_or_unloading_trucks_trailers.dita
2026-05-15 06:28:26,270 [INFO] layers.layer6_fix_agent: L6/Suggest tmpl missing_prodname safety/lpg.dita
2026-05-15 06:28:26,270 [INFO] layers.layer6_fix_agent: L6/Suggest tmpl missing_prodname safety/maintenance_information.dita
2026-05-15 06:28:26,270 [INFO] layers.layer6_fix_agent: L6/Suggest tmpl missing_prodname safety/mounting_and_dismounting.dita
2026-05-15 06:28:26,270 [INFO] layers.layer6_fix_agent: L6/Suggest tmpl missing_prodname safety/moving_fan_warning.dita
2026-05-15 06:28:26,270 [INFO] layers.layer6_fix_agent: L6/Suggest tmpl missing_prodname safety/no_riders_warning.dita
2026-05-15 06:28:26,271 [INFO] layers.layer6_fix_agent: L6/Suggest tmpl missing_prodname safety/oils.dita
2026-05-15 06:28:26,271 [INFO] layers.layer6_fix_agent: L6/Suggest tmpl missing_prodname safety/operating_the_lift_truck.dita
2026-05-15 06:28:26,271 [INFO] layers.layer6_fix_agent: L6/Suggest tmpl missing_prodname safety/pressure_warning.dita
2026-05-15 06:28:26,271 [INFO] layers.layer6_fix_agent: L6/Suggest tmpl missing_prodname safety/release_the_seat_belt.dita
2026-05-15 06:28:26,271 [INFO] layers.layer6_fix_agent: L6/Suggest tmpl missing_prodname safety/safety.dita
2026-05-15 06:28:26,272 [INFO] layers.layer6_fix_agent: L6/Suggest tmpl missing_prodname safety/safety_rules.dita
2026-05-15 06:28:26,272 [INFO] layers.layer6_fix_agent: L6/Suggest tmpl missing_prodname safety/seat_adjustment.dita
2026-05-15 06:28:26,272 [INFO] layers.layer6_fix_agent: L6/Suggest tmpl missing_prodname safety/seat_belt.dita
2026-05-15 06:28:26,272 [INFO] layers.layer6_fix_agent: L6/Suggest tmpl missing_prodname safety/stability_and_centre_of_gravity.dita
2026-05-15 06:28:26,272 [INFO] layers.layer6_fix_agent: L6/Suggest tmpl missing_prodname safety/starting_the_lift_truck.dita
2026-05-15 06:28:26,273 [INFO] layers.layer6_fix_agent: L6/Suggest tmpl missing_prodname safety/tilting_cabin_operation_warning.dita
2026-05-15 06:28:26,273 [INFO] layers.layer6_fix_agent: L6/Suggest tmpl missing_prodname safety/training_required_to_operate_or_service.dita
2026-05-15 06:28:26,273 [INFO] layers.layer6_fix_agent: L6/Suggest tmpl missing_prodname safety/tyre_information.dita
2026-05-15 06:28:26,273 [INFO] layers.layer6_fix_agent: L6/Suggest tmpl missing_prodname safety/tyre_warning.dita
2026-05-15 06:28:26,273 [INFO] layers.layer6_fix_agent: L6/Suggest tmpl missing_prodname safety/warning_signs_and_labels.dita
2026-05-15 06:28:26,274 [INFO] layers.layer6_fix_agent: L6/Suggest tmpl missing_prodname safety/warning_signs_and_labels_2.dita
2026-05-15 06:28:26,274 [INFO] layers.layer6_fix_agent: L6/Suggest tmpl missing_prodname seat_switch_system/air_suspension_seat_option_grammer.dita
2026-05-15 06:28:26,274 [INFO] layers.layer6_fix_agent: L6/Suggest tmpl missing_prodname seat_switch_system/circuit_breaker.dita
2026-05-15 06:28:26,274 [INFO] layers.layer6_fix_agent: L6/Suggest tmpl missing_prodname seat_switch_system/fuse_box.dita
2026-05-15 06:28:26,274 [INFO] layers.layer6_fix_agent: L6/Suggest tmpl missing_prodname seat_switch_system/seat_adjustment_2.dita
2026-05-15 06:28:26,275 [INFO] layers.layer6_fix_agent: L6/Suggest tmpl missing_prodname seat_switch_system/seat_switch_system.dita
2026-05-15 06:28:26,275 [INFO] layers.layer6_fix_agent: L6/Suggest tmpl missing_prodname seat_switch_system/steering_column_tilting_angle_adjustment.dita
2026-05-15 06:28:26,275 [INFO] layers.layer6_fix_agent: L6/Suggest tmpl missing_prodname seat_switch_system/tow_eye.dita
2026-05-15 06:28:26,275 [INFO] layers.layer6_fix_agent: L6/Suggest tmpl missing_prodname serial_number/serial_number_locations.dita
2026-05-15 06:28:26,275 [INFO] layers.layer6_fix_agent: L6/Suggest tmpl missing_prodname specifications/specifications.dita
2026-05-15 06:28:26,276 [INFO] layers.layer6_fix_agent: L6/Suggest tmpl missing_prodname starting_the_engine/prestart_conditions.dita
2026-05-15 06:28:26,276 [INFO] layers.layer6_fix_agent: L6/Suggest tmpl missing_prodname starting_the_engine/starting_diesel_engine_at_cold.dita
2026-05-15 06:28:26,276 [INFO] layers.layer6_fix_agent: L6/Suggest tmpl missing_prodname starting_the_engine/starting_diesel_engine_at_warm_mechanical_engine.dita
2026-05-15 06:28:26,276 [INFO] layers.layer6_fix_agent: L6/Suggest tmpl missing_prodname starting_the_engine/starting_from_a_24_12_volt_external_source.dita
2026-05-15 06:28:26,276 [INFO] layers.layer6_fix_agent: L6/Suggest tmpl missing_prodname starting_the_engine/starting_with_jumper_cables.dita
2026-05-15 06:28:26,277 [INFO] layers.layer6_fix_agent: L6/Suggest tmpl missing_prodname starting_the_engine/use_of_jumper_cables.dita
2026-05-15 06:28:26,278 [INFO] layers.layer6_fix_agent: L6/Suggest ✓ 432 suggestions
2026-05-15 06:28:26,290 [INFO] layers.layer6_fix_agent: L6/Suggest ✓ saved 432 suggestions
2026-05-15 06:28:26,290 [INFO] layers.layer6_fix_agent: L6/Suggest ── Done ──
2026-05-15 06:28:26,292 [INFO] pipeline.enrich_runner: [EnrichPipeline] Layer 6 — suggestions_generated=432
2026-05-15 06:28:26,321 [INFO] pipeline.enrich_runner: [EnrichPipeline] Final element counts (post-enrichment): {'ol': 25, 'ul': 102, 'table': 29, 'image': 324, 'crosslink': 0, 'hyperlink': 0, 'concept': 116, 'task': 47, 'reference': 5, 'topic': 25}
2026-05-15 06:28:26,352 [INFO] pipeline.enrich_runner: [EnrichPipeline] Saved: /app/output/d85589d0-0895-437e-8214-fa98962ae40e/ai_reports/_agent_report.json
2026-05-15 06:28:26,360 [INFO] pipeline.enrich_runner: [EnrichPipeline] Saved: /app/output/d85589d0-0895-437e-8214-fa98962ae40e/ai_reports/pre_enrichment.json
2026-05-15 06:28:26,379 [INFO] pipeline.enrich_runner: [EnrichPipeline] Saved: /app/output/d85589d0-0895-437e-8214-fa98962ae40e/ai_reports/post_enrichment.json
2026-05-15 06:28:26,380 [INFO] pipeline.enrich_runner: =================================================================
2026-05-15 06:28:26,380 [INFO] pipeline.enrich_runner: [EnrichPipeline] JOB COMPLETED  job_id=d85589d0-0895-437e-8214-fa98962ae40e
2026-05-15 06:28:26,380 [INFO] pipeline.enrich_runner: [EnrichPipeline] Log file : /app/output/d85589d0-0895-437e-8214-fa98962ae40e/ai_logs/ai_enrichment.log
2026-05-15 06:28:26,380 [INFO] pipeline.enrich_runner: [EnrichPipeline] Reports  : /app/output/d85589d0-0895-437e-8214-fa98962ae40e/ai_reports
2026-05-15 06:28:26,380 [INFO] pipeline.enrich_runner: =================================================================
2026-05-15 06:28:26,399 [INFO] pipeline.enrich_runner: [EnrichPipeline] Raw backup deleted after successful enrichment
